========================================================================================
axis6_credit_chained15 — LCN perception + L1 substrate
epochs/task=8  batch=256  lr=0.01  n_seeds=3  spawn_cap=5  credit_thr=0.3
H_init(L1)=16  L0_width(frozen)=128  LCN=on  grid=16×8  LCN_σ=0.1
field_sigma=0.2  diff_floor=0.005  cooldown=50
========================================================================================
[datasets] loading mnist (train) ...
[datasets] loading mnist (test)  ...
[datasets] loading fashion_mnist (train) ...
[datasets] loading fashion_mnist (test)  ...
[datasets] loading emnist_letters (train) ...
[datasets] loading emnist_letters (test)  ...
Curriculum: ['mnist_0_1', 'mnist_2_3', 'mnist_4_5', 'mnist_6_7', 'mnist_8_9', 'fashion_mnist_0_1', 'fashion_mnist_2_3', 'fashion_mnist_4_5', 'fashion_mnist_6_7', 'fashion_mnist_8_9', 'emnist_letters_0_1', 'emnist_letters_2_3', 'emnist_letters_4_5', 'emnist_letters_6_7', 'emnist_letters_8_9']
Train sizes: [12665, 12089, 11263, 12183, 11800, 12000, 12000, 12000, 12000, 12000, 9600, 9600, 9600, 9600, 9600]
Eval  sizes: [2115, 2042, 1874, 1986, 1983, 2000, 2000, 2000, 2000, 2000, 1600, 1600, 1600, 1600, 1600]


========== SEED 0  ARM: BASELINE_frozen ==========
  [phase 1/15: mnist_0_1] L1.H=16  frozen=n/a
    [epoch 0] loss=0.0070 acc=1.000 H=16 spawns=0
    [epoch 1] loss=0.0013 acc=1.000 H=16 spawns=0
    [epoch 2] loss=0.0005 acc=1.000 H=16 spawns=0
    [epoch 3] loss=0.0027 acc=1.000 H=16 spawns=0
    [epoch 4] loss=0.0002 acc=1.000 H=16 spawns=0
    [epoch 5] loss=0.0089 acc=0.992 H=16 spawns=0
    [epoch 6] loss=0.0002 acc=1.000 H=16 spawns=0
    [epoch 7] loss=0.0022 acc=1.000 H=16 spawns=0
    task_aware(this)=0.998  task_aware(mean_seen)=0.998  full(this)=0.108  spawn_events=0
  [phase 2/15: mnist_2_3] L1.H=16  frozen=n/a
    [epoch 0] loss=0.1076 acc=0.930 H=16 spawns=0
    [epoch 1] loss=0.0307 acc=1.000 H=16 spawns=0
    [epoch 2] loss=0.1082 acc=0.965 H=16 spawns=0
    [epoch 3] loss=0.0169 acc=1.000 H=16 spawns=0
    [epoch 4] loss=0.0673 acc=0.947 H=16 spawns=0
    [epoch 5] loss=0.0349 acc=0.982 H=16 spawns=0
    [epoch 6] loss=0.0414 acc=0.965 H=16 spawns=0
    [epoch 7] loss=0.0496 acc=0.982 H=16 spawns=0
    task_aware(this)=0.971  task_aware(mean_seen)=0.979  full(this)=0.040  spawn_events=0
  [phase 3/15: mnist_4_5] L1.H=16  frozen=n/a
    [epoch 0] loss=0.1274 acc=0.941 H=16 spawns=0
    [epoch 1] loss=0.0799 acc=0.969 H=16 spawns=0
    [epoch 2] loss=0.0600 acc=0.980 H=16 spawns=0
    [epoch 3] loss=0.0682 acc=0.973 H=16 spawns=0
    [epoch 4] loss=0.0673 acc=0.973 H=16 spawns=0
    [epoch 5] loss=0.0183 acc=0.992 H=16 spawns=0
    [epoch 6] loss=0.0254 acc=0.996 H=16 spawns=0
    [epoch 7] loss=0.0204 acc=0.992 H=16 spawns=0
    task_aware(this)=0.981  task_aware(mean_seen)=0.928  full(this)=0.493  spawn_events=0
  [phase 4/15: mnist_6_7] L1.H=16  frozen=n/a
    [epoch 0] loss=0.0480 acc=0.987 H=16 spawns=0
    [epoch 1] loss=0.0101 acc=1.000 H=16 spawns=0
    [epoch 2] loss=0.0048 acc=1.000 H=16 spawns=0
    [epoch 3] loss=0.0180 acc=0.993 H=16 spawns=0
    [epoch 4] loss=0.0082 acc=1.000 H=16 spawns=0
    [epoch 5] loss=0.0025 acc=1.000 H=16 spawns=0
    [epoch 6] loss=0.0185 acc=0.993 H=16 spawns=0
    [epoch 7] loss=0.0049 acc=1.000 H=16 spawns=0
    task_aware(this)=0.991  task_aware(mean_seen)=0.781  full(this)=0.006  spawn_events=0
  [phase 5/15: mnist_8_9] L1.H=16  frozen=n/a
    [epoch 0] loss=0.0977 acc=0.958 H=16 spawns=0
    [epoch 1] loss=0.0140 acc=1.000 H=16 spawns=0
    [epoch 2] loss=0.0247 acc=1.000 H=16 spawns=0
    [epoch 3] loss=0.0103 acc=1.000 H=16 spawns=0
    [epoch 4] loss=0.0171 acc=1.000 H=16 spawns=0
    [epoch 5] loss=0.0236 acc=1.000 H=16 spawns=0
    [epoch 6] loss=0.0527 acc=1.000 H=16 spawns=0
    [epoch 7] loss=0.0460 acc=1.000 H=16 spawns=0
    task_aware(this)=0.971  task_aware(mean_seen)=0.700  full(this)=0.210  spawn_events=0
  [phase 6/15: fashion_mnist_0_1] L1.H=16  frozen=n/a
    [epoch 0] loss=0.1118 acc=0.955 H=16 spawns=0
    [epoch 1] loss=0.0982 acc=0.978 H=16 spawns=0
    [epoch 2] loss=0.0515 acc=0.973 H=16 spawns=0
    [epoch 3] loss=0.0436 acc=0.991 H=16 spawns=0
    [epoch 4] loss=0.1038 acc=0.955 H=16 spawns=0
    [epoch 5] loss=0.0458 acc=0.987 H=16 spawns=0
    [epoch 6] loss=0.0276 acc=0.996 H=16 spawns=0
    [epoch 7] loss=0.0324 acc=0.987 H=16 spawns=0
    task_aware(this)=0.980  task_aware(mean_seen)=0.692  full(this)=0.391  spawn_events=0
  [phase 7/15: fashion_mnist_2_3] L1.H=16  frozen=n/a
    [epoch 0] loss=0.2867 acc=0.942 H=16 spawns=0
    [epoch 1] loss=0.1834 acc=0.933 H=16 spawns=0
    [epoch 2] loss=0.1372 acc=0.951 H=16 spawns=0
    [epoch 3] loss=0.1391 acc=0.951 H=16 spawns=0
    [epoch 4] loss=0.0875 acc=0.973 H=16 spawns=0
    [epoch 5] loss=0.1682 acc=0.960 H=16 spawns=0
    [epoch 6] loss=0.1306 acc=0.951 H=16 spawns=0
    [epoch 7] loss=0.1790 acc=0.938 H=16 spawns=0
    task_aware(this)=0.961  task_aware(mean_seen)=0.667  full(this)=0.000  spawn_events=0
  [phase 8/15: fashion_mnist_4_5] L1.H=16  frozen=n/a
    [epoch 0] loss=0.0085 acc=0.996 H=16 spawns=0
    [epoch 1] loss=0.0193 acc=0.996 H=16 spawns=0
    [epoch 2] loss=0.0013 acc=1.000 H=16 spawns=0
    [epoch 3] loss=0.0022 acc=1.000 H=16 spawns=0
    [epoch 4] loss=0.0006 acc=1.000 H=16 spawns=0
    [epoch 5] loss=0.0005 acc=1.000 H=16 spawns=0
    [epoch 6] loss=0.0147 acc=0.996 H=16 spawns=0
    [epoch 7] loss=0.0012 acc=1.000 H=16 spawns=0
    task_aware(this)=0.999  task_aware(mean_seen)=0.736  full(this)=0.472  spawn_events=0
  [phase 9/15: fashion_mnist_6_7] L1.H=16  frozen=n/a
    [epoch 0] loss=0.0016 acc=1.000 H=16 spawns=0
    [epoch 1] loss=0.0011 acc=1.000 H=16 spawns=0
    [epoch 2] loss=0.0010 acc=1.000 H=16 spawns=0
    [epoch 3] loss=0.0009 acc=1.000 H=16 spawns=0
    [epoch 4] loss=0.0012 acc=1.000 H=16 spawns=0
    [epoch 5] loss=0.0018 acc=1.000 H=16 spawns=0
    [epoch 6] loss=0.0003 acc=1.000 H=16 spawns=0
    [epoch 7] loss=0.0008 acc=1.000 H=16 spawns=0
    task_aware(this)=1.000  task_aware(mean_seen)=0.641  full(this)=0.332  spawn_events=0
  [phase 10/15: fashion_mnist_8_9] L1.H=16  frozen=n/a
    [epoch 0] loss=0.1359 acc=0.942 H=16 spawns=0
    [epoch 1] loss=0.0607 acc=0.978 H=16 spawns=0
    [epoch 2] loss=0.0696 acc=0.978 H=16 spawns=0
    [epoch 3] loss=0.0198 acc=0.991 H=16 spawns=0
    [epoch 4] loss=0.0123 acc=0.996 H=16 spawns=0
    [epoch 5] loss=0.0105 acc=0.996 H=16 spawns=0
    [epoch 6] loss=0.0134 acc=0.996 H=16 spawns=0
    [epoch 7] loss=0.0243 acc=0.996 H=16 spawns=0
    task_aware(this)=0.994  task_aware(mean_seen)=0.641  full(this)=0.168  spawn_events=0
  [phase 11/15: emnist_letters_0_1] L1.H=16  frozen=n/a
    [epoch 0] loss=0.5120 acc=0.805 H=16 spawns=0
    [epoch 1] loss=0.1940 acc=0.930 H=16 spawns=0
    [epoch 2] loss=0.2747 acc=0.914 H=16 spawns=0
    [epoch 3] loss=0.1918 acc=0.922 H=16 spawns=0
    [epoch 4] loss=0.1153 acc=0.945 H=16 spawns=0
    [epoch 5] loss=0.1235 acc=0.961 H=16 spawns=0
    [epoch 6] loss=0.0974 acc=0.953 H=16 spawns=0
    [epoch 7] loss=0.0937 acc=0.961 H=16 spawns=0
    task_aware(this)=0.955  task_aware(mean_seen)=0.622  full(this)=0.000  spawn_events=0
  [phase 12/15: emnist_letters_2_3] L1.H=16  frozen=n/a
    [epoch 0] loss=0.3957 acc=0.828 H=16 spawns=0
    [epoch 1] loss=0.0880 acc=0.977 H=16 spawns=0
    [epoch 2] loss=0.0768 acc=0.984 H=16 spawns=0
    [epoch 3] loss=0.1045 acc=0.977 H=16 spawns=0
    [epoch 4] loss=0.0534 acc=0.977 H=16 spawns=0
    [epoch 5] loss=0.0757 acc=0.977 H=16 spawns=0
    [epoch 6] loss=0.1021 acc=0.961 H=16 spawns=0
    [epoch 7] loss=0.0981 acc=0.984 H=16 spawns=0
    task_aware(this)=0.970  task_aware(mean_seen)=0.623  full(this)=0.251  spawn_events=0
  [phase 13/15: emnist_letters_4_5] L1.H=16  frozen=n/a
    [epoch 0] loss=0.2132 acc=0.922 H=16 spawns=0
    [epoch 1] loss=0.1199 acc=0.961 H=16 spawns=0
    [epoch 2] loss=0.0793 acc=0.984 H=16 spawns=0
    [epoch 3] loss=0.0622 acc=0.984 H=16 spawns=0
    [epoch 4] loss=0.0618 acc=0.969 H=16 spawns=0
    [epoch 5] loss=0.0745 acc=0.969 H=16 spawns=0
    [epoch 6] loss=0.0339 acc=0.992 H=16 spawns=0
    [epoch 7] loss=0.0552 acc=0.961 H=16 spawns=0
    task_aware(this)=0.979  task_aware(mean_seen)=0.633  full(this)=0.021  spawn_events=0
  [phase 14/15: emnist_letters_6_7] L1.H=16  frozen=n/a
    [epoch 0] loss=0.4667 acc=0.789 H=16 spawns=0
    [epoch 1] loss=0.2172 acc=0.945 H=16 spawns=0
    [epoch 2] loss=0.2280 acc=0.914 H=16 spawns=0
    [epoch 3] loss=0.1206 acc=0.984 H=16 spawns=0
    [epoch 4] loss=0.1280 acc=0.969 H=16 spawns=0
    [epoch 5] loss=0.1038 acc=0.953 H=16 spawns=0
    [epoch 6] loss=0.1242 acc=0.938 H=16 spawns=0
    [epoch 7] loss=0.0741 acc=0.977 H=16 spawns=0
    task_aware(this)=0.958  task_aware(mean_seen)=0.700  full(this)=0.131  spawn_events=0
  [phase 15/15: emnist_letters_8_9] L1.H=16  frozen=n/a
    [epoch 0] loss=0.1726 acc=0.922 H=16 spawns=0
    [epoch 1] loss=0.1789 acc=0.938 H=16 spawns=0
    [epoch 2] loss=0.1617 acc=0.945 H=16 spawns=0
    [epoch 3] loss=0.1241 acc=0.961 H=16 spawns=0
    [epoch 4] loss=0.1897 acc=0.922 H=16 spawns=0
    [epoch 5] loss=0.1382 acc=0.930 H=16 spawns=0
    [epoch 6] loss=0.1582 acc=0.938 H=16 spawns=0
    [epoch 7] loss=0.1214 acc=0.953 H=16 spawns=0
    task_aware(this)=0.952  task_aware(mean_seen)=0.675  full(this)=0.042  spawn_events=0
[seed 0  arm BASELINE_frozen]  task_aware_mean=0.675  full_mean=0.058  max|drift|_ta=0.917  H=16  spawns=0  frozen=0  elapsed=26.8s

========== SEED 0  ARM: AXIS6_emerge ==========
  [phase 1/15: mnist_0_1] L1.H=16  frozen=n/a
    [epoch 0] loss=0.0031 acc=1.000 H=17 spawns=1 stress_max=0.0015 epi_A_max=0.0048 epi_B_max=0.1917
    [epoch 1] loss=0.0011 acc=1.000 H=18 spawns=2 stress_max=0.0010 epi_A_max=0.0069 epi_B_max=0.1828
    [epoch 2] loss=0.0013 acc=1.000 H=19 spawns=3 stress_max=0.0007 epi_A_max=0.0084 epi_B_max=0.1838
    [epoch 3] loss=0.0002 acc=1.000 H=20 spawns=4 stress_max=0.0005 epi_A_max=0.0088 epi_B_max=0.1679
    [epoch 4] loss=0.0203 acc=0.992 H=21 spawns=5 stress_max=0.0004 epi_A_max=0.0095 epi_B_max=0.1953
    [epoch 5] loss=0.0035 acc=1.000 H=21 spawns=5 stress_max=0.0003 epi_A_max=0.0102 epi_B_max=0.2145
    [epoch 6] loss=0.0051 acc=1.000 H=21 spawns=5 stress_max=0.0002 epi_A_max=0.0108 epi_B_max=0.2001
    [epoch 7] loss=0.0001 acc=1.000 H=21 spawns=5 stress_max=0.0001 epi_A_max=0.0112 epi_B_max=0.1760
    task_aware(this)=0.999  task_aware(mean_seen)=0.999  full(this)=0.232  spawn_events=5
  [phase 2/15: mnist_2_3] L1.H=21  frozen=n/a
    [epoch 0] loss=0.1400 acc=0.965 H=21 spawns=0 stress_max=0.0027 epi_A_max=0.0045 epi_B_max=0.2945
    [epoch 1] loss=0.1322 acc=0.947 H=22 spawns=1 stress_max=0.0031 epi_A_max=0.0110 epi_B_max=0.2842
    [epoch 2] loss=0.0684 acc=0.982 H=23 spawns=2 stress_max=0.0030 epi_A_max=0.0144 epi_B_max=0.2891
    [epoch 3] loss=0.0438 acc=0.982 H=24 spawns=3 stress_max=0.0028 epi_A_max=0.0198 epi_B_max=0.2492
    [epoch 4] loss=0.0128 acc=1.000 H=25 spawns=4 stress_max=0.0024 epi_A_max=0.0214 epi_B_max=0.1901
    [epoch 5] loss=0.0200 acc=1.000 H=26 spawns=5 stress_max=0.0022 epi_A_max=0.0231 epi_B_max=0.1951
    [epoch 6] loss=0.1412 acc=0.965 H=26 spawns=5 stress_max=0.0020 epi_A_max=0.0262 epi_B_max=0.1531
    [epoch 7] loss=0.0264 acc=1.000 H=26 spawns=5 stress_max=0.0017 epi_A_max=0.0300 epi_B_max=0.1253
    task_aware(this)=0.974  task_aware(mean_seen)=0.982  full(this)=0.002  spawn_events=5
  [phase 3/15: mnist_4_5] L1.H=26  frozen=n/a
    [epoch 0] loss=0.1317 acc=0.941 H=27 spawns=1 stress_max=0.0030 epi_A_max=0.0059 epi_B_max=0.3818
    [epoch 1] loss=0.0839 acc=0.973 H=28 spawns=2 stress_max=0.0026 epi_A_max=0.0095 epi_B_max=0.2871
    [epoch 2] loss=0.0181 acc=0.992 H=28 spawns=2 stress_max=0.0022 epi_A_max=0.0127 epi_B_max=0.2448
    [epoch 3] loss=0.0442 acc=0.984 H=29 spawns=3 stress_max=0.0020 epi_A_max=0.0153 epi_B_max=0.2072
    [epoch 4] loss=0.0767 acc=0.976 H=30 spawns=4 stress_max=0.0018 epi_A_max=0.0135 epi_B_max=0.1968
    [epoch 5] loss=0.0409 acc=0.988 H=31 spawns=5 stress_max=0.0017 epi_A_max=0.0148 epi_B_max=0.1767
    [epoch 6] loss=0.0247 acc=0.992 H=31 spawns=5 stress_max=0.0015 epi_A_max=0.0170 epi_B_max=0.1623
    [epoch 7] loss=0.0113 acc=0.996 H=31 spawns=5 stress_max=0.0013 epi_A_max=0.0191 epi_B_max=0.1450
    task_aware(this)=0.987  task_aware(mean_seen)=0.912  full(this)=0.478  spawn_events=5
  [phase 4/15: mnist_6_7] L1.H=31  frozen=n/a
    [epoch 0] loss=0.0252 acc=0.987 H=31 spawns=0 stress_max=0.0015 epi_A_max=0.0034 epi_B_max=0.3269
    [epoch 1] loss=0.0186 acc=0.993 H=32 spawns=1 stress_max=0.0011 epi_A_max=0.0057 epi_B_max=0.2450
    [epoch 2] loss=0.0173 acc=0.993 H=33 spawns=2 stress_max=0.0009 epi_A_max=0.0059 epi_B_max=0.2160
    [epoch 3] loss=0.0039 acc=1.000 H=34 spawns=3 stress_max=0.0007 epi_A_max=0.0064 epi_B_max=0.2286
    [epoch 4] loss=0.0011 acc=1.000 H=35 spawns=4 stress_max=0.0006 epi_A_max=0.0068 epi_B_max=0.2271
    [epoch 5] loss=0.0004 acc=1.000 H=36 spawns=5 stress_max=0.0004 epi_A_max=0.0067 epi_B_max=0.2263
    [epoch 6] loss=0.0071 acc=0.993 H=36 spawns=5 stress_max=0.0003 epi_A_max=0.0071 epi_B_max=0.2363
    [epoch 7] loss=0.0096 acc=0.993 H=36 spawns=5 stress_max=0.0003 epi_A_max=0.0074 epi_B_max=0.2198
    task_aware(this)=0.994  task_aware(mean_seen)=0.813  full(this)=0.243  spawn_events=5
  [phase 5/15: mnist_8_9] L1.H=36  frozen=n/a
    [epoch 0] loss=0.0250 acc=1.000 H=36 spawns=0 stress_max=0.0014 epi_A_max=0.0012 epi_B_max=0.3019
    [epoch 1] loss=0.0294 acc=1.000 H=36 spawns=0 stress_max=0.0017 epi_A_max=0.0032 epi_B_max=0.2684
    [epoch 2] loss=0.0244 acc=1.000 H=37 spawns=1 stress_max=0.0018 epi_A_max=0.0055 epi_B_max=0.2371
    [epoch 3] loss=0.0236 acc=1.000 H=38 spawns=2 stress_max=0.0020 epi_A_max=0.0079 epi_B_max=0.2433
    [epoch 4] loss=0.1474 acc=0.875 H=39 spawns=3 stress_max=0.0024 epi_A_max=0.0100 epi_B_max=0.2316
    [epoch 5] loss=0.1921 acc=0.917 H=40 spawns=4 stress_max=0.0025 epi_A_max=0.0121 epi_B_max=0.2393
    [epoch 6] loss=0.0201 acc=1.000 H=41 spawns=5 stress_max=0.0022 epi_A_max=0.0142 epi_B_max=0.2369
    [epoch 7] loss=0.0129 acc=1.000 H=41 spawns=5 stress_max=0.0020 epi_A_max=0.0162 epi_B_max=0.2425
    task_aware(this)=0.976  task_aware(mean_seen)=0.693  full(this)=0.105  spawn_events=5
  [phase 6/15: fashion_mnist_0_1] L1.H=41  frozen=n/a
    [epoch 0] loss=0.0893 acc=0.964 H=41 spawns=0 stress_max=0.0020 epi_A_max=0.0028 epi_B_max=0.4416
    [epoch 1] loss=0.0605 acc=0.973 H=42 spawns=1 stress_max=0.0019 epi_A_max=0.0050 epi_B_max=0.4001
    [epoch 2] loss=0.0525 acc=0.982 H=43 spawns=2 stress_max=0.0017 epi_A_max=0.0069 epi_B_max=0.4312
    [epoch 3] loss=0.0952 acc=0.969 H=44 spawns=3 stress_max=0.0015 epi_A_max=0.0083 epi_B_max=0.4000
    [epoch 4] loss=0.0482 acc=0.982 H=44 spawns=3 stress_max=0.0014 epi_A_max=0.0095 epi_B_max=0.3249
    [epoch 5] loss=0.0211 acc=0.996 H=45 spawns=4 stress_max=0.0013 epi_A_max=0.0100 epi_B_max=0.3073
    [epoch 6] loss=0.0414 acc=0.987 H=46 spawns=5 stress_max=0.0012 epi_A_max=0.0109 epi_B_max=0.2674
    [epoch 7] loss=0.0336 acc=0.982 H=46 spawns=5 stress_max=0.0011 epi_A_max=0.0118 epi_B_max=0.2456
    task_aware(this)=0.980  task_aware(mean_seen)=0.757  full(this)=0.498  spawn_events=5
  [phase 7/15: fashion_mnist_2_3] L1.H=46  frozen=n/a
    [epoch 0] loss=0.1007 acc=0.973 H=46 spawns=0 stress_max=0.0011 epi_A_max=0.0016 epi_B_max=0.6505
    [epoch 1] loss=0.0886 acc=0.969 H=46 spawns=0 stress_max=0.0011 epi_A_max=0.0032 epi_B_max=0.6241
    [epoch 2] loss=0.1318 acc=0.955 H=46 spawns=0 stress_max=0.0010 epi_A_max=0.0046 epi_B_max=0.5810
    [epoch 3] loss=0.1521 acc=0.951 H=47 spawns=1 stress_max=0.0012 epi_A_max=0.0054 epi_B_max=0.5904
    [epoch 4] loss=0.1277 acc=0.955 H=48 spawns=2 stress_max=0.0013 epi_A_max=0.0053 epi_B_max=0.6503
    [epoch 5] loss=0.0788 acc=0.964 H=49 spawns=3 stress_max=0.0014 epi_A_max=0.0060 epi_B_max=0.7002
    [epoch 6] loss=0.0650 acc=0.978 H=50 spawns=4 stress_max=0.0015 epi_A_max=0.0069 epi_B_max=0.6782
    [epoch 7] loss=0.0647 acc=0.978 H=51 spawns=5 stress_max=0.0015 epi_A_max=0.0076 epi_B_max=0.6706
    task_aware(this)=0.960  task_aware(mean_seen)=0.755  full(this)=0.227  spawn_events=5
  [phase 8/15: fashion_mnist_4_5] L1.H=51  frozen=n/a
    [epoch 0] loss=0.0024 acc=1.000 H=51 spawns=0 stress_max=0.0011 epi_A_max=0.0010 epi_B_max=0.3927
    [epoch 1] loss=0.0012 acc=1.000 H=51 spawns=0 stress_max=0.0007 epi_A_max=0.0017 epi_B_max=0.4135
    [epoch 2] loss=0.0223 acc=0.987 H=51 spawns=0 stress_max=0.0005 epi_A_max=0.0022 epi_B_max=0.4127
    [epoch 3] loss=0.0107 acc=0.996 H=51 spawns=0 stress_max=0.0003 epi_A_max=0.0025 epi_B_max=0.4126
    [epoch 4] loss=0.0006 acc=1.000 H=51 spawns=0 stress_max=0.0002 epi_A_max=0.0027 epi_B_max=0.4156
    [epoch 5] loss=0.0007 acc=1.000 H=51 spawns=0 stress_max=0.0002 epi_A_max=0.0029 epi_B_max=0.4532
    [epoch 6] loss=0.0003 acc=1.000 H=51 spawns=0 stress_max=0.0001 epi_A_max=0.0030 epi_B_max=0.4356
    [epoch 7] loss=0.0002 acc=1.000 H=51 spawns=0 stress_max=0.0001 epi_A_max=0.0031 epi_B_max=0.4618
    task_aware(this)=1.000  task_aware(mean_seen)=0.772  full(this)=0.213  spawn_events=0
  [phase 9/15: fashion_mnist_6_7] L1.H=51  frozen=n/a
    [epoch 0] loss=0.0016 acc=1.000 H=51 spawns=0 stress_max=0.0002 epi_A_max=0.0001 epi_B_max=0.6620
    [epoch 1] loss=0.0157 acc=0.996 H=51 spawns=0 stress_max=0.0001 epi_A_max=0.0002 epi_B_max=0.6704
    [epoch 2] loss=0.0023 acc=1.000 H=51 spawns=0 stress_max=0.0001 epi_A_max=0.0003 epi_B_max=0.6347
    [epoch 3] loss=0.0004 acc=1.000 H=51 spawns=0 stress_max=0.0000 epi_A_max=0.0003 epi_B_max=0.6154
    [epoch 4] loss=0.0004 acc=1.000 H=51 spawns=0 stress_max=0.0000 epi_A_max=0.0004 epi_B_max=0.6036
    [epoch 5] loss=0.0003 acc=1.000 H=51 spawns=0 stress_max=0.0000 epi_A_max=0.0004 epi_B_max=0.5750
    [epoch 6] loss=0.0002 acc=1.000 H=51 spawns=0 stress_max=0.0000 epi_A_max=0.0004 epi_B_max=0.5554
    [epoch 7] loss=0.0002 acc=1.000 H=51 spawns=0 stress_max=0.0000 epi_A_max=0.0005 epi_B_max=0.5400
    task_aware(this)=1.000  task_aware(mean_seen)=0.740  full(this)=0.591  spawn_events=0
  [phase 10/15: fashion_mnist_8_9] L1.H=51  frozen=n/a
    [epoch 0] loss=0.1001 acc=0.973 H=51 spawns=0 stress_max=0.0005 epi_A_max=0.0003 epi_B_max=0.7228
    [epoch 1] loss=0.0177 acc=0.987 H=51 spawns=0 stress_max=0.0005 epi_A_max=0.0008 epi_B_max=0.5618
    [epoch 2] loss=0.0380 acc=0.991 H=51 spawns=0 stress_max=0.0004 epi_A_max=0.0012 epi_B_max=0.5258
    [epoch 3] loss=0.0073 acc=1.000 H=51 spawns=0 stress_max=0.0003 epi_A_max=0.0016 epi_B_max=0.5110
    [epoch 4] loss=0.0332 acc=0.996 H=51 spawns=0 stress_max=0.0003 epi_A_max=0.0019 epi_B_max=0.5086
    [epoch 5] loss=0.0178 acc=0.987 H=51 spawns=0 stress_max=0.0002 epi_A_max=0.0022 epi_B_max=0.5189
    [epoch 6] loss=0.0006 acc=1.000 H=51 spawns=0 stress_max=0.0002 epi_A_max=0.0024 epi_B_max=0.5169
    [epoch 7] loss=0.0052 acc=0.996 H=51 spawns=0 stress_max=0.0002 epi_A_max=0.0026 epi_B_max=0.5139
    task_aware(this)=0.995  task_aware(mean_seen)=0.745  full(this)=0.347  spawn_events=0
  [phase 11/15: emnist_letters_0_1] L1.H=51  frozen=n/a
    [epoch 0] loss=0.2093 acc=0.930 H=51 spawns=0 stress_max=0.0006 epi_A_max=0.0003 epi_B_max=1.0411
    [epoch 1] loss=0.1483 acc=0.961 H=51 spawns=0 stress_max=0.0010 epi_A_max=0.0010 epi_B_max=0.9480
    [epoch 2] loss=0.1396 acc=0.953 H=51 spawns=0 stress_max=0.0015 epi_A_max=0.0018 epi_B_max=0.8215
    [epoch 3] loss=0.1627 acc=0.938 H=51 spawns=0 stress_max=0.0019 epi_A_max=0.0028 epi_B_max=0.7210
    [epoch 4] loss=0.0830 acc=0.977 H=51 spawns=0 stress_max=0.0022 epi_A_max=0.0039 epi_B_max=0.6424
    [epoch 5] loss=0.1538 acc=0.945 H=52 spawns=1 stress_max=0.0024 epi_A_max=0.0043 epi_B_max=0.5781
    [epoch 6] loss=0.1145 acc=0.961 H=52 spawns=1 stress_max=0.0025 epi_A_max=0.0052 epi_B_max=0.5248
    [epoch 7] loss=0.1551 acc=0.914 H=53 spawns=2 stress_max=0.0025 epi_A_max=0.0061 epi_B_max=0.4671
    task_aware(this)=0.956  task_aware(mean_seen)=0.797  full(this)=0.017  spawn_events=2
  [phase 12/15: emnist_letters_2_3] L1.H=53  frozen=n/a
    [epoch 0] loss=0.1658 acc=0.961 H=53 spawns=0 stress_max=0.0018 epi_A_max=0.0015 epi_B_max=0.7391
    [epoch 1] loss=0.1270 acc=0.969 H=53 spawns=0 stress_max=0.0016 epi_A_max=0.0028 epi_B_max=0.7142
    [epoch 2] loss=0.0516 acc=0.977 H=53 spawns=0 stress_max=0.0013 epi_A_max=0.0040 epi_B_max=0.6636
    [epoch 3] loss=0.0387 acc=0.992 H=53 spawns=0 stress_max=0.0011 epi_A_max=0.0050 epi_B_max=0.6156
    [epoch 4] loss=0.0308 acc=0.977 H=54 spawns=1 stress_max=0.0009 epi_A_max=0.0049 epi_B_max=0.5717
    [epoch 5] loss=0.0663 acc=0.969 H=55 spawns=2 stress_max=0.0010 epi_A_max=0.0050 epi_B_max=0.5244
    [epoch 6] loss=0.0651 acc=0.984 H=56 spawns=3 stress_max=0.0010 epi_A_max=0.0053 epi_B_max=0.4582
    [epoch 7] loss=0.0145 acc=1.000 H=57 spawns=4 stress_max=0.0010 epi_A_max=0.0058 epi_B_max=0.4207
    task_aware(this)=0.973  task_aware(mean_seen)=0.752  full(this)=0.608  spawn_events=4
  [phase 13/15: emnist_letters_4_5] L1.H=57  frozen=n/a
    [epoch 0] loss=0.1076 acc=0.953 H=57 spawns=0 stress_max=0.0014 epi_A_max=0.0007 epi_B_max=0.4782
    [epoch 1] loss=0.0977 acc=0.977 H=57 spawns=0 stress_max=0.0014 epi_A_max=0.0016 epi_B_max=0.3983
    [epoch 2] loss=0.1451 acc=0.953 H=57 spawns=0 stress_max=0.0014 epi_A_max=0.0025 epi_B_max=0.3925
    [epoch 3] loss=0.0523 acc=0.977 H=57 spawns=0 stress_max=0.0013 epi_A_max=0.0034 epi_B_max=0.3882
    [epoch 4] loss=0.0794 acc=0.969 H=57 spawns=0 stress_max=0.0012 epi_A_max=0.0043 epi_B_max=0.3472
    [epoch 5] loss=0.0434 acc=0.984 H=58 spawns=1 stress_max=0.0011 epi_A_max=0.0048 epi_B_max=0.3419
    [epoch 6] loss=0.0371 acc=0.984 H=58 spawns=1 stress_max=0.0010 epi_A_max=0.0055 epi_B_max=0.3361
    [epoch 7] loss=0.0627 acc=0.977 H=59 spawns=2 stress_max=0.0009 epi_A_max=0.0057 epi_B_max=0.3269
    task_aware(this)=0.981  task_aware(mean_seen)=0.738  full(this)=0.083  spawn_events=2
  [phase 14/15: emnist_letters_6_7] L1.H=59  frozen=n/a
    [epoch 0] loss=0.2323 acc=0.891 H=59 spawns=0 stress_max=0.0012 epi_A_max=0.0009 epi_B_max=0.8210
    [epoch 1] loss=0.2053 acc=0.914 H=59 spawns=0 stress_max=0.0015 epi_A_max=0.0019 epi_B_max=0.7688
    [epoch 2] loss=0.0999 acc=0.961 H=59 spawns=0 stress_max=0.0016 epi_A_max=0.0029 epi_B_max=0.6721
    [epoch 3] loss=0.0339 acc=0.992 H=59 spawns=0 stress_max=0.0016 epi_A_max=0.0037 epi_B_max=0.5780
    [epoch 4] loss=0.1096 acc=0.961 H=59 spawns=0 stress_max=0.0015 epi_A_max=0.0045 epi_B_max=0.5226
    [epoch 5] loss=0.1067 acc=0.961 H=60 spawns=1 stress_max=0.0015 epi_A_max=0.0051 epi_B_max=0.4876
    [epoch 6] loss=0.0391 acc=0.992 H=60 spawns=1 stress_max=0.0013 epi_A_max=0.0059 epi_B_max=0.4611
    [epoch 7] loss=0.0181 acc=0.992 H=61 spawns=2 stress_max=0.0012 epi_A_max=0.0065 epi_B_max=0.4716
    task_aware(this)=0.975  task_aware(mean_seen)=0.711  full(this)=0.034  spawn_events=2
  [phase 15/15: emnist_letters_8_9] L1.H=61  frozen=n/a
    [epoch 0] loss=0.1820 acc=0.938 H=61 spawns=0 stress_max=0.0012 epi_A_max=0.0007 epi_B_max=0.6790
    [epoch 1] loss=0.1841 acc=0.914 H=61 spawns=0 stress_max=0.0010 epi_A_max=0.0015 epi_B_max=0.7321
    [epoch 2] loss=0.1236 acc=0.953 H=61 spawns=0 stress_max=0.0010 epi_A_max=0.0024 epi_B_max=0.6660
    [epoch 3] loss=0.1944 acc=0.938 H=61 spawns=0 stress_max=0.0011 epi_A_max=0.0034 epi_B_max=0.6354
    [epoch 4] loss=0.0734 acc=0.977 H=61 spawns=0 stress_max=0.0012 epi_A_max=0.0044 epi_B_max=0.5818
    [epoch 5] loss=0.1307 acc=0.945 H=62 spawns=1 stress_max=0.0013 epi_A_max=0.0053 epi_B_max=0.5196
    [epoch 6] loss=0.1464 acc=0.953 H=63 spawns=2 stress_max=0.0013 epi_A_max=0.0062 epi_B_max=0.4915
    [epoch 7] loss=0.0476 acc=0.984 H=63 spawns=2 stress_max=0.0013 epi_A_max=0.0072 epi_B_max=0.4745
    task_aware(this)=0.950  task_aware(mean_seen)=0.584  full(this)=0.102  spawn_events=2
[seed 0  arm AXIS6_emerge]  task_aware_mean=0.584  full_mean=0.047  max|drift|_ta=0.684  H=63  spawns=47  frozen=0  elapsed=31.2s

========== SEED 0  ARM: AXIS6_credit ==========
  [phase 1/15: mnist_0_1] L1.H=16  frozen=0
    [epoch 0] loss=0.0054 acc=1.000 H=17 spawns=1 stress_max=0.0015 epi_A_max=0.0049 epi_B_max=0.1782
    [epoch 1] loss=0.0024 acc=1.000 H=18 spawns=2 stress_max=0.0010 epi_A_max=0.0065 epi_B_max=0.1725
    [epoch 2] loss=0.0001 acc=1.000 H=19 spawns=3 stress_max=0.0007 epi_A_max=0.0083 epi_B_max=0.1584
    [epoch 3] loss=0.0006 acc=1.000 H=20 spawns=4 stress_max=0.0005 epi_A_max=0.0090 epi_B_max=0.1875
    [epoch 4] loss=0.0006 acc=1.000 H=21 spawns=5 stress_max=0.0003 epi_A_max=0.0096 epi_B_max=0.1903
    [epoch 5] loss=0.0004 acc=1.000 H=21 spawns=5 stress_max=0.0002 epi_A_max=0.0099 epi_B_max=0.1833
    [epoch 6] loss=0.0016 acc=1.000 H=21 spawns=5 stress_max=0.0002 epi_A_max=0.0101 epi_B_max=0.1874
    [epoch 7] loss=0.0110 acc=0.992 H=21 spawns=5 stress_max=0.0002 epi_A_max=0.0104 epi_B_max=0.2253
    task_aware(this)=0.999  task_aware(mean_seen)=0.999  full(this)=0.104  spawn_events=5
    [credit] +12 new; total frozen = 12/21
  [phase 2/15: mnist_2_3] L1.H=21  frozen=12
    [epoch 0] loss=0.1651 acc=0.947 H=22 spawns=1 stress_max=0.0069 epi_A_max=0.0126 epi_B_max=0.4765
    [epoch 1] loss=0.0654 acc=0.965 H=23 spawns=2 stress_max=0.0053 epi_A_max=0.0261 epi_B_max=0.4805
    [epoch 2] loss=0.0580 acc=0.982 H=24 spawns=3 stress_max=0.0049 epi_A_max=0.0345 epi_B_max=0.4717
    [epoch 3] loss=0.1842 acc=0.947 H=25 spawns=4 stress_max=0.0051 epi_A_max=0.0408 epi_B_max=0.4623
    [epoch 4] loss=0.0674 acc=0.982 H=26 spawns=5 stress_max=0.0050 epi_A_max=0.0366 epi_B_max=0.4236
    [epoch 5] loss=0.1199 acc=0.947 H=26 spawns=5 stress_max=0.0049 epi_A_max=0.0467 epi_B_max=0.4209
    [epoch 6] loss=0.1410 acc=0.930 H=26 spawns=5 stress_max=0.0047 epi_A_max=0.0569 epi_B_max=0.3908
    [epoch 7] loss=0.0804 acc=0.965 H=26 spawns=5 stress_max=0.0044 epi_A_max=0.0670 epi_B_max=0.3861
    task_aware(this)=0.966  task_aware(mean_seen)=0.981  full(this)=0.139  spawn_events=5
    [credit] +4 new; total frozen = 16/26
  [phase 3/15: mnist_4_5] L1.H=26  frozen=16
    [epoch 0] loss=0.2294 acc=0.925 H=27 spawns=1 stress_max=0.0046 epi_A_max=0.0094 epi_B_max=0.4188
    [epoch 1] loss=0.0919 acc=0.973 H=28 spawns=2 stress_max=0.0037 epi_A_max=0.0145 epi_B_max=0.4193
    [epoch 2] loss=0.0376 acc=0.992 H=29 spawns=3 stress_max=0.0035 epi_A_max=0.0205 epi_B_max=0.4218
    [epoch 3] loss=0.1102 acc=0.961 H=30 spawns=4 stress_max=0.0036 epi_A_max=0.0231 epi_B_max=0.4207
    [epoch 4] loss=0.0268 acc=0.996 H=31 spawns=5 stress_max=0.0034 epi_A_max=0.0245 epi_B_max=0.4234
    [epoch 5] loss=0.0112 acc=0.996 H=31 spawns=5 stress_max=0.0032 epi_A_max=0.0277 epi_B_max=0.4193
    [epoch 6] loss=0.0185 acc=0.996 H=31 spawns=5 stress_max=0.0029 epi_A_max=0.0307 epi_B_max=0.4176
    [epoch 7] loss=0.0134 acc=0.996 H=31 spawns=5 stress_max=0.0026 epi_A_max=0.0333 epi_B_max=0.4187
    task_aware(this)=0.988  task_aware(mean_seen)=0.983  full(this)=0.326  spawn_events=5
    [credit] +2 new; total frozen = 18/31
  [phase 4/15: mnist_6_7] L1.H=31  frozen=18
    [epoch 0] loss=0.0155 acc=1.000 H=31 spawns=0 stress_max=0.0021 epi_A_max=0.0048 epi_B_max=0.3768
    [epoch 1] loss=0.0209 acc=0.993 H=32 spawns=1 stress_max=0.0014 epi_A_max=0.0068 epi_B_max=0.3780
    [epoch 2] loss=0.0020 acc=1.000 H=33 spawns=2 stress_max=0.0010 epi_A_max=0.0076 epi_B_max=0.3798
    [epoch 3] loss=0.0038 acc=1.000 H=34 spawns=3 stress_max=0.0007 epi_A_max=0.0086 epi_B_max=0.3770
    [epoch 4] loss=0.0025 acc=1.000 H=35 spawns=4 stress_max=0.0006 epi_A_max=0.0092 epi_B_max=0.3779
    [epoch 5] loss=0.0193 acc=0.980 H=36 spawns=5 stress_max=0.0006 epi_A_max=0.0100 epi_B_max=0.3790
    [epoch 6] loss=0.0258 acc=0.993 H=36 spawns=5 stress_max=0.0005 epi_A_max=0.0112 epi_B_max=0.3798
    [epoch 7] loss=0.0071 acc=0.993 H=36 spawns=5 stress_max=0.0005 epi_A_max=0.0123 epi_B_max=0.3740
    task_aware(this)=0.991  task_aware(mean_seen)=0.970  full(this)=0.675  spawn_events=5
    [credit] +2 new; total frozen = 20/36
  [phase 5/15: mnist_8_9] L1.H=36  frozen=20
    [epoch 0] loss=0.2902 acc=0.875 H=36 spawns=0 stress_max=0.0048 epi_A_max=0.0050 epi_B_max=0.3755
    [epoch 1] loss=0.0983 acc=0.917 H=37 spawns=1 stress_max=0.0055 epi_A_max=0.0080 epi_B_max=0.3836
    [epoch 2] loss=0.1881 acc=0.917 H=38 spawns=2 stress_max=0.0055 epi_A_max=0.0127 epi_B_max=0.3736
    [epoch 3] loss=0.0900 acc=0.958 H=39 spawns=3 stress_max=0.0048 epi_A_max=0.0182 epi_B_max=0.3760
    [epoch 4] loss=0.1361 acc=0.958 H=40 spawns=4 stress_max=0.0042 epi_A_max=0.0235 epi_B_max=0.3859
    [epoch 5] loss=0.0035 acc=1.000 H=41 spawns=5 stress_max=0.0033 epi_A_max=0.0286 epi_B_max=0.3800
    [epoch 6] loss=0.1009 acc=0.958 H=41 spawns=5 stress_max=0.0032 epi_A_max=0.0333 epi_B_max=0.3786
    [epoch 7] loss=0.1548 acc=0.958 H=41 spawns=5 stress_max=0.0033 epi_A_max=0.0377 epi_B_max=0.3762
    task_aware(this)=0.975  task_aware(mean_seen)=0.962  full(this)=0.195  spawn_events=5
    [credit] +3 new; total frozen = 23/41
  [phase 6/15: fashion_mnist_0_1] L1.H=41  frozen=23
    [epoch 0] loss=0.2135 acc=0.915 H=42 spawns=1 stress_max=0.0043 epi_A_max=0.0063 epi_B_max=0.6301
    [epoch 1] loss=0.0561 acc=0.987 H=43 spawns=2 stress_max=0.0034 epi_A_max=0.0122 epi_B_max=0.6346
    [epoch 2] loss=0.0666 acc=0.987 H=44 spawns=3 stress_max=0.0028 epi_A_max=0.0168 epi_B_max=0.6309
    [epoch 3] loss=0.0267 acc=0.991 H=45 spawns=4 stress_max=0.0023 epi_A_max=0.0205 epi_B_max=0.6334
    [epoch 4] loss=0.0654 acc=0.982 H=45 spawns=4 stress_max=0.0019 epi_A_max=0.0236 epi_B_max=0.6344
    [epoch 5] loss=0.0394 acc=0.987 H=46 spawns=5 stress_max=0.0019 epi_A_max=0.0267 epi_B_max=0.6390
    [epoch 6] loss=0.0758 acc=0.982 H=46 spawns=5 stress_max=0.0019 epi_A_max=0.0304 epi_B_max=0.6337
    [epoch 7] loss=0.0931 acc=0.964 H=46 spawns=5 stress_max=0.0019 epi_A_max=0.0338 epi_B_max=0.6367
    task_aware(this)=0.979  task_aware(mean_seen)=0.965  full(this)=0.368  spawn_events=5
    [credit] +2 new; total frozen = 25/46
  [phase 7/15: fashion_mnist_2_3] L1.H=46  frozen=25
    [epoch 0] loss=0.1806 acc=0.929 H=46 spawns=0 stress_max=0.0033 epi_A_max=0.0039 epi_B_max=0.6215
    [epoch 1] loss=0.1434 acc=0.960 H=47 spawns=1 stress_max=0.0036 epi_A_max=0.0073 epi_B_max=0.6283
    [epoch 2] loss=0.1277 acc=0.960 H=48 spawns=2 stress_max=0.0033 epi_A_max=0.0097 epi_B_max=0.6280
    [epoch 3] loss=0.1231 acc=0.946 H=49 spawns=3 stress_max=0.0030 epi_A_max=0.0118 epi_B_max=0.6256
    [epoch 4] loss=0.1036 acc=0.960 H=50 spawns=4 stress_max=0.0030 epi_A_max=0.0141 epi_B_max=0.6282
    [epoch 5] loss=0.1381 acc=0.951 H=51 spawns=5 stress_max=0.0031 epi_A_max=0.0161 epi_B_max=0.6282
    [epoch 6] loss=0.0498 acc=0.978 H=51 spawns=5 stress_max=0.0030 epi_A_max=0.0188 epi_B_max=0.6275
    [epoch 7] loss=0.0648 acc=0.978 H=51 spawns=5 stress_max=0.0028 epi_A_max=0.0214 epi_B_max=0.6253
    task_aware(this)=0.964  task_aware(mean_seen)=0.965  full(this)=0.268  spawn_events=5
    [credit] +2 new; total frozen = 27/51
  [phase 8/15: fashion_mnist_4_5] L1.H=51  frozen=27
    [epoch 0] loss=0.0128 acc=0.996 H=51 spawns=0 stress_max=0.0019 epi_A_max=0.0028 epi_B_max=0.5078
    [epoch 1] loss=0.0017 acc=1.000 H=51 spawns=0 stress_max=0.0012 epi_A_max=0.0047 epi_B_max=0.5143
    [epoch 2] loss=0.0022 acc=1.000 H=52 spawns=1 stress_max=0.0008 epi_A_max=0.0057 epi_B_max=0.5122
    [epoch 3] loss=0.0003 acc=1.000 H=53 spawns=2 stress_max=0.0005 epi_A_max=0.0061 epi_B_max=0.5107
    [epoch 4] loss=0.0004 acc=1.000 H=54 spawns=3 stress_max=0.0003 epi_A_max=0.0065 epi_B_max=0.5074
    [epoch 5] loss=0.0142 acc=0.996 H=55 spawns=4 stress_max=0.0002 epi_A_max=0.0067 epi_B_max=0.5124
    [epoch 6] loss=0.0020 acc=1.000 H=56 spawns=5 stress_max=0.0001 epi_A_max=0.0068 epi_B_max=0.5121
    [epoch 7] loss=0.0002 acc=1.000 H=56 spawns=5 stress_max=0.0001 epi_A_max=0.0070 epi_B_max=0.5167
    task_aware(this)=0.999  task_aware(mean_seen)=0.969  full(this)=0.982  spawn_events=5
    [credit] +2 new; total frozen = 29/56
  [phase 9/15: fashion_mnist_6_7] L1.H=56  frozen=29
    [epoch 0] loss=0.0034 acc=1.000 H=56 spawns=0 stress_max=0.0009 epi_A_max=0.0008 epi_B_max=0.5360
    [epoch 1] loss=0.0165 acc=0.996 H=56 spawns=0 stress_max=0.0006 epi_A_max=0.0016 epi_B_max=0.5432
    [epoch 2] loss=0.0016 acc=1.000 H=56 spawns=0 stress_max=0.0005 epi_A_max=0.0021 epi_B_max=0.5400
    [epoch 3] loss=0.0014 acc=1.000 H=56 spawns=0 stress_max=0.0003 epi_A_max=0.0024 epi_B_max=0.5433
    [epoch 4] loss=0.0013 acc=1.000 H=56 spawns=0 stress_max=0.0002 epi_A_max=0.0027 epi_B_max=0.5394
    [epoch 5] loss=0.0011 acc=1.000 H=56 spawns=0 stress_max=0.0002 epi_A_max=0.0029 epi_B_max=0.5364
    [epoch 6] loss=0.0007 acc=1.000 H=56 spawns=0 stress_max=0.0001 epi_A_max=0.0031 epi_B_max=0.5365
    [epoch 7] loss=0.0008 acc=1.000 H=56 spawns=0 stress_max=0.0001 epi_A_max=0.0032 epi_B_max=0.5397
    task_aware(this)=0.999  task_aware(mean_seen)=0.972  full(this)=0.394  spawn_events=0
    [credit] +0 new; total frozen = 29/56
  [phase 10/15: fashion_mnist_8_9] L1.H=56  frozen=29
    [epoch 0] loss=0.0434 acc=0.982 H=56 spawns=0 stress_max=0.0011 epi_A_max=0.0008 epi_B_max=0.6350
    [epoch 1] loss=0.0331 acc=0.987 H=56 spawns=0 stress_max=0.0012 epi_A_max=0.0022 epi_B_max=0.6388
    [epoch 2] loss=0.0435 acc=0.987 H=56 spawns=0 stress_max=0.0011 epi_A_max=0.0037 epi_B_max=0.6404
    [epoch 3] loss=0.0411 acc=0.996 H=57 spawns=1 stress_max=0.0009 epi_A_max=0.0044 epi_B_max=0.6407
    [epoch 4] loss=0.0467 acc=0.982 H=58 spawns=2 stress_max=0.0010 epi_A_max=0.0039 epi_B_max=0.6400
    [epoch 5] loss=0.0381 acc=0.982 H=58 spawns=2 stress_max=0.0010 epi_A_max=0.0046 epi_B_max=0.6408
    [epoch 6] loss=0.0841 acc=0.978 H=59 spawns=3 stress_max=0.0009 epi_A_max=0.0053 epi_B_max=0.6376
    [epoch 7] loss=0.0150 acc=0.996 H=60 spawns=4 stress_max=0.0007 epi_A_max=0.0056 epi_B_max=0.6404
    task_aware(this)=0.994  task_aware(mean_seen)=0.975  full(this)=0.093  spawn_events=4
    [credit] +1 new; total frozen = 30/60
  [phase 11/15: emnist_letters_0_1] L1.H=60  frozen=30
    [epoch 0] loss=0.2121 acc=0.922 H=60 spawns=0 stress_max=0.0012 epi_A_max=0.0010 epi_B_max=0.5235
    [epoch 1] loss=0.3047 acc=0.906 H=60 spawns=0 stress_max=0.0018 epi_A_max=0.0024 epi_B_max=0.5307
    [epoch 2] loss=0.2548 acc=0.906 H=60 spawns=0 stress_max=0.0022 epi_A_max=0.0044 epi_B_max=0.5266
    [epoch 3] loss=0.3199 acc=0.891 H=61 spawns=1 stress_max=0.0025 epi_A_max=0.0069 epi_B_max=0.5252
    [epoch 4] loss=0.3289 acc=0.883 H=62 spawns=2 stress_max=0.0027 epi_A_max=0.0090 epi_B_max=0.5232
    [epoch 5] loss=0.1993 acc=0.930 H=63 spawns=3 stress_max=0.0028 epi_A_max=0.0114 epi_B_max=0.5243
    [epoch 6] loss=0.1717 acc=0.930 H=63 spawns=3 stress_max=0.0029 epi_A_max=0.0141 epi_B_max=0.5252
    [epoch 7] loss=0.2247 acc=0.930 H=64 spawns=4 stress_max=0.0028 epi_A_max=0.0160 epi_B_max=0.5279
    task_aware(this)=0.944  task_aware(mean_seen)=0.972  full(this)=0.032  spawn_events=4
    [credit] +1 new; total frozen = 31/64
  [phase 12/15: emnist_letters_2_3] L1.H=64  frozen=31
    [epoch 0] loss=0.1784 acc=0.953 H=64 spawns=0 stress_max=0.0027 epi_A_max=0.0040 epi_B_max=0.5611
    [epoch 1] loss=0.0655 acc=0.969 H=65 spawns=1 stress_max=0.0022 epi_A_max=0.0054 epi_B_max=0.5665
    [epoch 2] loss=0.0583 acc=0.977 H=66 spawns=2 stress_max=0.0018 epi_A_max=0.0071 epi_B_max=0.5679
    [epoch 3] loss=0.1076 acc=0.977 H=67 spawns=3 stress_max=0.0019 epi_A_max=0.0086 epi_B_max=0.5679
    [epoch 4] loss=0.1841 acc=0.953 H=67 spawns=3 stress_max=0.0020 epi_A_max=0.0111 epi_B_max=0.5654
    [epoch 5] loss=0.0344 acc=0.984 H=68 spawns=4 stress_max=0.0020 epi_A_max=0.0115 epi_B_max=0.5681
    [epoch 6] loss=0.1095 acc=0.953 H=69 spawns=5 stress_max=0.0020 epi_A_max=0.0124 epi_B_max=0.5674
    [epoch 7] loss=0.0415 acc=0.992 H=69 spawns=5 stress_max=0.0020 epi_A_max=0.0135 epi_B_max=0.5715
    task_aware(this)=0.974  task_aware(mean_seen)=0.972  full(this)=0.169  spawn_events=5
    [credit] +3 new; total frozen = 34/69
  [phase 13/15: emnist_letters_4_5] L1.H=69  frozen=34
    [epoch 0] loss=0.2346 acc=0.922 H=69 spawns=0 stress_max=0.0018 epi_A_max=0.0017 epi_B_max=0.5075
    [epoch 1] loss=0.2097 acc=0.883 H=69 spawns=0 stress_max=0.0022 epi_A_max=0.0038 epi_B_max=0.5118
    [epoch 2] loss=0.1017 acc=0.992 H=70 spawns=1 stress_max=0.0023 epi_A_max=0.0054 epi_B_max=0.5095
    [epoch 3] loss=0.0793 acc=0.977 H=71 spawns=2 stress_max=0.0024 epi_A_max=0.0076 epi_B_max=0.5155
    [epoch 4] loss=0.1054 acc=0.961 H=71 spawns=2 stress_max=0.0022 epi_A_max=0.0102 epi_B_max=0.5130
    [epoch 5] loss=0.1041 acc=0.977 H=72 spawns=3 stress_max=0.0020 epi_A_max=0.0115 epi_B_max=0.5150
    [epoch 6] loss=0.1155 acc=0.961 H=73 spawns=4 stress_max=0.0022 epi_A_max=0.0123 epi_B_max=0.5183
    [epoch 7] loss=0.0659 acc=0.969 H=74 spawns=5 stress_max=0.0024 epi_A_max=0.0137 epi_B_max=0.5186
    task_aware(this)=0.969  task_aware(mean_seen)=0.971  full(this)=0.083  spawn_events=5
    [credit] +2 new; total frozen = 36/74
  [phase 14/15: emnist_letters_6_7] L1.H=74  frozen=36
    [epoch 0] loss=0.3620 acc=0.844 H=74 spawns=0 stress_max=0.0025 epi_A_max=0.0022 epi_B_max=0.4928
    [epoch 1] loss=0.2579 acc=0.922 H=74 spawns=0 stress_max=0.0023 epi_A_max=0.0046 epi_B_max=0.5072
    [epoch 2] loss=0.1586 acc=0.945 H=75 spawns=1 stress_max=0.0023 epi_A_max=0.0064 epi_B_max=0.5051
    [epoch 3] loss=0.0693 acc=0.992 H=76 spawns=2 stress_max=0.0027 epi_A_max=0.0089 epi_B_max=0.5013
    [epoch 4] loss=0.1389 acc=0.945 H=77 spawns=3 stress_max=0.0029 epi_A_max=0.0108 epi_B_max=0.5040
    [epoch 5] loss=0.0768 acc=0.961 H=77 spawns=3 stress_max=0.0036 epi_A_max=0.0130 epi_B_max=0.5024
    [epoch 6] loss=0.0593 acc=0.992 H=78 spawns=4 stress_max=0.0040 epi_A_max=0.0152 epi_B_max=0.4986
    [epoch 7] loss=0.0642 acc=0.984 H=79 spawns=5 stress_max=0.0042 epi_A_max=0.0170 epi_B_max=0.5051
    task_aware(this)=0.964  task_aware(mean_seen)=0.971  full(this)=0.041  spawn_events=5
    [credit] +1 new; total frozen = 37/79
  [phase 15/15: emnist_letters_8_9] L1.H=79  frozen=37
    [epoch 0] loss=0.2743 acc=0.867 H=79 spawns=0 stress_max=0.0036 epi_A_max=0.0022 epi_B_max=0.3388
    [epoch 1] loss=0.1872 acc=0.914 H=79 spawns=0 stress_max=0.0046 epi_A_max=0.0047 epi_B_max=0.3437
    [epoch 2] loss=0.1035 acc=0.961 H=80 spawns=1 stress_max=0.0049 epi_A_max=0.0062 epi_B_max=0.3473
    [epoch 3] loss=0.1015 acc=0.969 H=81 spawns=2 stress_max=0.0047 epi_A_max=0.0082 epi_B_max=0.3452
    [epoch 4] loss=0.2370 acc=0.922 H=82 spawns=3 stress_max=0.0044 epi_A_max=0.0097 epi_B_max=0.3483
    [epoch 5] loss=0.1414 acc=0.930 H=82 spawns=3 stress_max=0.0040 epi_A_max=0.0115 epi_B_max=0.3492
    [epoch 6] loss=0.1345 acc=0.953 H=83 spawns=4 stress_max=0.0036 epi_A_max=0.0132 epi_B_max=0.3492
    [epoch 7] loss=0.0823 acc=0.984 H=84 spawns=5 stress_max=0.0033 epi_A_max=0.0148 epi_B_max=0.3438
    task_aware(this)=0.952  task_aware(mean_seen)=0.970  full(this)=0.068  spawn_events=5
    [credit] +3 new; total frozen = 40/84
[seed 0  arm AXIS6_credit]  task_aware_mean=0.970  full_mean=0.160  max|drift|_ta=0.062  H=84  spawns=68  frozen=40  elapsed=29.0s

========== SEED 0  ARM: AXIS6_credit_manifold ==========
  [phase 1/15: mnist_0_1] L1.H=16  frozen=0
    [epoch 0] loss=0.0210 acc=0.992 H=17 spawns=1 stress_max=0.0017 epi_A_max=0.0054 epi_B_max=0.2059
    [epoch 1] loss=0.0019 acc=1.000 H=18 spawns=2 stress_max=0.0011 epi_A_max=0.0083 epi_B_max=0.2059
    [epoch 2] loss=0.0001 acc=1.000 H=19 spawns=3 stress_max=0.0007 epi_A_max=0.0098 epi_B_max=0.1467
    [epoch 3] loss=0.0006 acc=1.000 H=20 spawns=4 stress_max=0.0005 epi_A_max=0.0103 epi_B_max=0.1574
    [epoch 4] loss=0.0899 acc=0.983 H=21 spawns=5 stress_max=0.0004 epi_A_max=0.0109 epi_B_max=0.1569
    [epoch 5] loss=0.0039 acc=1.000 H=21 spawns=5 stress_max=0.0003 epi_A_max=0.0117 epi_B_max=0.1827
    [epoch 6] loss=0.0001 acc=1.000 H=21 spawns=5 stress_max=0.0002 epi_A_max=0.0122 epi_B_max=0.1460
    [epoch 7] loss=0.0187 acc=0.992 H=21 spawns=5 stress_max=0.0002 epi_A_max=0.0125 epi_B_max=0.1485
    task_aware(this)=0.999  task_aware(mean_seen)=0.999  full(this)=0.408  spawn_events=5
    [credit] +11 new; total frozen = 11/21
    [manifold] stored 2 classes; total stored = 2 classes (n_l0=128)
  [phase 2/15: mnist_2_3] L1.H=21  frozen=11
    [epoch 0] loss=0.1626 acc=0.930 H=22 spawns=1 stress_max=0.0078 epi_A_max=0.0108 epi_B_max=0.1633
    [epoch 1] loss=0.1249 acc=0.947 H=23 spawns=2 stress_max=0.0079 epi_A_max=0.0198 epi_B_max=0.1621
    [epoch 2] loss=0.0750 acc=0.965 H=24 spawns=3 stress_max=0.0074 epi_A_max=0.0280 epi_B_max=0.1638
    [epoch 3] loss=0.1405 acc=0.947 H=25 spawns=4 stress_max=0.0068 epi_A_max=0.0333 epi_B_max=0.1654
    [epoch 4] loss=0.2456 acc=0.947 H=26 spawns=5 stress_max=0.0062 epi_A_max=0.0383 epi_B_max=0.1620
    [epoch 5] loss=0.0296 acc=0.982 H=26 spawns=5 stress_max=0.0057 epi_A_max=0.0445 epi_B_max=0.1621
    [epoch 6] loss=0.2488 acc=0.930 H=26 spawns=5 stress_max=0.0055 epi_A_max=0.0505 epi_B_max=0.1605
    [epoch 7] loss=0.2234 acc=0.895 H=26 spawns=5 stress_max=0.0054 epi_A_max=0.0563 epi_B_max=0.1638
    task_aware(this)=0.972  task_aware(mean_seen)=0.985  full(this)=0.004  spawn_events=5
    [credit] +3 new; total frozen = 14/26
    [manifold] stored 2 classes; total stored = 4 classes (n_l0=128)
  [phase 3/15: mnist_4_5] L1.H=26  frozen=14
    [epoch 0] loss=0.2545 acc=0.945 H=27 spawns=1 stress_max=0.0049 epi_A_max=0.0090 epi_B_max=0.1555
    [epoch 1] loss=0.2528 acc=0.980 H=28 spawns=2 stress_max=0.0044 epi_A_max=0.0155 epi_B_max=0.1756
    [epoch 2] loss=0.1736 acc=0.965 H=29 spawns=3 stress_max=0.0050 epi_A_max=0.0217 epi_B_max=0.1742
    [epoch 3] loss=0.1728 acc=0.976 H=30 spawns=4 stress_max=0.0052 epi_A_max=0.0273 epi_B_max=0.1772
    [epoch 4] loss=0.0962 acc=0.976 H=30 spawns=4 stress_max=0.0052 epi_A_max=0.0327 epi_B_max=0.1746
    [epoch 5] loss=0.1161 acc=0.980 H=31 spawns=5 stress_max=0.0051 epi_A_max=0.0391 epi_B_max=0.1748
    [epoch 6] loss=0.1031 acc=0.988 H=31 spawns=5 stress_max=0.0049 epi_A_max=0.0464 epi_B_max=0.1790
    [epoch 7] loss=0.1691 acc=0.980 H=31 spawns=5 stress_max=0.0048 epi_A_max=0.0534 epi_B_max=0.1787
    task_aware(this)=0.980  task_aware(mean_seen)=0.979  full(this)=0.001  spawn_events=5
    [credit] +1 new; total frozen = 15/31
    [manifold] stored 2 classes; total stored = 6 classes (n_l0=128)
  [phase 4/15: mnist_6_7] L1.H=31  frozen=15
    [epoch 0] loss=0.4050 acc=0.993 H=32 spawns=1 stress_max=0.0041 epi_A_max=0.0066 epi_B_max=0.1854
    [epoch 1] loss=0.4571 acc=0.974 H=33 spawns=2 stress_max=0.0028 epi_A_max=0.0104 epi_B_max=0.2619
    [epoch 2] loss=0.4010 acc=0.987 H=34 spawns=3 stress_max=0.0019 epi_A_max=0.0131 epi_B_max=0.2700
    [epoch 3] loss=0.4075 acc=0.987 H=35 spawns=4 stress_max=0.0013 epi_A_max=0.0151 epi_B_max=0.2673
    [epoch 4] loss=0.2375 acc=1.000 H=36 spawns=5 stress_max=0.0009 epi_A_max=0.0164 epi_B_max=0.2714
    [epoch 5] loss=0.4145 acc=1.000 H=36 spawns=5 stress_max=0.0007 epi_A_max=0.0174 epi_B_max=0.2846
    [epoch 6] loss=0.3003 acc=1.000 H=36 spawns=5 stress_max=0.0005 epi_A_max=0.0182 epi_B_max=0.2886
    [epoch 7] loss=0.3705 acc=1.000 H=36 spawns=5 stress_max=0.0004 epi_A_max=0.0188 epi_B_max=0.2836
    task_aware(this)=0.993  task_aware(mean_seen)=0.977  full(this)=0.000  spawn_events=5
    [credit] +3 new; total frozen = 18/36
    [manifold] stored 2 classes; total stored = 8 classes (n_l0=128)
  [phase 5/15: mnist_8_9] L1.H=36  frozen=18
    [epoch 0] loss=0.6766 acc=0.875 H=36 spawns=0 stress_max=0.0053 epi_A_max=0.0032 epi_B_max=0.3051
    [epoch 1] loss=0.5302 acc=1.000 H=37 spawns=1 stress_max=0.0045 epi_A_max=0.0090 epi_B_max=0.3000
    [epoch 2] loss=0.6226 acc=0.917 H=38 spawns=2 stress_max=0.0039 epi_A_max=0.0150 epi_B_max=0.3106
    [epoch 3] loss=0.3694 acc=0.958 H=39 spawns=3 stress_max=0.0032 epi_A_max=0.0209 epi_B_max=0.3005
    [epoch 4] loss=0.3591 acc=0.958 H=40 spawns=4 stress_max=0.0027 epi_A_max=0.0251 epi_B_max=0.3070
    [epoch 5] loss=0.3084 acc=0.958 H=41 spawns=5 stress_max=0.0031 epi_A_max=0.0294 epi_B_max=0.3057
    [epoch 6] loss=0.6648 acc=0.917 H=41 spawns=5 stress_max=0.0040 epi_A_max=0.0337 epi_B_max=0.3021
    [epoch 7] loss=0.3611 acc=0.958 H=41 spawns=5 stress_max=0.0039 epi_A_max=0.0410 epi_B_max=0.2976
    task_aware(this)=0.972  task_aware(mean_seen)=0.975  full(this)=0.000  spawn_events=5
    [credit] +3 new; total frozen = 21/41
    [manifold] stored 2 classes; total stored = 10 classes (n_l0=128)
  [phase 6/15: fashion_mnist_0_1] L1.H=41  frozen=21
    [epoch 0] loss=0.6464 acc=0.973 H=42 spawns=1 stress_max=0.0051 epi_A_max=0.0056 epi_B_max=0.3193
    [epoch 1] loss=0.5189 acc=0.978 H=43 spawns=2 stress_max=0.0033 epi_A_max=0.0095 epi_B_max=0.3197
    [epoch 2] loss=0.5326 acc=0.987 H=44 spawns=3 stress_max=0.0023 epi_A_max=0.0124 epi_B_max=0.3192
    [epoch 3] loss=0.4564 acc=0.987 H=45 spawns=4 stress_max=0.0025 epi_A_max=0.0150 epi_B_max=0.3237
    [epoch 4] loss=0.3835 acc=0.982 H=46 spawns=5 stress_max=0.0027 epi_A_max=0.0171 epi_B_max=0.3214
    [epoch 5] loss=0.5065 acc=0.973 H=46 spawns=5 stress_max=0.0027 epi_A_max=0.0193 epi_B_max=0.3231
    [epoch 6] loss=0.4839 acc=0.982 H=46 spawns=5 stress_max=0.0027 epi_A_max=0.0216 epi_B_max=0.3174
    [epoch 7] loss=0.4988 acc=0.982 H=46 spawns=5 stress_max=0.0028 epi_A_max=0.0238 epi_B_max=0.3197
    task_aware(this)=0.977  task_aware(mean_seen)=0.971  full(this)=0.000  spawn_events=5
    [credit] +1 new; total frozen = 22/46
    [manifold] stored 2 classes; total stored = 12 classes (n_l0=128)
  [phase 7/15: fashion_mnist_2_3] L1.H=46  frozen=22
    [epoch 0] loss=0.5617 acc=0.951 H=46 spawns=0 stress_max=0.0026 epi_A_max=0.0026 epi_B_max=0.3372
    [epoch 1] loss=0.4186 acc=0.969 H=47 spawns=1 stress_max=0.0025 epi_A_max=0.0048 epi_B_max=0.3418
    [epoch 2] loss=0.4365 acc=0.978 H=47 spawns=1 stress_max=0.0021 epi_A_max=0.0073 epi_B_max=0.3421
    [epoch 3] loss=0.4409 acc=0.960 H=48 spawns=2 stress_max=0.0025 epi_A_max=0.0096 epi_B_max=0.3435
    [epoch 4] loss=0.3362 acc=0.991 H=49 spawns=3 stress_max=0.0027 epi_A_max=0.0109 epi_B_max=0.3433
    [epoch 5] loss=0.5801 acc=0.969 H=50 spawns=4 stress_max=0.0030 epi_A_max=0.0128 epi_B_max=0.3435
    [epoch 6] loss=0.5791 acc=0.960 H=51 spawns=5 stress_max=0.0031 epi_A_max=0.0142 epi_B_max=0.3386
    [epoch 7] loss=0.5339 acc=0.973 H=51 spawns=5 stress_max=0.0032 epi_A_max=0.0163 epi_B_max=0.3414
    task_aware(this)=0.964  task_aware(mean_seen)=0.967  full(this)=0.000  spawn_events=5
    [credit] +2 new; total frozen = 24/51
    [manifold] stored 2 classes; total stored = 14 classes (n_l0=128)
  [phase 8/15: fashion_mnist_4_5] L1.H=51  frozen=24
    [epoch 0] loss=0.4772 acc=0.996 H=51 spawns=0 stress_max=0.0022 epi_A_max=0.0020 epi_B_max=0.3398
    [epoch 1] loss=0.4299 acc=0.996 H=51 spawns=0 stress_max=0.0014 epi_A_max=0.0034 epi_B_max=0.3469
    [epoch 2] loss=0.6071 acc=1.000 H=51 spawns=0 stress_max=0.0010 epi_A_max=0.0044 epi_B_max=0.3439
    [epoch 3] loss=0.3788 acc=0.996 H=52 spawns=1 stress_max=0.0006 epi_A_max=0.0050 epi_B_max=0.3442
    [epoch 4] loss=0.4734 acc=0.996 H=53 spawns=2 stress_max=0.0004 epi_A_max=0.0053 epi_B_max=0.3431
    [epoch 5] loss=0.4277 acc=1.000 H=53 spawns=2 stress_max=0.0003 epi_A_max=0.0056 epi_B_max=0.3428
    [epoch 6] loss=0.4658 acc=1.000 H=54 spawns=3 stress_max=0.0002 epi_A_max=0.0058 epi_B_max=0.3407
    [epoch 7] loss=0.4139 acc=1.000 H=55 spawns=4 stress_max=0.0002 epi_A_max=0.0058 epi_B_max=0.3441
    task_aware(this)=0.999  task_aware(mean_seen)=0.971  full(this)=0.000  spawn_events=4
    [credit] +1 new; total frozen = 25/55
    [manifold] stored 2 classes; total stored = 16 classes (n_l0=128)
  [phase 9/15: fashion_mnist_6_7] L1.H=55  frozen=25
    [epoch 0] loss=0.4331 acc=1.000 H=55 spawns=0 stress_max=0.0007 epi_A_max=0.0008 epi_B_max=0.3786
    [epoch 1] loss=0.4443 acc=1.000 H=55 spawns=0 stress_max=0.0005 epi_A_max=0.0014 epi_B_max=0.3804
    [epoch 2] loss=0.4061 acc=1.000 H=55 spawns=0 stress_max=0.0004 epi_A_max=0.0019 epi_B_max=0.3801
    [epoch 3] loss=0.5044 acc=1.000 H=55 spawns=0 stress_max=0.0003 epi_A_max=0.0022 epi_B_max=0.3766
    [epoch 4] loss=0.3472 acc=1.000 H=55 spawns=0 stress_max=0.0002 epi_A_max=0.0025 epi_B_max=0.3811
    [epoch 5] loss=0.4824 acc=1.000 H=55 spawns=0 stress_max=0.0001 epi_A_max=0.0027 epi_B_max=0.3789
    [epoch 6] loss=0.4437 acc=1.000 H=55 spawns=0 stress_max=0.0001 epi_A_max=0.0029 epi_B_max=0.3752
    [epoch 7] loss=0.4331 acc=1.000 H=55 spawns=0 stress_max=0.0001 epi_A_max=0.0030 epi_B_max=0.3766
    task_aware(this)=0.999  task_aware(mean_seen)=0.974  full(this)=0.000  spawn_events=0
    [credit] +0 new; total frozen = 25/55
    [manifold] stored 2 classes; total stored = 18 classes (n_l0=128)
  [phase 10/15: fashion_mnist_8_9] L1.H=55  frozen=25
    [epoch 0] loss=0.7263 acc=0.969 H=55 spawns=0 stress_max=0.0023 epi_A_max=0.0012 epi_B_max=0.5914
    [epoch 1] loss=0.5080 acc=0.982 H=55 spawns=0 stress_max=0.0025 epi_A_max=0.0031 epi_B_max=0.5929
    [epoch 2] loss=0.6135 acc=0.969 H=55 spawns=0 stress_max=0.0025 epi_A_max=0.0049 epi_B_max=0.5970
    [epoch 3] loss=0.5850 acc=0.991 H=56 spawns=1 stress_max=0.0021 epi_A_max=0.0066 epi_B_max=0.5961
    [epoch 4] loss=0.6617 acc=1.000 H=57 spawns=2 stress_max=0.0016 epi_A_max=0.0070 epi_B_max=0.5992
    [epoch 5] loss=0.5599 acc=0.996 H=58 spawns=3 stress_max=0.0011 epi_A_max=0.0082 epi_B_max=0.5985
    [epoch 6] loss=0.5393 acc=1.000 H=59 spawns=4 stress_max=0.0007 epi_A_max=0.0090 epi_B_max=0.5954
    [epoch 7] loss=0.6107 acc=1.000 H=60 spawns=5 stress_max=0.0006 epi_A_max=0.0092 epi_B_max=0.5976
    task_aware(this)=0.994  task_aware(mean_seen)=0.977  full(this)=0.000  spawn_events=5
    [credit] +2 new; total frozen = 27/60
    [manifold] stored 2 classes; total stored = 20 classes (n_l0=128)
  [phase 11/15: emnist_letters_0_1] L1.H=60  frozen=27
    [epoch 0] loss=0.6954 acc=0.930 H=60 spawns=0 stress_max=0.0017 epi_A_max=0.0011 epi_B_max=0.3169
    [epoch 1] loss=0.7755 acc=0.938 H=60 spawns=0 stress_max=0.0020 epi_A_max=0.0028 epi_B_max=0.3227
    [epoch 2] loss=0.8143 acc=0.906 H=61 spawns=1 stress_max=0.0027 epi_A_max=0.0052 epi_B_max=0.3228
    [epoch 3] loss=0.5775 acc=0.945 H=61 spawns=1 stress_max=0.0033 epi_A_max=0.0079 epi_B_max=0.3251
    [epoch 4] loss=0.8096 acc=0.938 H=62 spawns=2 stress_max=0.0033 epi_A_max=0.0106 epi_B_max=0.3258
    [epoch 5] loss=0.7562 acc=0.922 H=63 spawns=3 stress_max=0.0031 epi_A_max=0.0120 epi_B_max=0.3231
    [epoch 6] loss=0.6281 acc=0.961 H=64 spawns=4 stress_max=0.0034 epi_A_max=0.0145 epi_B_max=0.3244
    [epoch 7] loss=0.7111 acc=0.969 H=64 spawns=4 stress_max=0.0041 epi_A_max=0.0175 epi_B_max=0.3276
    task_aware(this)=0.956  task_aware(mean_seen)=0.974  full(this)=0.000  spawn_events=4
    [credit] +2 new; total frozen = 29/64
    [manifold] stored 2 classes; total stored = 22 classes (n_l0=128)
  [phase 12/15: emnist_letters_2_3] L1.H=64  frozen=29
    [epoch 0] loss=0.9174 acc=0.875 H=64 spawns=0 stress_max=0.0038 epi_A_max=0.0032 epi_B_max=0.4033
    [epoch 1] loss=1.0272 acc=0.906 H=65 spawns=1 stress_max=0.0048 epi_A_max=0.0058 epi_B_max=0.4096
    [epoch 2] loss=0.8075 acc=0.953 H=66 spawns=2 stress_max=0.0047 epi_A_max=0.0084 epi_B_max=0.4104
    [epoch 3] loss=0.7177 acc=0.984 H=66 spawns=2 stress_max=0.0040 epi_A_max=0.0110 epi_B_max=0.4046
    [epoch 4] loss=0.6311 acc=0.977 H=67 spawns=3 stress_max=0.0032 epi_A_max=0.0127 epi_B_max=0.4064
    [epoch 5] loss=0.6966 acc=0.977 H=68 spawns=4 stress_max=0.0029 epi_A_max=0.0149 epi_B_max=0.4074
    [epoch 6] loss=0.8461 acc=0.992 H=69 spawns=5 stress_max=0.0031 epi_A_max=0.0143 epi_B_max=0.4080
    [epoch 7] loss=0.7322 acc=0.977 H=69 spawns=5 stress_max=0.0031 epi_A_max=0.0157 epi_B_max=0.4094
    task_aware(this)=0.975  task_aware(mean_seen)=0.970  full(this)=0.000  spawn_events=5
    [credit] +3 new; total frozen = 32/69
    [manifold] stored 2 classes; total stored = 24 classes (n_l0=128)
  [phase 13/15: emnist_letters_4_5] L1.H=69  frozen=32
    [epoch 0] loss=0.9836 acc=0.906 H=69 spawns=0 stress_max=0.0027 epi_A_max=0.0022 epi_B_max=0.3404
    [epoch 1] loss=0.8815 acc=0.930 H=69 spawns=0 stress_max=0.0037 epi_A_max=0.0044 epi_B_max=0.3490
    [epoch 2] loss=0.8822 acc=0.922 H=70 spawns=1 stress_max=0.0042 epi_A_max=0.0065 epi_B_max=0.3467
    [epoch 3] loss=0.8516 acc=0.930 H=71 spawns=2 stress_max=0.0041 epi_A_max=0.0087 epi_B_max=0.3481
    [epoch 4] loss=0.8401 acc=0.914 H=72 spawns=3 stress_max=0.0041 epi_A_max=0.0116 epi_B_max=0.3510
    [epoch 5] loss=0.7494 acc=0.914 H=72 spawns=3 stress_max=0.0042 epi_A_max=0.0149 epi_B_max=0.3482
    [epoch 6] loss=0.7150 acc=0.953 H=73 spawns=4 stress_max=0.0037 epi_A_max=0.0183 epi_B_max=0.3449
    [epoch 7] loss=0.8309 acc=0.961 H=74 spawns=5 stress_max=0.0033 epi_A_max=0.0208 epi_B_max=0.3472
    task_aware(this)=0.973  task_aware(mean_seen)=0.968  full(this)=0.001  spawn_events=5
    [credit] +3 new; total frozen = 35/74
    [manifold] stored 2 classes; total stored = 26 classes (n_l0=128)
  [phase 14/15: emnist_letters_6_7] L1.H=74  frozen=35
    [epoch 0] loss=0.9727 acc=0.828 H=74 spawns=0 stress_max=0.0034 epi_A_max=0.0032 epi_B_max=0.2567
    [epoch 1] loss=0.9097 acc=0.891 H=75 spawns=1 stress_max=0.0036 epi_A_max=0.0063 epi_B_max=0.2588
    [epoch 2] loss=0.9134 acc=0.906 H=76 spawns=2 stress_max=0.0037 epi_A_max=0.0095 epi_B_max=0.2587
    [epoch 3] loss=0.7245 acc=0.953 H=76 spawns=2 stress_max=0.0038 epi_A_max=0.0131 epi_B_max=0.2599
    [epoch 4] loss=0.7515 acc=0.969 H=77 spawns=3 stress_max=0.0036 epi_A_max=0.0163 epi_B_max=0.2567
    [epoch 5] loss=0.6470 acc=0.953 H=78 spawns=4 stress_max=0.0033 epi_A_max=0.0189 epi_B_max=0.2575
    [epoch 6] loss=0.8172 acc=0.992 H=79 spawns=5 stress_max=0.0039 epi_A_max=0.0214 epi_B_max=0.2583
    [epoch 7] loss=0.7004 acc=0.969 H=79 spawns=5 stress_max=0.0043 epi_A_max=0.0235 epi_B_max=0.2617
    task_aware(this)=0.966  task_aware(mean_seen)=0.965  full(this)=0.000  spawn_events=5
    [credit] +1 new; total frozen = 36/79
    [manifold] stored 2 classes; total stored = 28 classes (n_l0=128)
  [phase 15/15: emnist_letters_8_9] L1.H=79  frozen=36
    [epoch 0] loss=0.8288 acc=0.922 H=79 spawns=0 stress_max=0.0040 epi_A_max=0.0034 epi_B_max=0.2158
    [epoch 1] loss=0.9201 acc=0.914 H=80 spawns=1 stress_max=0.0056 epi_A_max=0.0052 epi_B_max=0.2196
    [epoch 2] loss=0.7164 acc=0.961 H=81 spawns=2 stress_max=0.0065 epi_A_max=0.0070 epi_B_max=0.2171
    [epoch 3] loss=0.8804 acc=0.930 H=81 spawns=2 stress_max=0.0068 epi_A_max=0.0092 epi_B_max=0.2202
    [epoch 4] loss=0.9262 acc=0.922 H=82 spawns=3 stress_max=0.0066 epi_A_max=0.0118 epi_B_max=0.2193
    [epoch 5] loss=0.7236 acc=0.961 H=83 spawns=4 stress_max=0.0060 epi_A_max=0.0137 epi_B_max=0.2184
    [epoch 6] loss=0.7242 acc=0.953 H=84 spawns=5 stress_max=0.0054 epi_A_max=0.0160 epi_B_max=0.2214
    [epoch 7] loss=0.9108 acc=0.953 H=84 spawns=5 stress_max=0.0048 epi_A_max=0.0192 epi_B_max=0.2223
    task_aware(this)=0.952  task_aware(mean_seen)=0.962  full(this)=0.000  spawn_events=5
    [credit] +3 new; total frozen = 39/84
    [manifold] stored 2 classes; total stored = 30 classes (n_l0=128)
[seed 0  arm AXIS6_credit_manifold]  task_aware_mean=0.962  full_mean=0.544  max|drift|_ta=0.049  H=84  spawns=68  frozen=39  elapsed=59.9s

========== SEED 1  ARM: BASELINE_frozen ==========
  [phase 1/15: mnist_0_1] L1.H=16  frozen=n/a
    [epoch 0] loss=0.0029 acc=1.000 H=16 spawns=0
    [epoch 1] loss=0.0008 acc=1.000 H=16 spawns=0
    [epoch 2] loss=0.0047 acc=1.000 H=16 spawns=0
    [epoch 3] loss=0.0011 acc=1.000 H=16 spawns=0
    [epoch 4] loss=0.0008 acc=1.000 H=16 spawns=0
    [epoch 5] loss=0.0009 acc=1.000 H=16 spawns=0
    [epoch 6] loss=0.0003 acc=1.000 H=16 spawns=0
    [epoch 7] loss=0.0004 acc=1.000 H=16 spawns=0
    task_aware(this)=0.999  task_aware(mean_seen)=0.999  full(this)=0.248  spawn_events=0
  [phase 2/15: mnist_2_3] L1.H=16  frozen=n/a
    [epoch 0] loss=0.2132 acc=0.930 H=16 spawns=0
    [epoch 1] loss=0.0961 acc=0.982 H=16 spawns=0
    [epoch 2] loss=0.1248 acc=0.965 H=16 spawns=0
    [epoch 3] loss=0.1813 acc=0.965 H=16 spawns=0
    [epoch 4] loss=0.0798 acc=0.965 H=16 spawns=0
    [epoch 5] loss=0.1663 acc=0.912 H=16 spawns=0
    [epoch 6] loss=0.0374 acc=0.982 H=16 spawns=0
    [epoch 7] loss=0.0843 acc=0.965 H=16 spawns=0
    task_aware(this)=0.947  task_aware(mean_seen)=0.966  full(this)=0.000  spawn_events=0
  [phase 3/15: mnist_4_5] L1.H=16  frozen=n/a
    [epoch 0] loss=0.1031 acc=0.965 H=16 spawns=0
    [epoch 1] loss=0.1200 acc=0.953 H=16 spawns=0
    [epoch 2] loss=0.0813 acc=0.965 H=16 spawns=0
    [epoch 3] loss=0.0751 acc=0.976 H=16 spawns=0
    [epoch 4] loss=0.0618 acc=0.984 H=16 spawns=0
    [epoch 5] loss=0.0719 acc=0.976 H=16 spawns=0
    [epoch 6] loss=0.0516 acc=0.980 H=16 spawns=0
    [epoch 7] loss=0.0385 acc=0.984 H=16 spawns=0
    task_aware(this)=0.987  task_aware(mean_seen)=0.897  full(this)=0.002  spawn_events=0
  [phase 4/15: mnist_6_7] L1.H=16  frozen=n/a
    [epoch 0] loss=0.0527 acc=0.974 H=16 spawns=0
    [epoch 1] loss=0.0698 acc=0.980 H=16 spawns=0
    [epoch 2] loss=0.0329 acc=0.993 H=16 spawns=0
    [epoch 3] loss=0.0275 acc=0.987 H=16 spawns=0
    [epoch 4] loss=0.0126 acc=0.993 H=16 spawns=0
    [epoch 5] loss=0.0025 acc=1.000 H=16 spawns=0
    [epoch 6] loss=0.0372 acc=0.987 H=16 spawns=0
    [epoch 7] loss=0.0009 acc=1.000 H=16 spawns=0
    task_aware(this)=0.993  task_aware(mean_seen)=0.815  full(this)=0.000  spawn_events=0
  [phase 5/15: mnist_8_9] L1.H=16  frozen=n/a
    [epoch 0] loss=0.0498 acc=1.000 H=16 spawns=0
    [epoch 1] loss=0.2159 acc=0.958 H=16 spawns=0
    [epoch 2] loss=0.0369 acc=1.000 H=16 spawns=0
    [epoch 3] loss=0.0995 acc=0.958 H=16 spawns=0
    [epoch 4] loss=0.1167 acc=0.917 H=16 spawns=0
    [epoch 5] loss=0.2506 acc=0.917 H=16 spawns=0
    [epoch 6] loss=0.0172 acc=1.000 H=16 spawns=0
    [epoch 7] loss=0.0500 acc=0.958 H=16 spawns=0
    task_aware(this)=0.970  task_aware(mean_seen)=0.809  full(this)=0.006  spawn_events=0
  [phase 6/15: fashion_mnist_0_1] L1.H=16  frozen=n/a
    [epoch 0] loss=0.0956 acc=0.969 H=16 spawns=0
    [epoch 1] loss=0.0505 acc=0.978 H=16 spawns=0
    [epoch 2] loss=0.0792 acc=0.973 H=16 spawns=0
    [epoch 3] loss=0.0700 acc=0.978 H=16 spawns=0
    [epoch 4] loss=0.0471 acc=0.978 H=16 spawns=0
    [epoch 5] loss=0.0669 acc=0.973 H=16 spawns=0
    [epoch 6] loss=0.0731 acc=0.973 H=16 spawns=0
    [epoch 7] loss=0.0517 acc=0.987 H=16 spawns=0
    task_aware(this)=0.980  task_aware(mean_seen)=0.681  full(this)=0.417  spawn_events=0
  [phase 7/15: fashion_mnist_2_3] L1.H=16  frozen=n/a
    [epoch 0] loss=0.2034 acc=0.955 H=16 spawns=0
    [epoch 1] loss=0.1412 acc=0.951 H=16 spawns=0
    [epoch 2] loss=0.0994 acc=0.973 H=16 spawns=0
    [epoch 3] loss=0.1421 acc=0.964 H=16 spawns=0
    [epoch 4] loss=0.0794 acc=0.969 H=16 spawns=0
    [epoch 5] loss=0.0568 acc=0.982 H=16 spawns=0
    [epoch 6] loss=0.1324 acc=0.951 H=16 spawns=0
    [epoch 7] loss=0.1775 acc=0.938 H=16 spawns=0
    task_aware(this)=0.960  task_aware(mean_seen)=0.701  full(this)=0.000  spawn_events=0
  [phase 8/15: fashion_mnist_4_5] L1.H=16  frozen=n/a
    [epoch 0] loss=0.0751 acc=0.978 H=16 spawns=0
    [epoch 1] loss=0.0204 acc=0.996 H=16 spawns=0
    [epoch 2] loss=0.0047 acc=1.000 H=16 spawns=0
    [epoch 3] loss=0.0037 acc=1.000 H=16 spawns=0
    [epoch 4] loss=0.0024 acc=1.000 H=16 spawns=0
    [epoch 5] loss=0.0028 acc=1.000 H=16 spawns=0
    [epoch 6] loss=0.0018 acc=1.000 H=16 spawns=0
    [epoch 7] loss=0.0009 acc=1.000 H=16 spawns=0
    task_aware(this)=0.999  task_aware(mean_seen)=0.597  full(this)=0.000  spawn_events=0
  [phase 9/15: fashion_mnist_6_7] L1.H=16  frozen=n/a
    [epoch 0] loss=0.0086 acc=0.996 H=16 spawns=0
    [epoch 1] loss=0.0034 acc=1.000 H=16 spawns=0
    [epoch 2] loss=0.0009 acc=1.000 H=16 spawns=0
    [epoch 3] loss=0.0012 acc=1.000 H=16 spawns=0
    [epoch 4] loss=0.0007 acc=1.000 H=16 spawns=0
    [epoch 5] loss=0.0012 acc=1.000 H=16 spawns=0
    [epoch 6] loss=0.0004 acc=1.000 H=16 spawns=0
    [epoch 7] loss=0.0017 acc=1.000 H=16 spawns=0
    task_aware(this)=0.999  task_aware(mean_seen)=0.644  full(this)=0.000  spawn_events=0
  [phase 10/15: fashion_mnist_8_9] L1.H=16  frozen=n/a
    [epoch 0] loss=0.1459 acc=0.973 H=16 spawns=0
    [epoch 1] loss=0.0646 acc=0.982 H=16 spawns=0
    [epoch 2] loss=0.0522 acc=0.987 H=16 spawns=0
    [epoch 3] loss=0.0100 acc=1.000 H=16 spawns=0
    [epoch 4] loss=0.0287 acc=0.996 H=16 spawns=0
    [epoch 5] loss=0.0092 acc=1.000 H=16 spawns=0
    [epoch 6] loss=0.0022 acc=1.000 H=16 spawns=0
    [epoch 7] loss=0.0068 acc=1.000 H=16 spawns=0
    task_aware(this)=0.996  task_aware(mean_seen)=0.695  full(this)=0.002  spawn_events=0
  [phase 11/15: emnist_letters_0_1] L1.H=16  frozen=n/a
    [epoch 0] loss=0.3582 acc=0.805 H=16 spawns=0
    [epoch 1] loss=0.2749 acc=0.875 H=16 spawns=0
    [epoch 2] loss=0.3196 acc=0.859 H=16 spawns=0
    [epoch 3] loss=0.2023 acc=0.922 H=16 spawns=0
    [epoch 4] loss=0.2164 acc=0.922 H=16 spawns=0
    [epoch 5] loss=0.1679 acc=0.930 H=16 spawns=0
    [epoch 6] loss=0.1276 acc=0.945 H=16 spawns=0
    [epoch 7] loss=0.1493 acc=0.938 H=16 spawns=0
    task_aware(this)=0.943  task_aware(mean_seen)=0.605  full(this)=0.000  spawn_events=0
  [phase 12/15: emnist_letters_2_3] L1.H=16  frozen=n/a
    [epoch 0] loss=0.4054 acc=0.805 H=16 spawns=0
    [epoch 1] loss=0.2060 acc=0.938 H=16 spawns=0
    [epoch 2] loss=0.2034 acc=0.930 H=16 spawns=0
    [epoch 3] loss=0.0747 acc=0.992 H=16 spawns=0
    [epoch 4] loss=0.1146 acc=0.961 H=16 spawns=0
    [epoch 5] loss=0.1699 acc=0.930 H=16 spawns=0
    [epoch 6] loss=0.1087 acc=0.977 H=16 spawns=0
    [epoch 7] loss=0.0756 acc=0.977 H=16 spawns=0
    task_aware(this)=0.957  task_aware(mean_seen)=0.642  full(this)=0.055  spawn_events=0
  [phase 13/15: emnist_letters_4_5] L1.H=16  frozen=n/a
    [epoch 0] loss=0.7278 acc=0.508 H=16 spawns=0
    [epoch 1] loss=0.4363 acc=0.859 H=16 spawns=0
    [epoch 2] loss=0.2107 acc=0.922 H=16 spawns=0
    [epoch 3] loss=0.2153 acc=0.914 H=16 spawns=0
    [epoch 4] loss=0.1252 acc=0.961 H=16 spawns=0
    [epoch 5] loss=0.1346 acc=0.961 H=16 spawns=0
    [epoch 6] loss=0.1013 acc=0.953 H=16 spawns=0
    [epoch 7] loss=0.1090 acc=0.953 H=16 spawns=0
    task_aware(this)=0.961  task_aware(mean_seen)=0.677  full(this)=0.001  spawn_events=0
  [phase 14/15: emnist_letters_6_7] L1.H=16  frozen=n/a
    [epoch 0] loss=0.4320 acc=0.820 H=16 spawns=0
    [epoch 1] loss=0.1145 acc=0.961 H=16 spawns=0
    [epoch 2] loss=0.1353 acc=0.961 H=16 spawns=0
    [epoch 3] loss=0.1148 acc=0.969 H=16 spawns=0
    [epoch 4] loss=0.0646 acc=0.992 H=16 spawns=0
    [epoch 5] loss=0.0763 acc=0.969 H=16 spawns=0
    [epoch 6] loss=0.0586 acc=0.977 H=16 spawns=0
    [epoch 7] loss=0.0489 acc=0.977 H=16 spawns=0
    task_aware(this)=0.951  task_aware(mean_seen)=0.715  full(this)=0.398  spawn_events=0
  [phase 15/15: emnist_letters_8_9] L1.H=16  frozen=n/a
    [epoch 0] loss=0.4487 acc=0.828 H=16 spawns=0
    [epoch 1] loss=0.3638 acc=0.867 H=16 spawns=0
    [epoch 2] loss=0.2563 acc=0.914 H=16 spawns=0
    [epoch 3] loss=0.3068 acc=0.883 H=16 spawns=0
    [epoch 4] loss=0.2262 acc=0.906 H=16 spawns=0
    [epoch 5] loss=0.1918 acc=0.906 H=16 spawns=0
    [epoch 6] loss=0.2532 acc=0.906 H=16 spawns=0
    [epoch 7] loss=0.2056 acc=0.930 H=16 spawns=0
    task_aware(this)=0.928  task_aware(mean_seen)=0.661  full(this)=0.001  spawn_events=0
[seed 1  arm BASELINE_frozen]  task_aware_mean=0.661  full_mean=0.063  max|drift|_ta=0.514  H=16  spawns=0  frozen=0  elapsed=26.2s

========== SEED 1  ARM: AXIS6_emerge ==========
  [phase 1/15: mnist_0_1] L1.H=16  frozen=n/a
    [epoch 0] loss=0.0133 acc=1.000 H=17 spawns=1 stress_max=0.0014 epi_A_max=0.0038 epi_B_max=0.1985
    [epoch 1] loss=0.0012 acc=1.000 H=18 spawns=2 stress_max=0.0010 epi_A_max=0.0052 epi_B_max=0.1611
    [epoch 2] loss=0.0094 acc=0.992 H=19 spawns=3 stress_max=0.0008 epi_A_max=0.0067 epi_B_max=0.1758
    [epoch 3] loss=0.0009 acc=1.000 H=20 spawns=4 stress_max=0.0006 epi_A_max=0.0069 epi_B_max=0.1688
    [epoch 4] loss=0.0001 acc=1.000 H=21 spawns=5 stress_max=0.0005 epi_A_max=0.0057 epi_B_max=0.1725
    [epoch 5] loss=0.0385 acc=0.992 H=21 spawns=5 stress_max=0.0005 epi_A_max=0.0063 epi_B_max=0.1804
    [epoch 6] loss=0.0001 acc=1.000 H=21 spawns=5 stress_max=0.0004 epi_A_max=0.0067 epi_B_max=0.1747
    [epoch 7] loss=0.0002 acc=1.000 H=21 spawns=5 stress_max=0.0003 epi_A_max=0.0072 epi_B_max=0.1835
    task_aware(this)=0.999  task_aware(mean_seen)=0.999  full(this)=0.000  spawn_events=5
  [phase 2/15: mnist_2_3] L1.H=21  frozen=n/a
    [epoch 0] loss=0.1527 acc=0.930 H=22 spawns=1 stress_max=0.0040 epi_A_max=0.0062 epi_B_max=0.1952
    [epoch 1] loss=0.0760 acc=0.965 H=23 spawns=2 stress_max=0.0045 epi_A_max=0.0133 epi_B_max=0.1901
    [epoch 2] loss=0.1640 acc=0.947 H=24 spawns=3 stress_max=0.0047 epi_A_max=0.0221 epi_B_max=0.1874
    [epoch 3] loss=0.0215 acc=1.000 H=25 spawns=4 stress_max=0.0045 epi_A_max=0.0281 epi_B_max=0.1745
    [epoch 4] loss=0.1062 acc=0.965 H=26 spawns=5 stress_max=0.0043 epi_A_max=0.0340 epi_B_max=0.1739
    [epoch 5] loss=0.0427 acc=1.000 H=26 spawns=5 stress_max=0.0039 epi_A_max=0.0414 epi_B_max=0.1500
    [epoch 6] loss=0.0136 acc=1.000 H=26 spawns=5 stress_max=0.0034 epi_A_max=0.0482 epi_B_max=0.1403
    [epoch 7] loss=0.2434 acc=0.930 H=26 spawns=5 stress_max=0.0032 epi_A_max=0.0545 epi_B_max=0.1364
    task_aware(this)=0.977  task_aware(mean_seen)=0.988  full(this)=0.012  spawn_events=5
  [phase 3/15: mnist_4_5] L1.H=26  frozen=n/a
    [epoch 0] loss=0.1457 acc=0.933 H=27 spawns=1 stress_max=0.0047 epi_A_max=0.0057 epi_B_max=0.4295
    [epoch 1] loss=0.0357 acc=0.992 H=28 spawns=2 stress_max=0.0034 epi_A_max=0.0106 epi_B_max=0.1496
    [epoch 2] loss=0.0197 acc=0.992 H=29 spawns=3 stress_max=0.0024 epi_A_max=0.0143 epi_B_max=0.1168
    [epoch 3] loss=0.0501 acc=0.980 H=29 spawns=3 stress_max=0.0018 epi_A_max=0.0176 epi_B_max=0.1226
    [epoch 4] loss=0.0209 acc=0.992 H=30 spawns=4 stress_max=0.0014 epi_A_max=0.0174 epi_B_max=0.1077
    [epoch 5] loss=0.0196 acc=0.988 H=31 spawns=5 stress_max=0.0012 epi_A_max=0.0186 epi_B_max=0.1141
    [epoch 6] loss=0.0151 acc=0.996 H=31 spawns=5 stress_max=0.0010 epi_A_max=0.0199 epi_B_max=0.1159
    [epoch 7] loss=0.0038 acc=1.000 H=31 spawns=5 stress_max=0.0008 epi_A_max=0.0210 epi_B_max=0.1137
    task_aware(this)=0.993  task_aware(mean_seen)=0.902  full(this)=0.078  spawn_events=5
  [phase 4/15: mnist_6_7] L1.H=31  frozen=n/a
    [epoch 0] loss=0.0327 acc=0.987 H=31 spawns=0 stress_max=0.0012 epi_A_max=0.0015 epi_B_max=0.1893
    [epoch 1] loss=0.0135 acc=0.993 H=31 spawns=0 stress_max=0.0010 epi_A_max=0.0029 epi_B_max=0.2050
    [epoch 2] loss=0.0119 acc=0.993 H=31 spawns=0 stress_max=0.0008 epi_A_max=0.0039 epi_B_max=0.1954
    [epoch 3] loss=0.0018 acc=1.000 H=31 spawns=0 stress_max=0.0007 epi_A_max=0.0047 epi_B_max=0.1938
    [epoch 4] loss=0.0003 acc=1.000 H=32 spawns=1 stress_max=0.0005 epi_A_max=0.0053 epi_B_max=0.1911
    [epoch 5] loss=0.0114 acc=0.993 H=33 spawns=2 stress_max=0.0005 epi_A_max=0.0057 epi_B_max=0.1995
    [epoch 6] loss=0.0019 acc=1.000 H=34 spawns=3 stress_max=0.0004 epi_A_max=0.0057 epi_B_max=0.2143
    [epoch 7] loss=0.0051 acc=1.000 H=35 spawns=4 stress_max=0.0003 epi_A_max=0.0055 epi_B_max=0.2160
    task_aware(this)=0.994  task_aware(mean_seen)=0.839  full(this)=0.480  spawn_events=4
  [phase 5/15: mnist_8_9] L1.H=35  frozen=n/a
    [epoch 0] loss=0.2641 acc=0.958 H=35 spawns=0 stress_max=0.0030 epi_A_max=0.0015 epi_B_max=0.3023
    [epoch 1] loss=0.0605 acc=1.000 H=35 spawns=0 stress_max=0.0036 epi_A_max=0.0041 epi_B_max=0.3098
    [epoch 2] loss=0.0858 acc=0.917 H=36 spawns=1 stress_max=0.0036 epi_A_max=0.0068 epi_B_max=0.2931
    [epoch 3] loss=0.0109 acc=1.000 H=37 spawns=2 stress_max=0.0033 epi_A_max=0.0082 epi_B_max=0.2419
    [epoch 4] loss=0.1810 acc=0.917 H=38 spawns=3 stress_max=0.0034 epi_A_max=0.0102 epi_B_max=0.2345
    [epoch 5] loss=0.0576 acc=1.000 H=39 spawns=4 stress_max=0.0033 epi_A_max=0.0120 epi_B_max=0.2094
    [epoch 6] loss=0.1232 acc=0.958 H=40 spawns=5 stress_max=0.0030 epi_A_max=0.0135 epi_B_max=0.2156
    [epoch 7] loss=0.0093 acc=1.000 H=40 spawns=5 stress_max=0.0026 epi_A_max=0.0153 epi_B_max=0.2216
    task_aware(this)=0.978  task_aware(mean_seen)=0.801  full(this)=0.032  spawn_events=5
  [phase 6/15: fashion_mnist_0_1] L1.H=40  frozen=n/a
    [epoch 0] loss=0.0744 acc=0.973 H=40 spawns=0 stress_max=0.0024 epi_A_max=0.0025 epi_B_max=0.5473
    [epoch 1] loss=0.0562 acc=0.973 H=40 spawns=0 stress_max=0.0018 epi_A_max=0.0047 epi_B_max=0.4945
    [epoch 2] loss=0.0446 acc=0.987 H=41 spawns=1 stress_max=0.0013 epi_A_max=0.0054 epi_B_max=0.4508
    [epoch 3] loss=0.0268 acc=0.991 H=42 spawns=2 stress_max=0.0012 epi_A_max=0.0066 epi_B_max=0.3920
    [epoch 4] loss=0.0203 acc=0.996 H=43 spawns=3 stress_max=0.0011 epi_A_max=0.0074 epi_B_max=0.4167
    [epoch 5] loss=0.0306 acc=0.987 H=44 spawns=4 stress_max=0.0010 epi_A_max=0.0082 epi_B_max=0.3462
    [epoch 6] loss=0.0327 acc=0.987 H=45 spawns=5 stress_max=0.0009 epi_A_max=0.0082 epi_B_max=0.3295
    [epoch 7] loss=0.0253 acc=0.996 H=45 spawns=5 stress_max=0.0009 epi_A_max=0.0089 epi_B_max=0.3227
    task_aware(this)=0.983  task_aware(mean_seen)=0.808  full(this)=0.415  spawn_events=5
  [phase 7/15: fashion_mnist_2_3] L1.H=45  frozen=n/a
    [epoch 0] loss=0.0824 acc=0.964 H=45 spawns=0 stress_max=0.0009 epi_A_max=0.0010 epi_B_max=0.7460
    [epoch 1] loss=0.0912 acc=0.955 H=45 spawns=0 stress_max=0.0009 epi_A_max=0.0019 epi_B_max=0.8551
    [epoch 2] loss=0.1286 acc=0.946 H=45 spawns=0 stress_max=0.0011 epi_A_max=0.0030 epi_B_max=0.8599
    [epoch 3] loss=0.0658 acc=0.978 H=45 spawns=0 stress_max=0.0013 epi_A_max=0.0042 epi_B_max=0.8669
    [epoch 4] loss=0.0550 acc=0.978 H=46 spawns=1 stress_max=0.0014 epi_A_max=0.0049 epi_B_max=0.8401
    [epoch 5] loss=0.0719 acc=0.969 H=47 spawns=2 stress_max=0.0014 epi_A_max=0.0056 epi_B_max=0.8416
    [epoch 6] loss=0.1153 acc=0.955 H=48 spawns=3 stress_max=0.0014 epi_A_max=0.0064 epi_B_max=0.7926
    [epoch 7] loss=0.1021 acc=0.964 H=49 spawns=4 stress_max=0.0014 epi_A_max=0.0064 epi_B_max=0.7723
    task_aware(this)=0.965  task_aware(mean_seen)=0.737  full(this)=0.034  spawn_events=4
  [phase 8/15: fashion_mnist_4_5] L1.H=49  frozen=n/a
    [epoch 0] loss=0.0246 acc=0.991 H=49 spawns=0 stress_max=0.0011 epi_A_max=0.0013 epi_B_max=0.5947
    [epoch 1] loss=0.0179 acc=0.991 H=49 spawns=0 stress_max=0.0007 epi_A_max=0.0024 epi_B_max=0.6430
    [epoch 2] loss=0.0096 acc=0.996 H=49 spawns=0 stress_max=0.0005 epi_A_max=0.0032 epi_B_max=0.6555
    [epoch 3] loss=0.0022 acc=1.000 H=49 spawns=0 stress_max=0.0003 epi_A_max=0.0037 epi_B_max=0.6531
    [epoch 4] loss=0.0021 acc=1.000 H=49 spawns=0 stress_max=0.0002 epi_A_max=0.0041 epi_B_max=0.6406
    [epoch 5] loss=0.0004 acc=1.000 H=49 spawns=0 stress_max=0.0002 epi_A_max=0.0044 epi_B_max=0.6124
    [epoch 6] loss=0.0002 acc=1.000 H=49 spawns=0 stress_max=0.0001 epi_A_max=0.0046 epi_B_max=0.6286
    [epoch 7] loss=0.0005 acc=1.000 H=49 spawns=0 stress_max=0.0001 epi_A_max=0.0047 epi_B_max=0.6132
    task_aware(this)=0.999  task_aware(mean_seen)=0.756  full(this)=0.221  spawn_events=0
  [phase 9/15: fashion_mnist_6_7] L1.H=49  frozen=n/a
    [epoch 0] loss=0.0014 acc=1.000 H=49 spawns=0 stress_max=0.0004 epi_A_max=0.0004 epi_B_max=0.5660
    [epoch 1] loss=0.0022 acc=1.000 H=49 spawns=0 stress_max=0.0003 epi_A_max=0.0008 epi_B_max=0.5808
    [epoch 2] loss=0.0013 acc=1.000 H=49 spawns=0 stress_max=0.0002 epi_A_max=0.0011 epi_B_max=0.5734
    [epoch 3] loss=0.0022 acc=1.000 H=49 spawns=0 stress_max=0.0002 epi_A_max=0.0013 epi_B_max=0.5706
    [epoch 4] loss=0.0012 acc=1.000 H=49 spawns=0 stress_max=0.0001 epi_A_max=0.0014 epi_B_max=0.5668
    [epoch 5] loss=0.0003 acc=1.000 H=49 spawns=0 stress_max=0.0001 epi_A_max=0.0015 epi_B_max=0.5686
    [epoch 6] loss=0.0013 acc=1.000 H=49 spawns=0 stress_max=0.0001 epi_A_max=0.0016 epi_B_max=0.5739
    [epoch 7] loss=0.0023 acc=1.000 H=49 spawns=0 stress_max=0.0000 epi_A_max=0.0017 epi_B_max=0.5583
    task_aware(this)=0.999  task_aware(mean_seen)=0.754  full(this)=0.033  spawn_events=0
  [phase 10/15: fashion_mnist_8_9] L1.H=49  frozen=n/a
    [epoch 0] loss=0.0472 acc=0.987 H=49 spawns=0 stress_max=0.0007 epi_A_max=0.0006 epi_B_max=0.3731
    [epoch 1] loss=0.0074 acc=0.996 H=49 spawns=0 stress_max=0.0007 epi_A_max=0.0013 epi_B_max=0.4274
    [epoch 2] loss=0.0176 acc=0.996 H=49 spawns=0 stress_max=0.0006 epi_A_max=0.0020 epi_B_max=0.4412
    [epoch 3] loss=0.0179 acc=0.996 H=49 spawns=0 stress_max=0.0005 epi_A_max=0.0026 epi_B_max=0.4761
    [epoch 4] loss=0.0033 acc=1.000 H=49 spawns=0 stress_max=0.0004 epi_A_max=0.0031 epi_B_max=0.4593
    [epoch 5] loss=0.0006 acc=1.000 H=49 spawns=0 stress_max=0.0003 epi_A_max=0.0035 epi_B_max=0.4568
    [epoch 6] loss=0.0084 acc=0.996 H=49 spawns=0 stress_max=0.0003 epi_A_max=0.0038 epi_B_max=0.4381
    [epoch 7] loss=0.0007 acc=1.000 H=49 spawns=0 stress_max=0.0002 epi_A_max=0.0041 epi_B_max=0.4452
    task_aware(this)=0.997  task_aware(mean_seen)=0.740  full(this)=0.087  spawn_events=0
  [phase 11/15: emnist_letters_0_1] L1.H=49  frozen=n/a
    [epoch 0] loss=0.2658 acc=0.906 H=49 spawns=0 stress_max=0.0005 epi_A_max=0.0004 epi_B_max=0.5983
    [epoch 1] loss=0.1222 acc=0.961 H=49 spawns=0 stress_max=0.0016 epi_A_max=0.0010 epi_B_max=0.5476
    [epoch 2] loss=0.1203 acc=0.961 H=49 spawns=0 stress_max=0.0025 epi_A_max=0.0023 epi_B_max=0.5333
    [epoch 3] loss=0.1140 acc=0.969 H=49 spawns=0 stress_max=0.0031 epi_A_max=0.0038 epi_B_max=0.4711
    [epoch 4] loss=0.1166 acc=0.953 H=50 spawns=1 stress_max=0.0035 epi_A_max=0.0053 epi_B_max=0.4274
    [epoch 5] loss=0.0983 acc=0.977 H=50 spawns=1 stress_max=0.0038 epi_A_max=0.0069 epi_B_max=0.4158
    [epoch 6] loss=0.1263 acc=0.953 H=51 spawns=2 stress_max=0.0039 epi_A_max=0.0086 epi_B_max=0.4106
    [epoch 7] loss=0.1301 acc=0.930 H=52 spawns=3 stress_max=0.0039 epi_A_max=0.0100 epi_B_max=0.3496
    task_aware(this)=0.963  task_aware(mean_seen)=0.776  full(this)=0.134  spawn_events=3
  [phase 12/15: emnist_letters_2_3] L1.H=52  frozen=n/a
    [epoch 0] loss=0.1711 acc=0.922 H=52 spawns=0 stress_max=0.0033 epi_A_max=0.0020 epi_B_max=0.7536
    [epoch 1] loss=0.1441 acc=0.953 H=52 spawns=0 stress_max=0.0025 epi_A_max=0.0039 epi_B_max=0.7955
    [epoch 2] loss=0.0949 acc=0.953 H=53 spawns=1 stress_max=0.0020 epi_A_max=0.0049 epi_B_max=0.7159
    [epoch 3] loss=0.1489 acc=0.922 H=54 spawns=2 stress_max=0.0016 epi_A_max=0.0060 epi_B_max=0.6601
    [epoch 4] loss=0.0465 acc=0.977 H=54 spawns=2 stress_max=0.0013 epi_A_max=0.0070 epi_B_max=0.6378
    [epoch 5] loss=0.0489 acc=0.977 H=55 spawns=3 stress_max=0.0011 epi_A_max=0.0078 epi_B_max=0.6245
    [epoch 6] loss=0.1098 acc=0.977 H=56 spawns=4 stress_max=0.0010 epi_A_max=0.0083 epi_B_max=0.5850
    [epoch 7] loss=0.0270 acc=0.984 H=57 spawns=5 stress_max=0.0009 epi_A_max=0.0089 epi_B_max=0.5728
    task_aware(this)=0.971  task_aware(mean_seen)=0.669  full(this)=0.563  spawn_events=5
  [phase 13/15: emnist_letters_4_5] L1.H=57  frozen=n/a
    [epoch 0] loss=0.1414 acc=0.961 H=57 spawns=0 stress_max=0.0010 epi_A_max=0.0008 epi_B_max=0.6897
    [epoch 1] loss=0.0601 acc=0.984 H=57 spawns=0 stress_max=0.0009 epi_A_max=0.0017 epi_B_max=0.5349
    [epoch 2] loss=0.0468 acc=0.977 H=57 spawns=0 stress_max=0.0009 epi_A_max=0.0026 epi_B_max=0.4978
    [epoch 3] loss=0.0581 acc=0.977 H=57 spawns=0 stress_max=0.0010 epi_A_max=0.0035 epi_B_max=0.4641
    [epoch 4] loss=0.1096 acc=0.977 H=57 spawns=0 stress_max=0.0010 epi_A_max=0.0044 epi_B_max=0.4494
    [epoch 5] loss=0.0582 acc=0.984 H=58 spawns=1 stress_max=0.0010 epi_A_max=0.0051 epi_B_max=0.4682
    [epoch 6] loss=0.0241 acc=0.992 H=58 spawns=1 stress_max=0.0010 epi_A_max=0.0059 epi_B_max=0.4517
    [epoch 7] loss=0.0491 acc=0.984 H=59 spawns=2 stress_max=0.0010 epi_A_max=0.0064 epi_B_max=0.4703
    task_aware(this)=0.981  task_aware(mean_seen)=0.689  full(this)=0.382  spawn_events=2
  [phase 14/15: emnist_letters_6_7] L1.H=59  frozen=n/a
    [epoch 0] loss=0.1226 acc=0.969 H=59 spawns=0 stress_max=0.0012 epi_A_max=0.0008 epi_B_max=0.3885
    [epoch 1] loss=0.1684 acc=0.961 H=59 spawns=0 stress_max=0.0013 epi_A_max=0.0019 epi_B_max=0.3518
    [epoch 2] loss=0.0995 acc=0.961 H=59 spawns=0 stress_max=0.0013 epi_A_max=0.0029 epi_B_max=0.3596
    [epoch 3] loss=0.0779 acc=0.977 H=59 spawns=0 stress_max=0.0013 epi_A_max=0.0040 epi_B_max=0.3390
    [epoch 4] loss=0.0606 acc=0.969 H=60 spawns=1 stress_max=0.0012 epi_A_max=0.0050 epi_B_max=0.3285
    [epoch 5] loss=0.0541 acc=0.984 H=60 spawns=1 stress_max=0.0011 epi_A_max=0.0059 epi_B_max=0.3448
    [epoch 6] loss=0.1030 acc=0.961 H=61 spawns=2 stress_max=0.0010 epi_A_max=0.0064 epi_B_max=0.3029
    [epoch 7] loss=0.0716 acc=0.977 H=62 spawns=3 stress_max=0.0010 epi_A_max=0.0070 epi_B_max=0.3163
    task_aware(this)=0.971  task_aware(mean_seen)=0.703  full(this)=0.282  spawn_events=3
  [phase 15/15: emnist_letters_8_9] L1.H=62  frozen=n/a
    [epoch 0] loss=0.2699 acc=0.883 H=62 spawns=0 stress_max=0.0010 epi_A_max=0.0015 epi_B_max=0.4837
    [epoch 1] loss=0.1271 acc=0.945 H=62 spawns=0 stress_max=0.0012 epi_A_max=0.0026 epi_B_max=0.4402
    [epoch 2] loss=0.1065 acc=0.969 H=62 spawns=0 stress_max=0.0016 epi_A_max=0.0036 epi_B_max=0.3453
    [epoch 3] loss=0.0920 acc=0.969 H=63 spawns=1 stress_max=0.0017 epi_A_max=0.0049 epi_B_max=0.2878
    [epoch 4] loss=0.0743 acc=0.969 H=63 spawns=1 stress_max=0.0017 epi_A_max=0.0064 epi_B_max=0.2468
    [epoch 5] loss=0.1101 acc=0.938 H=64 spawns=2 stress_max=0.0017 epi_A_max=0.0075 epi_B_max=0.2405
    [epoch 6] loss=0.1151 acc=0.961 H=65 spawns=3 stress_max=0.0017 epi_A_max=0.0084 epi_B_max=0.2422
    [epoch 7] loss=0.0880 acc=0.969 H=66 spawns=4 stress_max=0.0018 epi_A_max=0.0096 epi_B_max=0.2251
    task_aware(this)=0.947  task_aware(mean_seen)=0.709  full(this)=0.134  spawn_events=4
[seed 1  arm AXIS6_emerge]  task_aware_mean=0.709  full_mean=0.096  max|drift|_ta=0.558  H=66  spawns=50  frozen=0  elapsed=30.0s

========== SEED 1  ARM: AXIS6_credit ==========
  [phase 1/15: mnist_0_1] L1.H=16  frozen=0
    [epoch 0] loss=0.0089 acc=1.000 H=17 spawns=1 stress_max=0.0014 epi_A_max=0.0039 epi_B_max=0.2365
    [epoch 1] loss=0.0006 acc=1.000 H=18 spawns=2 stress_max=0.0009 epi_A_max=0.0053 epi_B_max=0.1978
    [epoch 2] loss=0.0031 acc=1.000 H=19 spawns=3 stress_max=0.0007 epi_A_max=0.0066 epi_B_max=0.2206
    [epoch 3] loss=0.0001 acc=1.000 H=20 spawns=4 stress_max=0.0005 epi_A_max=0.0074 epi_B_max=0.2161
    [epoch 4] loss=0.0001 acc=1.000 H=21 spawns=5 stress_max=0.0004 epi_A_max=0.0064 epi_B_max=0.2252
    [epoch 5] loss=0.0041 acc=1.000 H=21 spawns=5 stress_max=0.0003 epi_A_max=0.0069 epi_B_max=0.2348
    [epoch 6] loss=0.0001 acc=1.000 H=21 spawns=5 stress_max=0.0003 epi_A_max=0.0075 epi_B_max=0.2056
    [epoch 7] loss=0.0008 acc=1.000 H=21 spawns=5 stress_max=0.0002 epi_A_max=0.0079 epi_B_max=0.2026
    task_aware(this)=0.999  task_aware(mean_seen)=0.999  full(this)=0.016  spawn_events=5
    [credit] +8 new; total frozen = 8/21
  [phase 2/15: mnist_2_3] L1.H=21  frozen=8
    [epoch 0] loss=0.1907 acc=0.930 H=22 spawns=1 stress_max=0.0078 epi_A_max=0.0108 epi_B_max=0.2363
    [epoch 1] loss=0.2222 acc=0.912 H=23 spawns=2 stress_max=0.0070 epi_A_max=0.0250 epi_B_max=0.2376
    [epoch 2] loss=0.1603 acc=0.912 H=24 spawns=3 stress_max=0.0078 epi_A_max=0.0350 epi_B_max=0.2334
    [epoch 3] loss=0.2241 acc=0.930 H=25 spawns=4 stress_max=0.0083 epi_A_max=0.0415 epi_B_max=0.2375
    [epoch 4] loss=0.1303 acc=0.947 H=26 spawns=5 stress_max=0.0083 epi_A_max=0.0430 epi_B_max=0.2367
    [epoch 5] loss=0.0799 acc=0.965 H=26 spawns=5 stress_max=0.0080 epi_A_max=0.0522 epi_B_max=0.2338
    [epoch 6] loss=0.2351 acc=0.895 H=26 spawns=5 stress_max=0.0080 epi_A_max=0.0666 epi_B_max=0.2337
    [epoch 7] loss=0.0680 acc=0.982 H=26 spawns=5 stress_max=0.0078 epi_A_max=0.0809 epi_B_max=0.2380
    task_aware(this)=0.955  task_aware(mean_seen)=0.977  full(this)=0.004  spawn_events=5
    [credit] +2 new; total frozen = 10/26
  [phase 3/15: mnist_4_5] L1.H=26  frozen=10
    [epoch 0] loss=0.2480 acc=0.929 H=27 spawns=1 stress_max=0.0088 epi_A_max=0.0124 epi_B_max=0.2633
    [epoch 1] loss=0.1245 acc=0.953 H=28 spawns=2 stress_max=0.0083 epi_A_max=0.0220 epi_B_max=0.2682
    [epoch 2] loss=0.0952 acc=0.969 H=29 spawns=3 stress_max=0.0071 epi_A_max=0.0317 epi_B_max=0.2661
    [epoch 3] loss=0.0508 acc=0.984 H=30 spawns=4 stress_max=0.0059 epi_A_max=0.0330 epi_B_max=0.2673
    [epoch 4] loss=0.0606 acc=0.988 H=31 spawns=5 stress_max=0.0047 epi_A_max=0.0367 epi_B_max=0.2659
    [epoch 5] loss=0.0520 acc=0.980 H=31 spawns=5 stress_max=0.0039 epi_A_max=0.0400 epi_B_max=0.2676
    [epoch 6] loss=0.0336 acc=0.988 H=31 spawns=5 stress_max=0.0034 epi_A_max=0.0433 epi_B_max=0.2662
    [epoch 7] loss=0.0335 acc=0.980 H=31 spawns=5 stress_max=0.0031 epi_A_max=0.0461 epi_B_max=0.2661
    task_aware(this)=0.987  task_aware(mean_seen)=0.981  full(this)=0.030  spawn_events=5
    [credit] +2 new; total frozen = 12/31
  [phase 4/15: mnist_6_7] L1.H=31  frozen=12
    [epoch 0] loss=0.0332 acc=0.993 H=32 spawns=1 stress_max=0.0049 epi_A_max=0.0050 epi_B_max=0.2478
    [epoch 1] loss=0.0215 acc=0.987 H=33 spawns=2 stress_max=0.0034 epi_A_max=0.0084 epi_B_max=0.2524
    [epoch 2] loss=0.0031 acc=1.000 H=33 spawns=2 stress_max=0.0023 epi_A_max=0.0109 epi_B_max=0.2434
    [epoch 3] loss=0.0073 acc=0.993 H=34 spawns=3 stress_max=0.0016 epi_A_max=0.0124 epi_B_max=0.2427
    [epoch 4] loss=0.0041 acc=1.000 H=35 spawns=4 stress_max=0.0011 epi_A_max=0.0134 epi_B_max=0.2420
    [epoch 5] loss=0.0049 acc=1.000 H=36 spawns=5 stress_max=0.0008 epi_A_max=0.0138 epi_B_max=0.2442
    [epoch 6] loss=0.0032 acc=1.000 H=36 spawns=5 stress_max=0.0006 epi_A_max=0.0144 epi_B_max=0.2428
    [epoch 7] loss=0.0013 acc=1.000 H=36 spawns=5 stress_max=0.0004 epi_A_max=0.0149 epi_B_max=0.2447
    task_aware(this)=0.994  task_aware(mean_seen)=0.965  full(this)=0.133  spawn_events=5
    [credit] +3 new; total frozen = 15/36
  [phase 5/15: mnist_8_9] L1.H=36  frozen=15
    [epoch 0] loss=0.1920 acc=0.917 H=36 spawns=0 stress_max=0.0057 epi_A_max=0.0029 epi_B_max=0.2822
    [epoch 1] loss=0.1922 acc=0.917 H=37 spawns=1 stress_max=0.0082 epi_A_max=0.0081 epi_B_max=0.2841
    [epoch 2] loss=0.0401 acc=1.000 H=38 spawns=2 stress_max=0.0088 epi_A_max=0.0146 epi_B_max=0.2810
    [epoch 3] loss=0.2130 acc=0.875 H=39 spawns=3 stress_max=0.0092 epi_A_max=0.0199 epi_B_max=0.2825
    [epoch 4] loss=0.1426 acc=0.958 H=40 spawns=4 stress_max=0.0091 epi_A_max=0.0258 epi_B_max=0.2802
    [epoch 5] loss=0.1416 acc=0.958 H=41 spawns=5 stress_max=0.0085 epi_A_max=0.0318 epi_B_max=0.2850
    [epoch 6] loss=0.0585 acc=1.000 H=41 spawns=5 stress_max=0.0077 epi_A_max=0.0390 epi_B_max=0.2833
    [epoch 7] loss=0.3858 acc=0.917 H=41 spawns=5 stress_max=0.0083 epi_A_max=0.0468 epi_B_max=0.2807
    task_aware(this)=0.961  task_aware(mean_seen)=0.964  full(this)=0.001  spawn_events=5
    [credit] +1 new; total frozen = 16/41
  [phase 6/15: fashion_mnist_0_1] L1.H=41  frozen=16
    [epoch 0] loss=0.1738 acc=0.951 H=42 spawns=1 stress_max=0.0055 epi_A_max=0.0080 epi_B_max=0.2784
    [epoch 1] loss=0.0863 acc=0.955 H=43 spawns=2 stress_max=0.0037 epi_A_max=0.0145 epi_B_max=0.2812
    [epoch 2] loss=0.1433 acc=0.938 H=44 spawns=3 stress_max=0.0024 epi_A_max=0.0174 epi_B_max=0.2817
    [epoch 3] loss=0.0302 acc=0.982 H=45 spawns=4 stress_max=0.0028 epi_A_max=0.0193 epi_B_max=0.2814
    [epoch 4] loss=0.0360 acc=0.991 H=46 spawns=5 stress_max=0.0030 epi_A_max=0.0212 epi_B_max=0.2814
    [epoch 5] loss=0.0553 acc=0.982 H=46 spawns=5 stress_max=0.0030 epi_A_max=0.0235 epi_B_max=0.2857
    [epoch 6] loss=0.0542 acc=0.973 H=46 spawns=5 stress_max=0.0029 epi_A_max=0.0256 epi_B_max=0.2823
    [epoch 7] loss=0.0520 acc=0.982 H=46 spawns=5 stress_max=0.0028 epi_A_max=0.0275 epi_B_max=0.2799
    task_aware(this)=0.981  task_aware(mean_seen)=0.967  full(this)=0.023  spawn_events=5
    [credit] +1 new; total frozen = 17/46
  [phase 7/15: fashion_mnist_2_3] L1.H=46  frozen=17
    [epoch 0] loss=0.1805 acc=0.942 H=46 spawns=0 stress_max=0.0019 epi_A_max=0.0035 epi_B_max=0.4816
    [epoch 1] loss=0.0680 acc=0.982 H=47 spawns=1 stress_max=0.0013 epi_A_max=0.0052 epi_B_max=0.4801
    [epoch 2] loss=0.0678 acc=0.973 H=48 spawns=2 stress_max=0.0013 epi_A_max=0.0067 epi_B_max=0.4883
    [epoch 3] loss=0.0583 acc=0.978 H=49 spawns=3 stress_max=0.0016 epi_A_max=0.0087 epi_B_max=0.4859
    [epoch 4] loss=0.0967 acc=0.973 H=50 spawns=4 stress_max=0.0018 epi_A_max=0.0100 epi_B_max=0.4838
    [epoch 5] loss=0.0539 acc=0.982 H=51 spawns=5 stress_max=0.0019 epi_A_max=0.0116 epi_B_max=0.4852
    [epoch 6] loss=0.0815 acc=0.955 H=51 spawns=5 stress_max=0.0019 epi_A_max=0.0131 epi_B_max=0.4916
    [epoch 7] loss=0.0323 acc=0.991 H=51 spawns=5 stress_max=0.0019 epi_A_max=0.0146 epi_B_max=0.5022
    task_aware(this)=0.965  task_aware(mean_seen)=0.956  full(this)=0.013  spawn_events=5
    [credit] +2 new; total frozen = 19/51
  [phase 8/15: fashion_mnist_4_5] L1.H=51  frozen=19
    [epoch 0] loss=0.0990 acc=0.978 H=51 spawns=0 stress_max=0.0019 epi_A_max=0.0019 epi_B_max=0.5594
    [epoch 1] loss=0.0384 acc=0.987 H=51 spawns=0 stress_max=0.0016 epi_A_max=0.0038 epi_B_max=0.5681
    [epoch 2] loss=0.0678 acc=0.987 H=52 spawns=1 stress_max=0.0014 epi_A_max=0.0054 epi_B_max=0.5658
    [epoch 3] loss=0.0580 acc=0.987 H=53 spawns=2 stress_max=0.0013 epi_A_max=0.0070 epi_B_max=0.5665
    [epoch 4] loss=0.0059 acc=1.000 H=54 spawns=3 stress_max=0.0010 epi_A_max=0.0083 epi_B_max=0.5682
    [epoch 5] loss=0.0018 acc=1.000 H=55 spawns=4 stress_max=0.0007 epi_A_max=0.0093 epi_B_max=0.5686
    [epoch 6] loss=0.0020 acc=1.000 H=56 spawns=5 stress_max=0.0005 epi_A_max=0.0098 epi_B_max=0.5678
    [epoch 7] loss=0.0132 acc=0.996 H=56 spawns=5 stress_max=0.0003 epi_A_max=0.0102 epi_B_max=0.5623
    task_aware(this)=0.999  task_aware(mean_seen)=0.961  full(this)=0.650  spawn_events=5
    [credit] +2 new; total frozen = 21/56
  [phase 9/15: fashion_mnist_6_7] L1.H=56  frozen=21
    [epoch 0] loss=0.0205 acc=1.000 H=56 spawns=0 stress_max=0.0009 epi_A_max=0.0009 epi_B_max=0.4962
    [epoch 1] loss=0.0091 acc=1.000 H=56 spawns=0 stress_max=0.0007 epi_A_max=0.0017 epi_B_max=0.5019
    [epoch 2] loss=0.0081 acc=1.000 H=56 spawns=0 stress_max=0.0005 epi_A_max=0.0024 epi_B_max=0.4958
    [epoch 3] loss=0.0048 acc=1.000 H=56 spawns=0 stress_max=0.0004 epi_A_max=0.0030 epi_B_max=0.4971
    [epoch 4] loss=0.0022 acc=1.000 H=56 spawns=0 stress_max=0.0003 epi_A_max=0.0034 epi_B_max=0.4954
    [epoch 5] loss=0.0135 acc=0.996 H=56 spawns=0 stress_max=0.0002 epi_A_max=0.0039 epi_B_max=0.4948
    [epoch 6] loss=0.0132 acc=0.996 H=56 spawns=0 stress_max=0.0002 epi_A_max=0.0042 epi_B_max=0.4993
    [epoch 7] loss=0.0110 acc=0.996 H=56 spawns=0 stress_max=0.0002 epi_A_max=0.0046 epi_B_max=0.4984
    task_aware(this)=0.998  task_aware(mean_seen)=0.965  full(this)=0.030  spawn_events=0
    [credit] +0 new; total frozen = 21/56
  [phase 10/15: fashion_mnist_8_9] L1.H=56  frozen=21
    [epoch 0] loss=0.1311 acc=0.978 H=56 spawns=0 stress_max=0.0023 epi_A_max=0.0009 epi_B_max=0.7165
    [epoch 1] loss=0.0848 acc=0.978 H=56 spawns=0 stress_max=0.0024 epi_A_max=0.0027 epi_B_max=0.7126
    [epoch 2] loss=0.0838 acc=0.982 H=57 spawns=1 stress_max=0.0022 epi_A_max=0.0042 epi_B_max=0.7139
    [epoch 3] loss=0.0287 acc=0.996 H=57 spawns=1 stress_max=0.0018 epi_A_max=0.0059 epi_B_max=0.7137
    [epoch 4] loss=0.0267 acc=0.996 H=58 spawns=2 stress_max=0.0014 epi_A_max=0.0073 epi_B_max=0.7170
    [epoch 5] loss=0.0153 acc=0.996 H=59 spawns=3 stress_max=0.0011 epi_A_max=0.0067 epi_B_max=0.7164
    [epoch 6] loss=0.0094 acc=1.000 H=60 spawns=4 stress_max=0.0008 epi_A_max=0.0072 epi_B_max=0.7140
    [epoch 7] loss=0.0092 acc=1.000 H=61 spawns=5 stress_max=0.0006 epi_A_max=0.0078 epi_B_max=0.7154
    task_aware(this)=0.996  task_aware(mean_seen)=0.968  full(this)=0.825  spawn_events=5
    [credit] +1 new; total frozen = 22/61
  [phase 11/15: emnist_letters_0_1] L1.H=61  frozen=22
    [epoch 0] loss=0.3411 acc=0.859 H=61 spawns=0 stress_max=0.0020 epi_A_max=0.0017 epi_B_max=0.4957
    [epoch 1] loss=0.3069 acc=0.875 H=61 spawns=0 stress_max=0.0022 epi_A_max=0.0038 epi_B_max=0.5047
    [epoch 2] loss=0.1866 acc=0.914 H=62 spawns=1 stress_max=0.0033 epi_A_max=0.0054 epi_B_max=0.5030
    [epoch 3] loss=0.1819 acc=0.930 H=63 spawns=2 stress_max=0.0040 epi_A_max=0.0074 epi_B_max=0.5060
    [epoch 4] loss=0.1362 acc=0.938 H=63 spawns=2 stress_max=0.0046 epi_A_max=0.0096 epi_B_max=0.5065
    [epoch 5] loss=0.1469 acc=0.969 H=64 spawns=3 stress_max=0.0050 epi_A_max=0.0113 epi_B_max=0.5036
    [epoch 6] loss=0.1357 acc=0.969 H=65 spawns=4 stress_max=0.0051 epi_A_max=0.0123 epi_B_max=0.5025
    [epoch 7] loss=0.1159 acc=0.945 H=66 spawns=5 stress_max=0.0052 epi_A_max=0.0134 epi_B_max=0.5082
    task_aware(this)=0.942  task_aware(mean_seen)=0.966  full(this)=0.202  spawn_events=5
    [credit] +2 new; total frozen = 24/66
  [phase 12/15: emnist_letters_2_3] L1.H=66  frozen=24
    [epoch 0] loss=0.2853 acc=0.852 H=66 spawns=0 stress_max=0.0042 epi_A_max=0.0032 epi_B_max=0.4540
    [epoch 1] loss=0.0788 acc=0.977 H=67 spawns=1 stress_max=0.0039 epi_A_max=0.0050 epi_B_max=0.4587
    [epoch 2] loss=0.0860 acc=0.977 H=68 spawns=2 stress_max=0.0033 epi_A_max=0.0070 epi_B_max=0.4583
    [epoch 3] loss=0.1058 acc=0.977 H=68 spawns=2 stress_max=0.0029 epi_A_max=0.0087 epi_B_max=0.4629
    [epoch 4] loss=0.0579 acc=0.969 H=69 spawns=3 stress_max=0.0025 epi_A_max=0.0102 epi_B_max=0.4598
    [epoch 5] loss=0.1010 acc=0.969 H=70 spawns=4 stress_max=0.0024 epi_A_max=0.0117 epi_B_max=0.4594
    [epoch 6] loss=0.1017 acc=0.953 H=71 spawns=5 stress_max=0.0023 epi_A_max=0.0127 epi_B_max=0.4633
    [epoch 7] loss=0.0499 acc=0.984 H=71 spawns=5 stress_max=0.0022 epi_A_max=0.0139 epi_B_max=0.4594
    task_aware(this)=0.978  task_aware(mean_seen)=0.967  full(this)=0.431  spawn_events=5
    [credit] +3 new; total frozen = 27/71
  [phase 13/15: emnist_letters_4_5] L1.H=71  frozen=27
    [epoch 0] loss=0.2301 acc=0.914 H=71 spawns=0 stress_max=0.0019 epi_A_max=0.0016 epi_B_max=0.5009
    [epoch 1] loss=0.2507 acc=0.922 H=71 spawns=0 stress_max=0.0018 epi_A_max=0.0034 epi_B_max=0.5113
    [epoch 2] loss=0.2473 acc=0.867 H=72 spawns=1 stress_max=0.0020 epi_A_max=0.0051 epi_B_max=0.5103
    [epoch 3] loss=0.1949 acc=0.922 H=72 spawns=1 stress_max=0.0024 epi_A_max=0.0072 epi_B_max=0.5089
    [epoch 4] loss=0.2102 acc=0.938 H=73 spawns=2 stress_max=0.0026 epi_A_max=0.0095 epi_B_max=0.5120
    [epoch 5] loss=0.1394 acc=0.961 H=74 spawns=3 stress_max=0.0025 epi_A_max=0.0115 epi_B_max=0.5109
    [epoch 6] loss=0.0534 acc=0.984 H=75 spawns=4 stress_max=0.0022 epi_A_max=0.0131 epi_B_max=0.5117
    [epoch 7] loss=0.1545 acc=0.930 H=76 spawns=5 stress_max=0.0026 epi_A_max=0.0151 epi_B_max=0.5118
    task_aware(this)=0.967  task_aware(mean_seen)=0.967  full(this)=0.287  spawn_events=5
    [credit] +2 new; total frozen = 29/76
  [phase 14/15: emnist_letters_6_7] L1.H=76  frozen=29
    [epoch 0] loss=0.2443 acc=0.945 H=76 spawns=0 stress_max=0.0024 epi_A_max=0.0028 epi_B_max=0.4632
    [epoch 1] loss=0.1705 acc=0.938 H=77 spawns=1 stress_max=0.0028 epi_A_max=0.0047 epi_B_max=0.4719
    [epoch 2] loss=0.1041 acc=0.969 H=77 spawns=1 stress_max=0.0027 epi_A_max=0.0067 epi_B_max=0.4712
    [epoch 3] loss=0.1334 acc=0.930 H=78 spawns=2 stress_max=0.0031 epi_A_max=0.0081 epi_B_max=0.4676
    [epoch 4] loss=0.0996 acc=0.945 H=79 spawns=3 stress_max=0.0036 epi_A_max=0.0101 epi_B_max=0.4718
    [epoch 5] loss=0.0927 acc=0.953 H=80 spawns=4 stress_max=0.0038 epi_A_max=0.0124 epi_B_max=0.4724
    [epoch 6] loss=0.1114 acc=0.961 H=80 spawns=4 stress_max=0.0037 epi_A_max=0.0152 epi_B_max=0.4720
    [epoch 7] loss=0.0630 acc=0.977 H=81 spawns=5 stress_max=0.0036 epi_A_max=0.0161 epi_B_max=0.4740
    task_aware(this)=0.960  task_aware(mean_seen)=0.966  full(this)=0.170  spawn_events=5
    [credit] +4 new; total frozen = 33/81
  [phase 15/15: emnist_letters_8_9] L1.H=81  frozen=33
    [epoch 0] loss=0.2889 acc=0.891 H=81 spawns=0 stress_max=0.0030 epi_A_max=0.0020 epi_B_max=0.4060
    [epoch 1] loss=0.2371 acc=0.914 H=81 spawns=0 stress_max=0.0029 epi_A_max=0.0042 epi_B_max=0.4146
    [epoch 2] loss=0.1893 acc=0.930 H=82 spawns=1 stress_max=0.0034 epi_A_max=0.0071 epi_B_max=0.4148
    [epoch 3] loss=0.2825 acc=0.883 H=83 spawns=2 stress_max=0.0037 epi_A_max=0.0099 epi_B_max=0.4138
    [epoch 4] loss=0.1738 acc=0.930 H=84 spawns=3 stress_max=0.0038 epi_A_max=0.0116 epi_B_max=0.4142
    [epoch 5] loss=0.2238 acc=0.914 H=84 spawns=3 stress_max=0.0036 epi_A_max=0.0153 epi_B_max=0.4135
    [epoch 6] loss=0.2141 acc=0.922 H=85 spawns=4 stress_max=0.0036 epi_A_max=0.0178 epi_B_max=0.4119
    [epoch 7] loss=0.2154 acc=0.914 H=86 spawns=5 stress_max=0.0044 epi_A_max=0.0202 epi_B_max=0.4160
    task_aware(this)=0.927  task_aware(mean_seen)=0.964  full(this)=0.044  spawn_events=5
    [credit] +2 new; total frozen = 35/86
[seed 1  arm AXIS6_credit]  task_aware_mean=0.964  full_mean=0.167  max|drift|_ta=0.076  H=86  spawns=70  frozen=35  elapsed=34.2s

========== SEED 1  ARM: AXIS6_credit_manifold ==========
  [phase 1/15: mnist_0_1] L1.H=16  frozen=0
    [epoch 0] loss=0.0151 acc=0.992 H=17 spawns=1 stress_max=0.0016 epi_A_max=0.0044 epi_B_max=0.1970
    [epoch 1] loss=0.0001 acc=1.000 H=18 spawns=2 stress_max=0.0011 epi_A_max=0.0061 epi_B_max=0.1690
    [epoch 2] loss=0.0003 acc=1.000 H=19 spawns=3 stress_max=0.0008 epi_A_max=0.0077 epi_B_max=0.2224
    [epoch 3] loss=0.0000 acc=1.000 H=20 spawns=4 stress_max=0.0006 epi_A_max=0.0080 epi_B_max=0.2013
    [epoch 4] loss=0.0141 acc=0.992 H=21 spawns=5 stress_max=0.0005 epi_A_max=0.0069 epi_B_max=0.2150
    [epoch 5] loss=0.0070 acc=0.992 H=21 spawns=5 stress_max=0.0004 epi_A_max=0.0075 epi_B_max=0.2150
    [epoch 6] loss=0.0049 acc=1.000 H=21 spawns=5 stress_max=0.0003 epi_A_max=0.0079 epi_B_max=0.2305
    [epoch 7] loss=0.0002 acc=1.000 H=21 spawns=5 stress_max=0.0002 epi_A_max=0.0083 epi_B_max=0.2431
    task_aware(this)=0.999  task_aware(mean_seen)=0.999  full(this)=0.000  spawn_events=5
    [credit] +8 new; total frozen = 8/21
    [manifold] stored 2 classes; total stored = 2 classes (n_l0=128)
  [phase 2/15: mnist_2_3] L1.H=21  frozen=8
    [epoch 0] loss=0.3535 acc=0.842 H=22 spawns=1 stress_max=0.0060 epi_A_max=0.0097 epi_B_max=0.2810
    [epoch 1] loss=0.1859 acc=0.912 H=23 spawns=2 stress_max=0.0068 epi_A_max=0.0241 epi_B_max=0.2841
    [epoch 2] loss=0.0782 acc=0.982 H=24 spawns=3 stress_max=0.0082 epi_A_max=0.0300 epi_B_max=0.2855
    [epoch 3] loss=0.0902 acc=0.947 H=25 spawns=4 stress_max=0.0089 epi_A_max=0.0361 epi_B_max=0.2837
    [epoch 4] loss=0.0840 acc=0.982 H=26 spawns=5 stress_max=0.0090 epi_A_max=0.0452 epi_B_max=0.2873
    [epoch 5] loss=0.0926 acc=0.947 H=26 spawns=5 stress_max=0.0088 epi_A_max=0.0631 epi_B_max=0.2867
    [epoch 6] loss=0.1004 acc=0.965 H=26 spawns=5 stress_max=0.0085 epi_A_max=0.0804 epi_B_max=0.2861
    [epoch 7] loss=0.0522 acc=0.982 H=26 spawns=5 stress_max=0.0080 epi_A_max=0.0972 epi_B_max=0.2842
    task_aware(this)=0.969  task_aware(mean_seen)=0.984  full(this)=0.000  spawn_events=5
    [credit] +4 new; total frozen = 12/26
    [manifold] stored 2 classes; total stored = 4 classes (n_l0=128)
  [phase 3/15: mnist_4_5] L1.H=26  frozen=12
    [epoch 0] loss=0.4212 acc=0.882 H=27 spawns=1 stress_max=0.0069 epi_A_max=0.0130 epi_B_max=0.3376
    [epoch 1] loss=0.2553 acc=0.949 H=28 spawns=2 stress_max=0.0055 epi_A_max=0.0219 epi_B_max=0.2901
    [epoch 2] loss=0.1275 acc=0.976 H=29 spawns=3 stress_max=0.0045 epi_A_max=0.0295 epi_B_max=0.2923
    [epoch 3] loss=0.1923 acc=0.969 H=30 spawns=4 stress_max=0.0037 epi_A_max=0.0341 epi_B_max=0.2892
    [epoch 4] loss=0.1490 acc=0.969 H=31 spawns=5 stress_max=0.0037 epi_A_max=0.0366 epi_B_max=0.2919
    [epoch 5] loss=0.0895 acc=0.996 H=31 spawns=5 stress_max=0.0035 epi_A_max=0.0396 epi_B_max=0.2903
    [epoch 6] loss=0.1218 acc=1.000 H=31 spawns=5 stress_max=0.0033 epi_A_max=0.0421 epi_B_max=0.2911
    [epoch 7] loss=0.1171 acc=0.988 H=31 spawns=5 stress_max=0.0031 epi_A_max=0.0443 epi_B_max=0.2923
    task_aware(this)=0.983  task_aware(mean_seen)=0.974  full(this)=0.000  spawn_events=5
    [credit] +3 new; total frozen = 15/31
    [manifold] stored 2 classes; total stored = 6 classes (n_l0=128)
  [phase 4/15: mnist_6_7] L1.H=31  frozen=15
    [epoch 0] loss=0.5008 acc=0.980 H=32 spawns=1 stress_max=0.0046 epi_A_max=0.0057 epi_B_max=0.2862
    [epoch 1] loss=0.2293 acc=0.993 H=33 spawns=2 stress_max=0.0033 epi_A_max=0.0103 epi_B_max=0.2842
    [epoch 2] loss=0.2035 acc=1.000 H=34 spawns=3 stress_max=0.0022 epi_A_max=0.0137 epi_B_max=0.2865
    [epoch 3] loss=0.2429 acc=0.980 H=35 spawns=4 stress_max=0.0015 epi_A_max=0.0139 epi_B_max=0.2904
    [epoch 4] loss=0.2182 acc=0.993 H=35 spawns=4 stress_max=0.0010 epi_A_max=0.0155 epi_B_max=0.2849
    [epoch 5] loss=0.1920 acc=1.000 H=36 spawns=5 stress_max=0.0007 epi_A_max=0.0158 epi_B_max=0.2890
    [epoch 6] loss=0.2598 acc=0.993 H=36 spawns=5 stress_max=0.0005 epi_A_max=0.0163 epi_B_max=0.2872
    [epoch 7] loss=0.1482 acc=1.000 H=36 spawns=5 stress_max=0.0004 epi_A_max=0.0167 epi_B_max=0.2869
    task_aware(this)=0.995  task_aware(mean_seen)=0.968  full(this)=0.000  spawn_events=5
    [credit] +4 new; total frozen = 19/36
    [manifold] stored 2 classes; total stored = 8 classes (n_l0=128)
  [phase 5/15: mnist_8_9] L1.H=36  frozen=19
    [epoch 0] loss=0.4970 acc=0.875 H=36 spawns=0 stress_max=0.0055 epi_A_max=0.0034 epi_B_max=0.2483
    [epoch 1] loss=0.2251 acc=1.000 H=37 spawns=1 stress_max=0.0060 epi_A_max=0.0103 epi_B_max=0.2514
    [epoch 2] loss=0.1869 acc=1.000 H=38 spawns=2 stress_max=0.0056 epi_A_max=0.0148 epi_B_max=0.2545
    [epoch 3] loss=0.3228 acc=0.917 H=39 spawns=3 stress_max=0.0049 epi_A_max=0.0207 epi_B_max=0.2518
    [epoch 4] loss=0.3690 acc=1.000 H=40 spawns=4 stress_max=0.0043 epi_A_max=0.0245 epi_B_max=0.2614
    [epoch 5] loss=0.2633 acc=1.000 H=41 spawns=5 stress_max=0.0038 epi_A_max=0.0292 epi_B_max=0.2635
    [epoch 6] loss=0.2823 acc=0.958 H=41 spawns=5 stress_max=0.0041 epi_A_max=0.0385 epi_B_max=0.2659
    [epoch 7] loss=0.2184 acc=1.000 H=41 spawns=5 stress_max=0.0043 epi_A_max=0.0479 epi_B_max=0.2711
    task_aware(this)=0.967  task_aware(mean_seen)=0.969  full(this)=0.000  spawn_events=5
    [credit] +1 new; total frozen = 20/41
    [manifold] stored 2 classes; total stored = 10 classes (n_l0=128)
  [phase 6/15: fashion_mnist_0_1] L1.H=41  frozen=20
    [epoch 0] loss=0.6134 acc=0.960 H=42 spawns=1 stress_max=0.0033 epi_A_max=0.0044 epi_B_max=0.5921
    [epoch 1] loss=0.3977 acc=0.973 H=43 spawns=2 stress_max=0.0027 epi_A_max=0.0078 epi_B_max=0.6019
    [epoch 2] loss=0.4319 acc=0.982 H=44 spawns=3 stress_max=0.0022 epi_A_max=0.0105 epi_B_max=0.6095
    [epoch 3] loss=0.4371 acc=0.978 H=45 spawns=4 stress_max=0.0022 epi_A_max=0.0126 epi_B_max=0.6040
    [epoch 4] loss=0.5141 acc=0.996 H=46 spawns=5 stress_max=0.0022 epi_A_max=0.0140 epi_B_max=0.5954
    [epoch 5] loss=0.4575 acc=0.978 H=46 spawns=5 stress_max=0.0020 epi_A_max=0.0155 epi_B_max=0.6007
    [epoch 6] loss=0.4360 acc=0.982 H=46 spawns=5 stress_max=0.0019 epi_A_max=0.0170 epi_B_max=0.5985
    [epoch 7] loss=0.4488 acc=0.978 H=46 spawns=5 stress_max=0.0018 epi_A_max=0.0183 epi_B_max=0.6015
    task_aware(this)=0.979  task_aware(mean_seen)=0.967  full(this)=0.000  spawn_events=5
    [credit] +2 new; total frozen = 22/46
    [manifold] stored 2 classes; total stored = 12 classes (n_l0=128)
  [phase 7/15: fashion_mnist_2_3] L1.H=46  frozen=22
    [epoch 0] loss=0.4778 acc=0.973 H=46 spawns=0 stress_max=0.0013 epi_A_max=0.0017 epi_B_max=0.5127
    [epoch 1] loss=0.3735 acc=0.982 H=46 spawns=0 stress_max=0.0011 epi_A_max=0.0033 epi_B_max=0.5126
    [epoch 2] loss=0.3553 acc=0.978 H=46 spawns=0 stress_max=0.0013 epi_A_max=0.0049 epi_B_max=0.5113
    [epoch 3] loss=0.5332 acc=0.987 H=47 spawns=1 stress_max=0.0015 epi_A_max=0.0065 epi_B_max=0.5159
    [epoch 4] loss=0.4183 acc=0.973 H=48 spawns=2 stress_max=0.0017 epi_A_max=0.0078 epi_B_max=0.5149
    [epoch 5] loss=0.3557 acc=0.991 H=49 spawns=3 stress_max=0.0019 epi_A_max=0.0084 epi_B_max=0.5125
    [epoch 6] loss=0.4450 acc=0.978 H=50 spawns=4 stress_max=0.0020 epi_A_max=0.0094 epi_B_max=0.5123
    [epoch 7] loss=0.4871 acc=0.987 H=51 spawns=5 stress_max=0.0020 epi_A_max=0.0103 epi_B_max=0.5165
    task_aware(this)=0.964  task_aware(mean_seen)=0.964  full(this)=0.000  spawn_events=5
    [credit] +1 new; total frozen = 23/51
    [manifold] stored 2 classes; total stored = 14 classes (n_l0=128)
  [phase 8/15: fashion_mnist_4_5] L1.H=51  frozen=23
    [epoch 0] loss=0.4292 acc=0.987 H=51 spawns=0 stress_max=0.0018 epi_A_max=0.0020 epi_B_max=0.6084
    [epoch 1] loss=0.4526 acc=1.000 H=51 spawns=0 stress_max=0.0013 epi_A_max=0.0038 epi_B_max=0.6068
    [epoch 2] loss=0.3199 acc=1.000 H=51 spawns=0 stress_max=0.0008 epi_A_max=0.0049 epi_B_max=0.6140
    [epoch 3] loss=0.2909 acc=1.000 H=52 spawns=1 stress_max=0.0006 epi_A_max=0.0050 epi_B_max=0.6128
    [epoch 4] loss=0.3742 acc=1.000 H=53 spawns=2 stress_max=0.0004 epi_A_max=0.0054 epi_B_max=0.6136
    [epoch 5] loss=0.3307 acc=1.000 H=54 spawns=3 stress_max=0.0002 epi_A_max=0.0055 epi_B_max=0.6102
    [epoch 6] loss=0.3418 acc=0.996 H=55 spawns=4 stress_max=0.0002 epi_A_max=0.0055 epi_B_max=0.6072
    [epoch 7] loss=0.3973 acc=1.000 H=56 spawns=5 stress_max=0.0001 epi_A_max=0.0052 epi_B_max=0.6104
    task_aware(this)=0.999  task_aware(mean_seen)=0.965  full(this)=0.000  spawn_events=5
    [credit] +3 new; total frozen = 26/56
    [manifold] stored 2 classes; total stored = 16 classes (n_l0=128)
  [phase 9/15: fashion_mnist_6_7] L1.H=56  frozen=26
    [epoch 0] loss=0.6065 acc=1.000 H=56 spawns=0 stress_max=0.0012 epi_A_max=0.0012 epi_B_max=0.5723
    [epoch 1] loss=0.4094 acc=0.996 H=56 spawns=0 stress_max=0.0009 epi_A_max=0.0022 epi_B_max=0.5764
    [epoch 2] loss=0.4868 acc=0.991 H=56 spawns=0 stress_max=0.0006 epi_A_max=0.0030 epi_B_max=0.5750
    [epoch 3] loss=0.3880 acc=0.991 H=56 spawns=0 stress_max=0.0004 epi_A_max=0.0035 epi_B_max=0.5740
    [epoch 4] loss=0.3848 acc=1.000 H=56 spawns=0 stress_max=0.0003 epi_A_max=0.0039 epi_B_max=0.5773
    [epoch 5] loss=0.4046 acc=0.991 H=56 spawns=0 stress_max=0.0002 epi_A_max=0.0042 epi_B_max=0.5736
    [epoch 6] loss=0.4455 acc=0.996 H=56 spawns=0 stress_max=0.0002 epi_A_max=0.0044 epi_B_max=0.5779
    [epoch 7] loss=0.5123 acc=1.000 H=56 spawns=0 stress_max=0.0001 epi_A_max=0.0045 epi_B_max=0.5771
    task_aware(this)=0.997  task_aware(mean_seen)=0.971  full(this)=0.000  spawn_events=0
    [credit] +0 new; total frozen = 26/56
    [manifold] stored 2 classes; total stored = 18 classes (n_l0=128)
  [phase 10/15: fashion_mnist_8_9] L1.H=56  frozen=26
    [epoch 0] loss=0.8222 acc=0.987 H=56 spawns=0 stress_max=0.0014 epi_A_max=0.0010 epi_B_max=0.9696
    [epoch 1] loss=0.5424 acc=0.991 H=56 spawns=0 stress_max=0.0014 epi_A_max=0.0023 epi_B_max=0.9705
    [epoch 2] loss=0.4697 acc=0.996 H=56 spawns=0 stress_max=0.0013 epi_A_max=0.0036 epi_B_max=0.9805
    [epoch 3] loss=0.5729 acc=0.991 H=56 spawns=0 stress_max=0.0012 epi_A_max=0.0048 epi_B_max=0.9767
    [epoch 4] loss=0.4760 acc=0.991 H=57 spawns=1 stress_max=0.0011 epi_A_max=0.0056 epi_B_max=0.9773
    [epoch 5] loss=0.5169 acc=0.973 H=58 spawns=2 stress_max=0.0011 epi_A_max=0.0063 epi_B_max=0.9780
    [epoch 6] loss=0.5322 acc=1.000 H=59 spawns=3 stress_max=0.0010 epi_A_max=0.0068 epi_B_max=0.9828
    [epoch 7] loss=0.5064 acc=1.000 H=60 spawns=4 stress_max=0.0008 epi_A_max=0.0074 epi_B_max=0.9820
    task_aware(this)=0.993  task_aware(mean_seen)=0.971  full(this)=0.000  spawn_events=4
    [credit] +1 new; total frozen = 27/60
    [manifold] stored 2 classes; total stored = 20 classes (n_l0=128)
  [phase 11/15: emnist_letters_0_1] L1.H=60  frozen=27
    [epoch 0] loss=0.9289 acc=0.875 H=60 spawns=0 stress_max=0.0013 epi_A_max=0.0011 epi_B_max=0.4452
    [epoch 1] loss=0.7156 acc=0.930 H=60 spawns=0 stress_max=0.0015 epi_A_max=0.0030 epi_B_max=0.4540
    [epoch 2] loss=0.7550 acc=0.961 H=61 spawns=1 stress_max=0.0021 epi_A_max=0.0043 epi_B_max=0.4497
    [epoch 3] loss=0.8143 acc=0.961 H=61 spawns=1 stress_max=0.0026 epi_A_max=0.0064 epi_B_max=0.4527
    [epoch 4] loss=0.9219 acc=0.906 H=62 spawns=2 stress_max=0.0030 epi_A_max=0.0082 epi_B_max=0.4522
    [epoch 5] loss=0.6401 acc=0.953 H=63 spawns=3 stress_max=0.0032 epi_A_max=0.0104 epi_B_max=0.4542
    [epoch 6] loss=0.6926 acc=0.906 H=64 spawns=4 stress_max=0.0035 epi_A_max=0.0121 epi_B_max=0.4497
    [epoch 7] loss=0.7905 acc=0.961 H=64 spawns=4 stress_max=0.0036 epi_A_max=0.0144 epi_B_max=0.4541
    task_aware(this)=0.946  task_aware(mean_seen)=0.970  full(this)=0.000  spawn_events=4
    [credit] +2 new; total frozen = 29/64
    [manifold] stored 2 classes; total stored = 22 classes (n_l0=128)
  [phase 12/15: emnist_letters_2_3] L1.H=64  frozen=29
    [epoch 0] loss=0.7153 acc=0.953 H=64 spawns=0 stress_max=0.0029 epi_A_max=0.0028 epi_B_max=0.5792
    [epoch 1] loss=0.7749 acc=0.961 H=65 spawns=1 stress_max=0.0028 epi_A_max=0.0054 epi_B_max=0.5872
    [epoch 2] loss=0.6753 acc=0.945 H=65 spawns=1 stress_max=0.0025 epi_A_max=0.0078 epi_B_max=0.5893
    [epoch 3] loss=0.6729 acc=0.984 H=66 spawns=2 stress_max=0.0022 epi_A_max=0.0093 epi_B_max=0.5923
    [epoch 4] loss=0.7112 acc=0.984 H=67 spawns=3 stress_max=0.0019 epi_A_max=0.0107 epi_B_max=0.5871
    [epoch 5] loss=0.6876 acc=0.969 H=68 spawns=4 stress_max=0.0019 epi_A_max=0.0119 epi_B_max=0.5892
    [epoch 6] loss=0.7030 acc=0.945 H=68 spawns=4 stress_max=0.0019 epi_A_max=0.0130 epi_B_max=0.5867
    [epoch 7] loss=0.7679 acc=0.977 H=69 spawns=5 stress_max=0.0019 epi_A_max=0.0140 epi_B_max=0.5861
    task_aware(this)=0.964  task_aware(mean_seen)=0.970  full(this)=0.000  spawn_events=5
    [credit] +3 new; total frozen = 32/69
    [manifold] stored 2 classes; total stored = 24 classes (n_l0=128)
  [phase 13/15: emnist_letters_4_5] L1.H=69  frozen=32
    [epoch 0] loss=0.8980 acc=0.922 H=69 spawns=0 stress_max=0.0017 epi_A_max=0.0014 epi_B_max=0.4090
    [epoch 1] loss=0.6728 acc=0.953 H=69 spawns=0 stress_max=0.0015 epi_A_max=0.0029 epi_B_max=0.4224
    [epoch 2] loss=0.6332 acc=0.969 H=69 spawns=0 stress_max=0.0020 epi_A_max=0.0043 epi_B_max=0.4155
    [epoch 3] loss=0.6777 acc=0.961 H=70 spawns=1 stress_max=0.0023 epi_A_max=0.0054 epi_B_max=0.4157
    [epoch 4] loss=0.6517 acc=0.977 H=71 spawns=2 stress_max=0.0025 epi_A_max=0.0062 epi_B_max=0.4176
    [epoch 5] loss=0.7676 acc=0.977 H=71 spawns=2 stress_max=0.0027 epi_A_max=0.0078 epi_B_max=0.4183
    [epoch 6] loss=0.6708 acc=0.992 H=72 spawns=3 stress_max=0.0027 epi_A_max=0.0089 epi_B_max=0.4213
    [epoch 7] loss=0.6049 acc=0.961 H=73 spawns=4 stress_max=0.0027 epi_A_max=0.0099 epi_B_max=0.4178
    task_aware(this)=0.966  task_aware(mean_seen)=0.967  full(this)=0.000  spawn_events=4
    [credit] +3 new; total frozen = 35/73
    [manifold] stored 2 classes; total stored = 26 classes (n_l0=128)
  [phase 14/15: emnist_letters_6_7] L1.H=73  frozen=35
    [epoch 0] loss=0.9778 acc=0.906 H=73 spawns=0 stress_max=0.0021 epi_A_max=0.0016 epi_B_max=0.3896
    [epoch 1] loss=0.8847 acc=0.953 H=73 spawns=0 stress_max=0.0017 epi_A_max=0.0037 epi_B_max=0.3991
    [epoch 2] loss=0.8071 acc=0.945 H=74 spawns=1 stress_max=0.0021 epi_A_max=0.0058 epi_B_max=0.3952
    [epoch 3] loss=0.8553 acc=0.945 H=75 spawns=2 stress_max=0.0025 epi_A_max=0.0076 epi_B_max=0.3981
    [epoch 4] loss=0.7200 acc=0.984 H=75 spawns=2 stress_max=0.0028 epi_A_max=0.0095 epi_B_max=0.4015
    [epoch 5] loss=0.7742 acc=0.914 H=76 spawns=3 stress_max=0.0031 epi_A_max=0.0108 epi_B_max=0.3914
    [epoch 6] loss=0.8192 acc=0.930 H=77 spawns=4 stress_max=0.0032 epi_A_max=0.0119 epi_B_max=0.3989
    [epoch 7] loss=0.8489 acc=0.977 H=78 spawns=5 stress_max=0.0032 epi_A_max=0.0133 epi_B_max=0.3972
    task_aware(this)=0.948  task_aware(mean_seen)=0.959  full(this)=0.000  spawn_events=5
    [credit] +3 new; total frozen = 38/78
    [manifold] stored 2 classes; total stored = 28 classes (n_l0=128)
  [phase 15/15: emnist_letters_8_9] L1.H=78  frozen=38
    [epoch 0] loss=1.0377 acc=0.914 H=78 spawns=0 stress_max=0.0024 epi_A_max=0.0018 epi_B_max=0.4008
    [epoch 1] loss=1.0817 acc=0.891 H=78 spawns=0 stress_max=0.0025 epi_A_max=0.0040 epi_B_max=0.4090
    [epoch 2] loss=0.8738 acc=0.938 H=79 spawns=1 stress_max=0.0029 epi_A_max=0.0063 epi_B_max=0.4064
    [epoch 3] loss=0.8497 acc=0.969 H=80 spawns=2 stress_max=0.0037 epi_A_max=0.0086 epi_B_max=0.4081
    [epoch 4] loss=0.7638 acc=0.930 H=80 spawns=2 stress_max=0.0043 epi_A_max=0.0110 epi_B_max=0.4055
    [epoch 5] loss=0.8416 acc=0.961 H=81 spawns=3 stress_max=0.0047 epi_A_max=0.0129 epi_B_max=0.4065
    [epoch 6] loss=0.8991 acc=0.930 H=82 spawns=4 stress_max=0.0050 epi_A_max=0.0140 epi_B_max=0.4074
    [epoch 7] loss=0.8328 acc=0.906 H=83 spawns=5 stress_max=0.0052 epi_A_max=0.0162 epi_B_max=0.4058
    task_aware(this)=0.928  task_aware(mean_seen)=0.955  full(this)=0.000  spawn_events=5
    [credit] +2 new; total frozen = 40/83
    [manifold] stored 2 classes; total stored = 30 classes (n_l0=128)
[seed 1  arm AXIS6_credit_manifold]  task_aware_mean=0.955  full_mean=0.558  max|drift|_ta=0.084  H=83  spawns=67  frozen=40  elapsed=61.6s

========== SEED 2  ARM: BASELINE_frozen ==========
  [phase 1/15: mnist_0_1] L1.H=16  frozen=n/a
    [epoch 0] loss=0.0042 acc=1.000 H=16 spawns=0
    [epoch 1] loss=0.0005 acc=1.000 H=16 spawns=0
    [epoch 2] loss=0.0012 acc=1.000 H=16 spawns=0
    [epoch 3] loss=0.0006 acc=1.000 H=16 spawns=0
    [epoch 4] loss=0.0012 acc=1.000 H=16 spawns=0
    [epoch 5] loss=0.0004 acc=1.000 H=16 spawns=0
    [epoch 6] loss=0.0002 acc=1.000 H=16 spawns=0
    [epoch 7] loss=0.0009 acc=1.000 H=16 spawns=0
    task_aware(this)=0.998  task_aware(mean_seen)=0.998  full(this)=0.043  spawn_events=0
  [phase 2/15: mnist_2_3] L1.H=16  frozen=n/a
    [epoch 0] loss=0.1878 acc=0.930 H=16 spawns=0
    [epoch 1] loss=0.0748 acc=0.965 H=16 spawns=0
    [epoch 2] loss=0.0535 acc=0.982 H=16 spawns=0
    [epoch 3] loss=0.0320 acc=0.982 H=16 spawns=0
    [epoch 4] loss=0.1149 acc=0.965 H=16 spawns=0
    [epoch 5] loss=0.1087 acc=0.947 H=16 spawns=0
    [epoch 6] loss=0.1064 acc=0.965 H=16 spawns=0
    [epoch 7] loss=0.0491 acc=0.982 H=16 spawns=0
    task_aware(this)=0.976  task_aware(mean_seen)=0.986  full(this)=0.231  spawn_events=0
  [phase 3/15: mnist_4_5] L1.H=16  frozen=n/a
    [epoch 0] loss=0.2560 acc=0.910 H=16 spawns=0
    [epoch 1] loss=0.1473 acc=0.941 H=16 spawns=0
    [epoch 2] loss=0.0723 acc=0.976 H=16 spawns=0
    [epoch 3] loss=0.0409 acc=0.984 H=16 spawns=0
    [epoch 4] loss=0.0859 acc=0.976 H=16 spawns=0
    [epoch 5] loss=0.0738 acc=0.980 H=16 spawns=0
    [epoch 6] loss=0.0517 acc=0.976 H=16 spawns=0
    [epoch 7] loss=0.0896 acc=0.973 H=16 spawns=0
    task_aware(this)=0.986  task_aware(mean_seen)=0.737  full(this)=0.000  spawn_events=0
  [phase 4/15: mnist_6_7] L1.H=16  frozen=n/a
    [epoch 0] loss=0.0569 acc=0.980 H=16 spawns=0
    [epoch 1] loss=0.0190 acc=0.993 H=16 spawns=0
    [epoch 2] loss=0.0135 acc=0.993 H=16 spawns=0
    [epoch 3] loss=0.0152 acc=0.993 H=16 spawns=0
    [epoch 4] loss=0.0214 acc=0.987 H=16 spawns=0
    [epoch 5] loss=0.0030 acc=1.000 H=16 spawns=0
    [epoch 6] loss=0.0377 acc=0.993 H=16 spawns=0
    [epoch 7] loss=0.0040 acc=1.000 H=16 spawns=0
    task_aware(this)=0.993  task_aware(mean_seen)=0.761  full(this)=0.000  spawn_events=0
  [phase 5/15: mnist_8_9] L1.H=16  frozen=n/a
    [epoch 0] loss=0.0275 acc=1.000 H=16 spawns=0
    [epoch 1] loss=0.1491 acc=0.917 H=16 spawns=0
    [epoch 2] loss=0.2970 acc=0.875 H=16 spawns=0
    [epoch 3] loss=0.1512 acc=0.958 H=16 spawns=0
    [epoch 4] loss=0.0947 acc=0.958 H=16 spawns=0
    [epoch 5] loss=0.0774 acc=0.917 H=16 spawns=0
    [epoch 6] loss=0.1253 acc=0.958 H=16 spawns=0
    [epoch 7] loss=0.0273 acc=1.000 H=16 spawns=0
    task_aware(this)=0.974  task_aware(mean_seen)=0.716  full(this)=0.087  spawn_events=0
  [phase 6/15: fashion_mnist_0_1] L1.H=16  frozen=n/a
    [epoch 0] loss=0.0700 acc=0.978 H=16 spawns=0
    [epoch 1] loss=0.0506 acc=0.982 H=16 spawns=0
    [epoch 2] loss=0.1518 acc=0.942 H=16 spawns=0
    [epoch 3] loss=0.0685 acc=0.978 H=16 spawns=0
    [epoch 4] loss=0.0798 acc=0.982 H=16 spawns=0
    [epoch 5] loss=0.0740 acc=0.973 H=16 spawns=0
    [epoch 6] loss=0.0404 acc=0.978 H=16 spawns=0
    [epoch 7] loss=0.0410 acc=0.991 H=16 spawns=0
    task_aware(this)=0.974  task_aware(mean_seen)=0.710  full(this)=0.391  spawn_events=0
  [phase 7/15: fashion_mnist_2_3] L1.H=16  frozen=n/a
    [epoch 0] loss=0.2807 acc=0.929 H=16 spawns=0
    [epoch 1] loss=0.1608 acc=0.933 H=16 spawns=0
    [epoch 2] loss=0.1113 acc=0.964 H=16 spawns=0
    [epoch 3] loss=0.1010 acc=0.969 H=16 spawns=0
    [epoch 4] loss=0.0897 acc=0.969 H=16 spawns=0
    [epoch 5] loss=0.0911 acc=0.969 H=16 spawns=0
    [epoch 6] loss=0.0426 acc=0.987 H=16 spawns=0
    [epoch 7] loss=0.1034 acc=0.955 H=16 spawns=0
    task_aware(this)=0.961  task_aware(mean_seen)=0.667  full(this)=0.000  spawn_events=0
  [phase 8/15: fashion_mnist_4_5] L1.H=16  frozen=n/a
    [epoch 0] loss=0.0495 acc=0.991 H=16 spawns=0
    [epoch 1] loss=0.0152 acc=0.996 H=16 spawns=0
    [epoch 2] loss=0.0026 acc=1.000 H=16 spawns=0
    [epoch 3] loss=0.0056 acc=1.000 H=16 spawns=0
    [epoch 4] loss=0.0153 acc=0.996 H=16 spawns=0
    [epoch 5] loss=0.0064 acc=1.000 H=16 spawns=0
    [epoch 6] loss=0.0027 acc=1.000 H=16 spawns=0
    [epoch 7] loss=0.0080 acc=0.996 H=16 spawns=0
    task_aware(this)=0.999  task_aware(mean_seen)=0.702  full(this)=0.030  spawn_events=0
  [phase 9/15: fashion_mnist_6_7] L1.H=16  frozen=n/a
    [epoch 0] loss=0.0024 acc=1.000 H=16 spawns=0
    [epoch 1] loss=0.0044 acc=1.000 H=16 spawns=0
    [epoch 2] loss=0.0092 acc=0.996 H=16 spawns=0
    [epoch 3] loss=0.0204 acc=0.991 H=16 spawns=0
    [epoch 4] loss=0.0059 acc=0.996 H=16 spawns=0
    [epoch 5] loss=0.0067 acc=0.996 H=16 spawns=0
    [epoch 6] loss=0.0011 acc=1.000 H=16 spawns=0
    [epoch 7] loss=0.0007 acc=1.000 H=16 spawns=0
    task_aware(this)=0.999  task_aware(mean_seen)=0.737  full(this)=0.174  spawn_events=0
  [phase 10/15: fashion_mnist_8_9] L1.H=16  frozen=n/a
    [epoch 0] loss=0.4097 acc=0.857 H=16 spawns=0
    [epoch 1] loss=0.0252 acc=1.000 H=16 spawns=0
    [epoch 2] loss=0.0289 acc=0.996 H=16 spawns=0
    [epoch 3] loss=0.0176 acc=0.991 H=16 spawns=0
    [epoch 4] loss=0.0195 acc=0.991 H=16 spawns=0
    [epoch 5] loss=0.0171 acc=0.991 H=16 spawns=0
    [epoch 6] loss=0.0029 acc=1.000 H=16 spawns=0
    [epoch 7] loss=0.0028 acc=1.000 H=16 spawns=0
    task_aware(this)=0.993  task_aware(mean_seen)=0.717  full(this)=0.472  spawn_events=0
  [phase 11/15: emnist_letters_0_1] L1.H=16  frozen=n/a
    [epoch 0] loss=0.2801 acc=0.891 H=16 spawns=0
    [epoch 1] loss=0.1833 acc=0.945 H=16 spawns=0
    [epoch 2] loss=0.1132 acc=0.961 H=16 spawns=0
    [epoch 3] loss=0.1040 acc=0.969 H=16 spawns=0
    [epoch 4] loss=0.2041 acc=0.906 H=16 spawns=0
    [epoch 5] loss=0.0761 acc=0.984 H=16 spawns=0
    [epoch 6] loss=0.0621 acc=0.977 H=16 spawns=0
    [epoch 7] loss=0.1188 acc=0.945 H=16 spawns=0
    task_aware(this)=0.960  task_aware(mean_seen)=0.769  full(this)=0.122  spawn_events=0
  [phase 12/15: emnist_letters_2_3] L1.H=16  frozen=n/a
    [epoch 0] loss=0.2445 acc=0.914 H=16 spawns=0
    [epoch 1] loss=0.1064 acc=0.969 H=16 spawns=0
    [epoch 2] loss=0.1331 acc=0.938 H=16 spawns=0
    [epoch 3] loss=0.0638 acc=0.977 H=16 spawns=0
    [epoch 4] loss=0.0382 acc=0.984 H=16 spawns=0
    [epoch 5] loss=0.0472 acc=0.984 H=16 spawns=0
    [epoch 6] loss=0.1020 acc=0.953 H=16 spawns=0
    [epoch 7] loss=0.0598 acc=0.977 H=16 spawns=0
    task_aware(this)=0.968  task_aware(mean_seen)=0.681  full(this)=0.287  spawn_events=0
  [phase 13/15: emnist_letters_4_5] L1.H=16  frozen=n/a
    [epoch 0] loss=0.3173 acc=0.891 H=16 spawns=0
    [epoch 1] loss=0.1763 acc=0.938 H=16 spawns=0
    [epoch 2] loss=0.1006 acc=0.953 H=16 spawns=0
    [epoch 3] loss=0.1008 acc=0.969 H=16 spawns=0
    [epoch 4] loss=0.1342 acc=0.945 H=16 spawns=0
    [epoch 5] loss=0.0830 acc=0.961 H=16 spawns=0
    [epoch 6] loss=0.0544 acc=0.984 H=16 spawns=0
    [epoch 7] loss=0.0243 acc=0.992 H=16 spawns=0
    task_aware(this)=0.973  task_aware(mean_seen)=0.654  full(this)=0.000  spawn_events=0
  [phase 14/15: emnist_letters_6_7] L1.H=16  frozen=n/a
    [epoch 0] loss=0.6150 acc=0.703 H=16 spawns=0
    [epoch 1] loss=0.4025 acc=0.844 H=16 spawns=0
    [epoch 2] loss=0.2258 acc=0.930 H=16 spawns=0
    [epoch 3] loss=0.1797 acc=0.914 H=16 spawns=0
    [epoch 4] loss=0.1521 acc=0.938 H=16 spawns=0
    [epoch 5] loss=0.1847 acc=0.922 H=16 spawns=0
    [epoch 6] loss=0.1516 acc=0.930 H=16 spawns=0
    [epoch 7] loss=0.1499 acc=0.945 H=16 spawns=0
    task_aware(this)=0.949  task_aware(mean_seen)=0.648  full(this)=0.000  spawn_events=0
  [phase 15/15: emnist_letters_8_9] L1.H=16  frozen=n/a
    [epoch 0] loss=0.3357 acc=0.852 H=16 spawns=0
    [epoch 1] loss=0.2708 acc=0.914 H=16 spawns=0
    [epoch 2] loss=0.2109 acc=0.914 H=16 spawns=0
    [epoch 3] loss=0.2397 acc=0.938 H=16 spawns=0
    [epoch 4] loss=0.1742 acc=0.914 H=16 spawns=0
    [epoch 5] loss=0.1683 acc=0.930 H=16 spawns=0
    [epoch 6] loss=0.1950 acc=0.938 H=16 spawns=0
    [epoch 7] loss=0.1032 acc=0.969 H=16 spawns=0
    task_aware(this)=0.928  task_aware(mean_seen)=0.581  full(this)=0.000  spawn_events=0
[seed 2  arm BASELINE_frozen]  task_aware_mean=0.581  full_mean=0.036  max|drift|_ta=0.683  H=16  spawns=0  frozen=0  elapsed=28.7s

========== SEED 2  ARM: AXIS6_emerge ==========
  [phase 1/15: mnist_0_1] L1.H=16  frozen=n/a
    [epoch 0] loss=0.0029 acc=1.000 H=16 spawns=0 stress_max=0.0009 epi_A_max=0.0033 epi_B_max=0.2162
    [epoch 1] loss=0.0001 acc=1.000 H=17 spawns=1 stress_max=0.0006 epi_A_max=0.0045 epi_B_max=0.1834
    [epoch 2] loss=0.0181 acc=0.992 H=18 spawns=2 stress_max=0.0005 epi_A_max=0.0052 epi_B_max=0.1668
    [epoch 3] loss=0.0165 acc=0.992 H=19 spawns=3 stress_max=0.0003 epi_A_max=0.0058 epi_B_max=0.2473
    [epoch 4] loss=0.0000 acc=1.000 H=20 spawns=4 stress_max=0.0002 epi_A_max=0.0059 epi_B_max=0.2123
    [epoch 5] loss=0.0050 acc=1.000 H=21 spawns=5 stress_max=0.0002 epi_A_max=0.0062 epi_B_max=0.2453
    [epoch 6] loss=0.0003 acc=1.000 H=21 spawns=5 stress_max=0.0001 epi_A_max=0.0065 epi_B_max=0.1982
    [epoch 7] loss=0.0003 acc=1.000 H=21 spawns=5 stress_max=0.0001 epi_A_max=0.0068 epi_B_max=0.1927
    task_aware(this)=0.999  task_aware(mean_seen)=0.999  full(this)=0.487  spawn_events=5
  [phase 2/15: mnist_2_3] L1.H=21  frozen=n/a
    [epoch 0] loss=0.3660 acc=0.895 H=21 spawns=0 stress_max=0.0021 epi_A_max=0.0041 epi_B_max=0.4453
    [epoch 1] loss=0.1309 acc=0.947 H=22 spawns=1 stress_max=0.0027 epi_A_max=0.0090 epi_B_max=0.3061
    [epoch 2] loss=0.1941 acc=0.930 H=23 spawns=2 stress_max=0.0027 epi_A_max=0.0127 epi_B_max=0.2346
    [epoch 3] loss=0.0671 acc=0.982 H=24 spawns=3 stress_max=0.0027 epi_A_max=0.0156 epi_B_max=0.2359
    [epoch 4] loss=0.0350 acc=0.982 H=25 spawns=4 stress_max=0.0024 epi_A_max=0.0176 epi_B_max=0.2496
    [epoch 5] loss=0.0144 acc=1.000 H=26 spawns=5 stress_max=0.0022 epi_A_max=0.0193 epi_B_max=0.1793
    [epoch 6] loss=0.0312 acc=1.000 H=26 spawns=5 stress_max=0.0020 epi_A_max=0.0245 epi_B_max=0.1440
    [epoch 7] loss=0.0700 acc=0.982 H=26 spawns=5 stress_max=0.0021 epi_A_max=0.0297 epi_B_max=0.1356
    task_aware(this)=0.979  task_aware(mean_seen)=0.988  full(this)=0.051  spawn_events=5
  [phase 3/15: mnist_4_5] L1.H=26  frozen=n/a
    [epoch 0] loss=0.1495 acc=0.945 H=27 spawns=1 stress_max=0.0038 epi_A_max=0.0059 epi_B_max=0.3979
    [epoch 1] loss=0.0476 acc=0.973 H=28 spawns=2 stress_max=0.0031 epi_A_max=0.0116 epi_B_max=0.2614
    [epoch 2] loss=0.0234 acc=0.992 H=28 spawns=2 stress_max=0.0024 epi_A_max=0.0164 epi_B_max=0.2297
    [epoch 3] loss=0.0386 acc=0.988 H=29 spawns=3 stress_max=0.0018 epi_A_max=0.0130 epi_B_max=0.2042
    [epoch 4] loss=0.0118 acc=0.996 H=30 spawns=4 stress_max=0.0014 epi_A_max=0.0141 epi_B_max=0.1940
    [epoch 5] loss=0.0535 acc=0.984 H=31 spawns=5 stress_max=0.0011 epi_A_max=0.0153 epi_B_max=0.1942
    [epoch 6] loss=0.0105 acc=0.996 H=31 spawns=5 stress_max=0.0009 epi_A_max=0.0178 epi_B_max=0.1745
    [epoch 7] loss=0.0059 acc=1.000 H=31 spawns=5 stress_max=0.0008 epi_A_max=0.0201 epi_B_max=0.1742
    task_aware(this)=0.995  task_aware(mean_seen)=0.896  full(this)=0.426  spawn_events=5
  [phase 4/15: mnist_6_7] L1.H=31  frozen=n/a
    [epoch 0] loss=0.0160 acc=0.993 H=31 spawns=0 stress_max=0.0012 epi_A_max=0.0033 epi_B_max=0.3280
    [epoch 1] loss=0.0147 acc=0.993 H=32 spawns=1 stress_max=0.0010 epi_A_max=0.0046 epi_B_max=0.2611
    [epoch 2] loss=0.0029 acc=1.000 H=33 spawns=2 stress_max=0.0008 epi_A_max=0.0048 epi_B_max=0.2574
    [epoch 3] loss=0.0112 acc=0.993 H=34 spawns=3 stress_max=0.0006 epi_A_max=0.0052 epi_B_max=0.2652
    [epoch 4] loss=0.0012 acc=1.000 H=35 spawns=4 stress_max=0.0004 epi_A_max=0.0055 epi_B_max=0.2524
    [epoch 5] loss=0.0001 acc=1.000 H=36 spawns=5 stress_max=0.0003 epi_A_max=0.0058 epi_B_max=0.2325
    [epoch 6] loss=0.0010 acc=1.000 H=36 spawns=5 stress_max=0.0002 epi_A_max=0.0061 epi_B_max=0.2195
    [epoch 7] loss=0.0062 acc=0.993 H=36 spawns=5 stress_max=0.0001 epi_A_max=0.0063 epi_B_max=0.2143
    task_aware(this)=0.997  task_aware(mean_seen)=0.864  full(this)=0.442  spawn_events=5
  [phase 5/15: mnist_8_9] L1.H=36  frozen=n/a
    [epoch 0] loss=0.0651 acc=0.958 H=36 spawns=0 stress_max=0.0011 epi_A_max=0.0018 epi_B_max=0.5344
    [epoch 1] loss=0.0431 acc=1.000 H=36 spawns=0 stress_max=0.0014 epi_A_max=0.0045 epi_B_max=0.5280
    [epoch 2] loss=0.0336 acc=1.000 H=37 spawns=1 stress_max=0.0015 epi_A_max=0.0069 epi_B_max=0.4012
    [epoch 3] loss=0.1628 acc=0.958 H=38 spawns=2 stress_max=0.0022 epi_A_max=0.0100 epi_B_max=0.3779
    [epoch 4] loss=0.0203 acc=1.000 H=39 spawns=3 stress_max=0.0023 epi_A_max=0.0104 epi_B_max=0.3478
    [epoch 5] loss=0.0059 acc=1.000 H=40 spawns=4 stress_max=0.0022 epi_A_max=0.0126 epi_B_max=0.3335
    [epoch 6] loss=0.0254 acc=1.000 H=41 spawns=5 stress_max=0.0022 epi_A_max=0.0139 epi_B_max=0.3370
    [epoch 7] loss=0.0032 acc=1.000 H=41 spawns=5 stress_max=0.0020 epi_A_max=0.0157 epi_B_max=0.3490
    task_aware(this)=0.979  task_aware(mean_seen)=0.750  full(this)=0.136  spawn_events=5
  [phase 6/15: fashion_mnist_0_1] L1.H=41  frozen=n/a
    [epoch 0] loss=0.1981 acc=0.929 H=41 spawns=0 stress_max=0.0028 epi_A_max=0.0028 epi_B_max=0.8061
    [epoch 1] loss=0.0672 acc=0.969 H=42 spawns=1 stress_max=0.0024 epi_A_max=0.0053 epi_B_max=0.7591
    [epoch 2] loss=0.0422 acc=0.991 H=43 spawns=2 stress_max=0.0019 epi_A_max=0.0072 epi_B_max=0.5001
    [epoch 3] loss=0.0519 acc=0.987 H=44 spawns=3 stress_max=0.0015 epi_A_max=0.0085 epi_B_max=0.4449
    [epoch 4] loss=0.0379 acc=0.982 H=45 spawns=4 stress_max=0.0013 epi_A_max=0.0097 epi_B_max=0.4601
    [epoch 5] loss=0.0491 acc=0.991 H=45 spawns=4 stress_max=0.0012 epi_A_max=0.0107 epi_B_max=0.4504
    [epoch 6] loss=0.0405 acc=0.987 H=46 spawns=5 stress_max=0.0011 epi_A_max=0.0114 epi_B_max=0.4570
    [epoch 7] loss=0.0443 acc=0.987 H=46 spawns=5 stress_max=0.0011 epi_A_max=0.0121 epi_B_max=0.4647
    task_aware(this)=0.978  task_aware(mean_seen)=0.805  full(this)=0.375  spawn_events=5
  [phase 7/15: fashion_mnist_2_3] L1.H=46  frozen=n/a
    [epoch 0] loss=0.0996 acc=0.960 H=46 spawns=0 stress_max=0.0010 epi_A_max=0.0013 epi_B_max=0.7249
    [epoch 1] loss=0.1103 acc=0.955 H=46 spawns=0 stress_max=0.0010 epi_A_max=0.0025 epi_B_max=0.7463
    [epoch 2] loss=0.0736 acc=0.969 H=46 spawns=0 stress_max=0.0010 epi_A_max=0.0036 epi_B_max=0.7568
    [epoch 3] loss=0.0811 acc=0.964 H=46 spawns=0 stress_max=0.0009 epi_A_max=0.0046 epi_B_max=0.7600
    [epoch 4] loss=0.0768 acc=0.973 H=47 spawns=1 stress_max=0.0009 epi_A_max=0.0054 epi_B_max=0.7725
    [epoch 5] loss=0.0871 acc=0.973 H=48 spawns=2 stress_max=0.0008 epi_A_max=0.0059 epi_B_max=0.7173
    [epoch 6] loss=0.0908 acc=0.964 H=49 spawns=3 stress_max=0.0008 epi_A_max=0.0065 epi_B_max=0.6919
    [epoch 7] loss=0.0625 acc=0.978 H=50 spawns=4 stress_max=0.0008 epi_A_max=0.0070 epi_B_max=0.6960
    task_aware(this)=0.967  task_aware(mean_seen)=0.726  full(this)=0.000  spawn_events=4
  [phase 8/15: fashion_mnist_4_5] L1.H=50  frozen=n/a
    [epoch 0] loss=0.0143 acc=0.996 H=50 spawns=0 stress_max=0.0009 epi_A_max=0.0008 epi_B_max=0.6122
    [epoch 1] loss=0.0017 acc=1.000 H=50 spawns=0 stress_max=0.0006 epi_A_max=0.0014 epi_B_max=0.6732
    [epoch 2] loss=0.0007 acc=1.000 H=50 spawns=0 stress_max=0.0004 epi_A_max=0.0018 epi_B_max=0.6403
    [epoch 3] loss=0.0007 acc=1.000 H=50 spawns=0 stress_max=0.0003 epi_A_max=0.0021 epi_B_max=0.6253
    [epoch 4] loss=0.0007 acc=1.000 H=50 spawns=0 stress_max=0.0002 epi_A_max=0.0024 epi_B_max=0.5884
    [epoch 5] loss=0.0003 acc=1.000 H=50 spawns=0 stress_max=0.0001 epi_A_max=0.0025 epi_B_max=0.5795
    [epoch 6] loss=0.0051 acc=0.996 H=50 spawns=0 stress_max=0.0001 epi_A_max=0.0026 epi_B_max=0.5392
    [epoch 7] loss=0.0007 acc=1.000 H=50 spawns=0 stress_max=0.0001 epi_A_max=0.0027 epi_B_max=0.5010
    task_aware(this)=0.999  task_aware(mean_seen)=0.697  full(this)=0.458  spawn_events=0
  [phase 9/15: fashion_mnist_6_7] L1.H=50  frozen=n/a
    [epoch 0] loss=0.0061 acc=1.000 H=50 spawns=0 stress_max=0.0006 epi_A_max=0.0005 epi_B_max=0.5727
    [epoch 1] loss=0.0034 acc=1.000 H=50 spawns=0 stress_max=0.0004 epi_A_max=0.0008 epi_B_max=0.6118
    [epoch 2] loss=0.0011 acc=1.000 H=50 spawns=0 stress_max=0.0003 epi_A_max=0.0011 epi_B_max=0.6002
    [epoch 3] loss=0.0175 acc=0.996 H=50 spawns=0 stress_max=0.0002 epi_A_max=0.0012 epi_B_max=0.6124
    [epoch 4] loss=0.0010 acc=1.000 H=50 spawns=0 stress_max=0.0001 epi_A_max=0.0014 epi_B_max=0.6090
    [epoch 5] loss=0.0028 acc=1.000 H=50 spawns=0 stress_max=0.0001 epi_A_max=0.0015 epi_B_max=0.5893
    [epoch 6] loss=0.0022 acc=1.000 H=50 spawns=0 stress_max=0.0001 epi_A_max=0.0015 epi_B_max=0.5957
    [epoch 7] loss=0.0002 acc=1.000 H=50 spawns=0 stress_max=0.0001 epi_A_max=0.0016 epi_B_max=0.5942
    task_aware(this)=0.999  task_aware(mean_seen)=0.691  full(this)=0.000  spawn_events=0
  [phase 10/15: fashion_mnist_8_9] L1.H=50  frozen=n/a
    [epoch 0] loss=0.0822 acc=0.969 H=50 spawns=0 stress_max=0.0005 epi_A_max=0.0003 epi_B_max=0.9490
    [epoch 1] loss=0.0124 acc=0.996 H=50 spawns=0 stress_max=0.0003 epi_A_max=0.0006 epi_B_max=0.6625
    [epoch 2] loss=0.0034 acc=1.000 H=50 spawns=0 stress_max=0.0003 epi_A_max=0.0009 epi_B_max=0.5460
    [epoch 3] loss=0.0017 acc=1.000 H=50 spawns=0 stress_max=0.0002 epi_A_max=0.0012 epi_B_max=0.5525
    [epoch 4] loss=0.0229 acc=0.996 H=50 spawns=0 stress_max=0.0002 epi_A_max=0.0014 epi_B_max=0.5561
    [epoch 5] loss=0.0054 acc=1.000 H=50 spawns=0 stress_max=0.0002 epi_A_max=0.0016 epi_B_max=0.5798
    [epoch 6] loss=0.0029 acc=1.000 H=50 spawns=0 stress_max=0.0002 epi_A_max=0.0017 epi_B_max=0.5916
    [epoch 7] loss=0.0018 acc=1.000 H=50 spawns=0 stress_max=0.0001 epi_A_max=0.0019 epi_B_max=0.6252
    task_aware(this)=0.996  task_aware(mean_seen)=0.759  full(this)=0.000  spawn_events=0
  [phase 11/15: emnist_letters_0_1] L1.H=50  frozen=n/a
    [epoch 0] loss=0.1419 acc=0.938 H=50 spawns=0 stress_max=0.0008 epi_A_max=0.0003 epi_B_max=0.4909
    [epoch 1] loss=0.1809 acc=0.922 H=50 spawns=0 stress_max=0.0013 epi_A_max=0.0015 epi_B_max=0.5231
    [epoch 2] loss=0.1446 acc=0.961 H=50 spawns=0 stress_max=0.0016 epi_A_max=0.0030 epi_B_max=0.5098
    [epoch 3] loss=0.0874 acc=0.969 H=50 spawns=0 stress_max=0.0020 epi_A_max=0.0047 epi_B_max=0.4851
    [epoch 4] loss=0.0536 acc=0.984 H=51 spawns=1 stress_max=0.0023 epi_A_max=0.0049 epi_B_max=0.4472
    [epoch 5] loss=0.0969 acc=0.953 H=52 spawns=2 stress_max=0.0026 epi_A_max=0.0062 epi_B_max=0.4442
    [epoch 6] loss=0.1092 acc=0.977 H=53 spawns=3 stress_max=0.0028 epi_A_max=0.0065 epi_B_max=0.4373
    [epoch 7] loss=0.0692 acc=0.984 H=53 spawns=3 stress_max=0.0028 epi_A_max=0.0077 epi_B_max=0.4316
    task_aware(this)=0.964  task_aware(mean_seen)=0.747  full(this)=0.535  spawn_events=3
  [phase 12/15: emnist_letters_2_3] L1.H=53  frozen=n/a
    [epoch 0] loss=0.1766 acc=0.930 H=53 spawns=0 stress_max=0.0024 epi_A_max=0.0014 epi_B_max=0.5857
    [epoch 1] loss=0.1370 acc=0.953 H=53 spawns=0 stress_max=0.0020 epi_A_max=0.0027 epi_B_max=0.5105
    [epoch 2] loss=0.0626 acc=0.953 H=53 spawns=0 stress_max=0.0017 epi_A_max=0.0038 epi_B_max=0.4881
    [epoch 3] loss=0.0802 acc=0.969 H=53 spawns=0 stress_max=0.0015 epi_A_max=0.0049 epi_B_max=0.4491
    [epoch 4] loss=0.0957 acc=0.961 H=54 spawns=1 stress_max=0.0013 epi_A_max=0.0057 epi_B_max=0.4788
    [epoch 5] loss=0.0568 acc=0.984 H=55 spawns=2 stress_max=0.0012 epi_A_max=0.0064 epi_B_max=0.4482
    [epoch 6] loss=0.0375 acc=0.992 H=56 spawns=3 stress_max=0.0011 epi_A_max=0.0070 epi_B_max=0.4394
    [epoch 7] loss=0.0601 acc=0.977 H=56 spawns=3 stress_max=0.0010 epi_A_max=0.0078 epi_B_max=0.4256
    task_aware(this)=0.977  task_aware(mean_seen)=0.595  full(this)=0.278  spawn_events=3
  [phase 13/15: emnist_letters_4_5] L1.H=56  frozen=n/a
    [epoch 0] loss=0.1496 acc=0.945 H=56 spawns=0 stress_max=0.0012 epi_A_max=0.0010 epi_B_max=0.8759
    [epoch 1] loss=0.0848 acc=0.977 H=56 spawns=0 stress_max=0.0012 epi_A_max=0.0019 epi_B_max=0.7488
    [epoch 2] loss=0.0789 acc=0.961 H=56 spawns=0 stress_max=0.0013 epi_A_max=0.0027 epi_B_max=0.5981
    [epoch 3] loss=0.1012 acc=0.945 H=56 spawns=0 stress_max=0.0015 epi_A_max=0.0037 epi_B_max=0.4588
    [epoch 4] loss=0.0465 acc=0.977 H=56 spawns=0 stress_max=0.0016 epi_A_max=0.0047 epi_B_max=0.4216
    [epoch 5] loss=0.0518 acc=0.969 H=57 spawns=1 stress_max=0.0017 epi_A_max=0.0054 epi_B_max=0.3979
    [epoch 6] loss=0.0264 acc=1.000 H=58 spawns=2 stress_max=0.0017 epi_A_max=0.0063 epi_B_max=0.3874
    [epoch 7] loss=0.0667 acc=0.984 H=59 spawns=3 stress_max=0.0017 epi_A_max=0.0065 epi_B_max=0.4046
    task_aware(this)=0.984  task_aware(mean_seen)=0.675  full(this)=0.181  spawn_events=3
  [phase 14/15: emnist_letters_6_7] L1.H=59  frozen=n/a
    [epoch 0] loss=0.1119 acc=0.969 H=59 spawns=0 stress_max=0.0013 epi_A_max=0.0009 epi_B_max=0.6344
    [epoch 1] loss=0.2059 acc=0.914 H=59 spawns=0 stress_max=0.0013 epi_A_max=0.0020 epi_B_max=0.7315
    [epoch 2] loss=0.0566 acc=0.977 H=59 spawns=0 stress_max=0.0017 epi_A_max=0.0033 epi_B_max=0.7433
    [epoch 3] loss=0.1608 acc=0.930 H=59 spawns=0 stress_max=0.0019 epi_A_max=0.0047 epi_B_max=0.7234
    [epoch 4] loss=0.0280 acc=0.992 H=60 spawns=1 stress_max=0.0020 epi_A_max=0.0059 epi_B_max=0.7148
    [epoch 5] loss=0.0582 acc=0.984 H=61 spawns=2 stress_max=0.0020 epi_A_max=0.0070 epi_B_max=0.7004
    [epoch 6] loss=0.0687 acc=0.977 H=62 spawns=3 stress_max=0.0020 epi_A_max=0.0078 epi_B_max=0.6943
    [epoch 7] loss=0.0383 acc=0.992 H=62 spawns=3 stress_max=0.0019 epi_A_max=0.0088 epi_B_max=0.6940
    task_aware(this)=0.966  task_aware(mean_seen)=0.693  full(this)=0.090  spawn_events=3
  [phase 15/15: emnist_letters_8_9] L1.H=62  frozen=n/a
    [epoch 0] loss=0.1867 acc=0.953 H=62 spawns=0 stress_max=0.0018 epi_A_max=0.0011 epi_B_max=0.7656
    [epoch 1] loss=0.1378 acc=0.938 H=62 spawns=0 stress_max=0.0021 epi_A_max=0.0024 epi_B_max=0.6907
    [epoch 2] loss=0.1052 acc=0.961 H=62 spawns=0 stress_max=0.0023 epi_A_max=0.0039 epi_B_max=0.5835
    [epoch 3] loss=0.2048 acc=0.906 H=63 spawns=1 stress_max=0.0025 epi_A_max=0.0053 epi_B_max=0.5084
    [epoch 4] loss=0.0841 acc=0.977 H=63 spawns=1 stress_max=0.0026 epi_A_max=0.0069 epi_B_max=0.4548
    [epoch 5] loss=0.1236 acc=0.961 H=64 spawns=2 stress_max=0.0026 epi_A_max=0.0081 epi_B_max=0.4595
    [epoch 6] loss=0.1189 acc=0.945 H=65 spawns=3 stress_max=0.0026 epi_A_max=0.0095 epi_B_max=0.4432
    [epoch 7] loss=0.0751 acc=0.969 H=66 spawns=4 stress_max=0.0025 epi_A_max=0.0109 epi_B_max=0.4162
    task_aware(this)=0.954  task_aware(mean_seen)=0.671  full(this)=0.031  spawn_events=4
[seed 2  arm AXIS6_emerge]  task_aware_mean=0.671  full_mean=0.078  max|drift|_ta=0.535  H=66  spawns=50  frozen=0  elapsed=30.9s

========== SEED 2  ARM: AXIS6_credit ==========
  [phase 1/15: mnist_0_1] L1.H=16  frozen=0
    [epoch 0] loss=0.0068 acc=1.000 H=16 spawns=0 stress_max=0.0008 epi_A_max=0.0029 epi_B_max=0.2071
    [epoch 1] loss=0.0002 acc=1.000 H=17 spawns=1 stress_max=0.0006 epi_A_max=0.0042 epi_B_max=0.1892
    [epoch 2] loss=0.0121 acc=0.992 H=18 spawns=2 stress_max=0.0005 epi_A_max=0.0050 epi_B_max=0.1731
    [epoch 3] loss=0.0006 acc=1.000 H=19 spawns=3 stress_max=0.0003 epi_A_max=0.0053 epi_B_max=0.1929
    [epoch 4] loss=0.0035 acc=1.000 H=20 spawns=4 stress_max=0.0002 epi_A_max=0.0056 epi_B_max=0.2059
    [epoch 5] loss=0.0016 acc=1.000 H=21 spawns=5 stress_max=0.0002 epi_A_max=0.0058 epi_B_max=0.1776
    [epoch 6] loss=0.0002 acc=1.000 H=21 spawns=5 stress_max=0.0002 epi_A_max=0.0063 epi_B_max=0.2061
    [epoch 7] loss=0.0000 acc=1.000 H=21 spawns=5 stress_max=0.0001 epi_A_max=0.0068 epi_B_max=0.2050
    task_aware(this)=0.998  task_aware(mean_seen)=0.998  full(this)=0.004  spawn_events=5
    [credit] +10 new; total frozen = 10/21
  [phase 2/15: mnist_2_3] L1.H=21  frozen=10
    [epoch 0] loss=0.2358 acc=0.930 H=22 spawns=1 stress_max=0.0044 epi_A_max=0.0075 epi_B_max=0.2789
    [epoch 1] loss=0.1405 acc=0.947 H=23 spawns=2 stress_max=0.0035 epi_A_max=0.0134 epi_B_max=0.1976
    [epoch 2] loss=0.1145 acc=0.965 H=24 spawns=3 stress_max=0.0034 epi_A_max=0.0204 epi_B_max=0.1928
    [epoch 3] loss=0.0787 acc=0.982 H=25 spawns=4 stress_max=0.0035 epi_A_max=0.0235 epi_B_max=0.1928
    [epoch 4] loss=0.0632 acc=0.982 H=26 spawns=5 stress_max=0.0037 epi_A_max=0.0269 epi_B_max=0.1951
    [epoch 5] loss=0.1425 acc=0.965 H=26 spawns=5 stress_max=0.0038 epi_A_max=0.0316 epi_B_max=0.1955
    [epoch 6] loss=0.0934 acc=0.982 H=26 spawns=5 stress_max=0.0036 epi_A_max=0.0363 epi_B_max=0.1952
    [epoch 7] loss=0.0904 acc=0.982 H=26 spawns=5 stress_max=0.0036 epi_A_max=0.0407 epi_B_max=0.1933
    task_aware(this)=0.968  task_aware(mean_seen)=0.983  full(this)=0.052  spawn_events=5
    [credit] +3 new; total frozen = 13/26
  [phase 3/15: mnist_4_5] L1.H=26  frozen=13
    [epoch 0] loss=0.2176 acc=0.918 H=27 spawns=1 stress_max=0.0057 epi_A_max=0.0083 epi_B_max=0.2726
    [epoch 1] loss=0.1110 acc=0.976 H=28 spawns=2 stress_max=0.0043 epi_A_max=0.0167 epi_B_max=0.2071
    [epoch 2] loss=0.0467 acc=0.980 H=29 spawns=3 stress_max=0.0031 epi_A_max=0.0216 epi_B_max=0.1786
    [epoch 3] loss=0.0655 acc=0.976 H=29 spawns=3 stress_max=0.0026 epi_A_max=0.0274 epi_B_max=0.1622
    [epoch 4] loss=0.0322 acc=0.984 H=30 spawns=4 stress_max=0.0028 epi_A_max=0.0289 epi_B_max=0.1476
    [epoch 5] loss=0.0490 acc=0.984 H=31 spawns=5 stress_max=0.0029 epi_A_max=0.0322 epi_B_max=0.1485
    [epoch 6] loss=0.0720 acc=0.984 H=31 spawns=5 stress_max=0.0029 epi_A_max=0.0361 epi_B_max=0.1443
    [epoch 7] loss=0.0247 acc=0.996 H=31 spawns=5 stress_max=0.0030 epi_A_max=0.0397 epi_B_max=0.1555
    task_aware(this)=0.987  task_aware(mean_seen)=0.984  full(this)=0.325  spawn_events=5
    [credit] +3 new; total frozen = 16/31
  [phase 4/15: mnist_6_7] L1.H=31  frozen=16
    [epoch 0] loss=0.0553 acc=0.987 H=32 spawns=1 stress_max=0.0049 epi_A_max=0.0062 epi_B_max=0.1520
    [epoch 1] loss=0.0112 acc=1.000 H=33 spawns=2 stress_max=0.0033 epi_A_max=0.0111 epi_B_max=0.2038
    [epoch 2] loss=0.0158 acc=0.993 H=34 spawns=3 stress_max=0.0022 epi_A_max=0.0146 epi_B_max=0.2171
    [epoch 3] loss=0.0102 acc=1.000 H=35 spawns=4 stress_max=0.0014 epi_A_max=0.0168 epi_B_max=0.2336
    [epoch 4] loss=0.0056 acc=1.000 H=36 spawns=5 stress_max=0.0010 epi_A_max=0.0175 epi_B_max=0.2289
    [epoch 5] loss=0.0150 acc=0.993 H=36 spawns=5 stress_max=0.0010 epi_A_max=0.0191 epi_B_max=0.2337
    [epoch 6] loss=0.0024 acc=1.000 H=36 spawns=5 stress_max=0.0009 epi_A_max=0.0203 epi_B_max=0.2318
    [epoch 7] loss=0.0004 acc=1.000 H=36 spawns=5 stress_max=0.0009 epi_A_max=0.0212 epi_B_max=0.2373
    task_aware(this)=0.994  task_aware(mean_seen)=0.986  full(this)=0.238  spawn_events=5
    [credit] +2 new; total frozen = 18/36
  [phase 5/15: mnist_8_9] L1.H=36  frozen=18
    [epoch 0] loss=0.3602 acc=0.833 H=36 spawns=0 stress_max=0.0028 epi_A_max=0.0036 epi_B_max=0.2805
    [epoch 1] loss=0.2050 acc=0.833 H=37 spawns=1 stress_max=0.0034 epi_A_max=0.0071 epi_B_max=0.2899
    [epoch 2] loss=0.1745 acc=0.917 H=38 spawns=2 stress_max=0.0038 epi_A_max=0.0127 epi_B_max=0.2812
    [epoch 3] loss=0.1730 acc=0.958 H=39 spawns=3 stress_max=0.0050 epi_A_max=0.0179 epi_B_max=0.2807
    [epoch 4] loss=0.1069 acc=0.958 H=40 spawns=4 stress_max=0.0059 epi_A_max=0.0235 epi_B_max=0.2862
    [epoch 5] loss=0.1488 acc=0.958 H=41 spawns=5 stress_max=0.0066 epi_A_max=0.0294 epi_B_max=0.2862
    [epoch 6] loss=0.0074 acc=1.000 H=41 spawns=5 stress_max=0.0063 epi_A_max=0.0357 epi_B_max=0.2841
    [epoch 7] loss=0.1991 acc=0.958 H=41 spawns=5 stress_max=0.0066 epi_A_max=0.0415 epi_B_max=0.2819
    task_aware(this)=0.965  task_aware(mean_seen)=0.982  full(this)=0.147  spawn_events=5
    [credit] +2 new; total frozen = 20/41
  [phase 6/15: fashion_mnist_0_1] L1.H=41  frozen=20
    [epoch 0] loss=0.1448 acc=0.951 H=42 spawns=1 stress_max=0.0046 epi_A_max=0.0072 epi_B_max=0.4729
    [epoch 1] loss=0.1239 acc=0.946 H=43 spawns=2 stress_max=0.0042 epi_A_max=0.0131 epi_B_max=0.4761
    [epoch 2] loss=0.0706 acc=0.964 H=44 spawns=3 stress_max=0.0036 epi_A_max=0.0173 epi_B_max=0.4822
    [epoch 3] loss=0.0836 acc=0.978 H=45 spawns=4 stress_max=0.0029 epi_A_max=0.0204 epi_B_max=0.4788
    [epoch 4] loss=0.0743 acc=0.964 H=46 spawns=5 stress_max=0.0030 epi_A_max=0.0228 epi_B_max=0.4770
    [epoch 5] loss=0.0972 acc=0.964 H=46 spawns=5 stress_max=0.0029 epi_A_max=0.0251 epi_B_max=0.4747
    [epoch 6] loss=0.0300 acc=0.996 H=46 spawns=5 stress_max=0.0028 epi_A_max=0.0275 epi_B_max=0.4720
    [epoch 7] loss=0.0365 acc=0.982 H=46 spawns=5 stress_max=0.0026 epi_A_max=0.0305 epi_B_max=0.4774
    task_aware(this)=0.979  task_aware(mean_seen)=0.982  full(this)=0.306  spawn_events=5
    [credit] +2 new; total frozen = 22/46
  [phase 7/15: fashion_mnist_2_3] L1.H=46  frozen=22
    [epoch 0] loss=0.1551 acc=0.942 H=46 spawns=0 stress_max=0.0030 epi_A_max=0.0036 epi_B_max=0.4801
    [epoch 1] loss=0.0486 acc=0.991 H=47 spawns=1 stress_max=0.0029 epi_A_max=0.0053 epi_B_max=0.4839
    [epoch 2] loss=0.1319 acc=0.942 H=48 spawns=2 stress_max=0.0025 epi_A_max=0.0075 epi_B_max=0.4814
    [epoch 3] loss=0.1156 acc=0.955 H=49 spawns=3 stress_max=0.0022 epi_A_max=0.0094 epi_B_max=0.4852
    [epoch 4] loss=0.1236 acc=0.969 H=50 spawns=4 stress_max=0.0020 epi_A_max=0.0115 epi_B_max=0.4869
    [epoch 5] loss=0.1166 acc=0.960 H=51 spawns=5 stress_max=0.0018 epi_A_max=0.0127 epi_B_max=0.4863
    [epoch 6] loss=0.1263 acc=0.951 H=51 spawns=5 stress_max=0.0019 epi_A_max=0.0142 epi_B_max=0.4848
    [epoch 7] loss=0.0653 acc=0.982 H=51 spawns=5 stress_max=0.0021 epi_A_max=0.0156 epi_B_max=0.4856
    task_aware(this)=0.965  task_aware(mean_seen)=0.979  full(this)=0.156  spawn_events=5
    [credit] +1 new; total frozen = 23/51
  [phase 8/15: fashion_mnist_4_5] L1.H=51  frozen=23
    [epoch 0] loss=0.0677 acc=0.987 H=51 spawns=0 stress_max=0.0018 epi_A_max=0.0029 epi_B_max=0.4717
    [epoch 1] loss=0.0461 acc=0.991 H=52 spawns=1 stress_max=0.0015 epi_A_max=0.0044 epi_B_max=0.4732
    [epoch 2] loss=0.0370 acc=0.982 H=53 spawns=2 stress_max=0.0012 epi_A_max=0.0056 epi_B_max=0.4741
    [epoch 3] loss=0.0101 acc=0.996 H=54 spawns=3 stress_max=0.0011 epi_A_max=0.0075 epi_B_max=0.4760
    [epoch 4] loss=0.0094 acc=0.996 H=54 spawns=3 stress_max=0.0008 epi_A_max=0.0088 epi_B_max=0.4771
    [epoch 5] loss=0.0167 acc=0.991 H=55 spawns=4 stress_max=0.0005 epi_A_max=0.0096 epi_B_max=0.4676
    [epoch 6] loss=0.0016 acc=1.000 H=56 spawns=5 stress_max=0.0004 epi_A_max=0.0095 epi_B_max=0.4698
    [epoch 7] loss=0.0009 acc=1.000 H=56 spawns=5 stress_max=0.0003 epi_A_max=0.0099 epi_B_max=0.4728
    task_aware(this)=0.999  task_aware(mean_seen)=0.982  full(this)=0.137  spawn_events=5
    [credit] +1 new; total frozen = 24/56
  [phase 9/15: fashion_mnist_6_7] L1.H=56  frozen=24
    [epoch 0] loss=0.0203 acc=0.996 H=56 spawns=0 stress_max=0.0016 epi_A_max=0.0012 epi_B_max=0.4612
    [epoch 1] loss=0.0092 acc=1.000 H=56 spawns=0 stress_max=0.0012 epi_A_max=0.0024 epi_B_max=0.4653
    [epoch 2] loss=0.0137 acc=0.996 H=56 spawns=0 stress_max=0.0009 epi_A_max=0.0033 epi_B_max=0.4642
    [epoch 3] loss=0.0179 acc=0.996 H=56 spawns=0 stress_max=0.0006 epi_A_max=0.0040 epi_B_max=0.4646
    [epoch 4] loss=0.0351 acc=0.987 H=56 spawns=0 stress_max=0.0005 epi_A_max=0.0046 epi_B_max=0.4666
    [epoch 5] loss=0.0200 acc=0.991 H=56 spawns=0 stress_max=0.0004 epi_A_max=0.0050 epi_B_max=0.4678
    [epoch 6] loss=0.0026 acc=1.000 H=57 spawns=1 stress_max=0.0003 epi_A_max=0.0053 epi_B_max=0.4643
    [epoch 7] loss=0.0010 acc=1.000 H=58 spawns=2 stress_max=0.0002 epi_A_max=0.0054 epi_B_max=0.4681
    task_aware(this)=0.999  task_aware(mean_seen)=0.984  full(this)=0.541  spawn_events=2
    [credit] +1 new; total frozen = 25/58
  [phase 10/15: fashion_mnist_8_9] L1.H=58  frozen=25
    [epoch 0] loss=0.2293 acc=0.911 H=58 spawns=0 stress_max=0.0017 epi_A_max=0.0013 epi_B_max=0.6226
    [epoch 1] loss=0.1206 acc=0.960 H=58 spawns=0 stress_max=0.0021 epi_A_max=0.0037 epi_B_max=0.6314
    [epoch 2] loss=0.0664 acc=0.978 H=59 spawns=1 stress_max=0.0022 epi_A_max=0.0055 epi_B_max=0.6243
    [epoch 3] loss=0.0081 acc=1.000 H=60 spawns=2 stress_max=0.0015 epi_A_max=0.0072 epi_B_max=0.6233
    [epoch 4] loss=0.0046 acc=1.000 H=61 spawns=3 stress_max=0.0010 epi_A_max=0.0082 epi_B_max=0.6305
    [epoch 5] loss=0.0027 acc=1.000 H=62 spawns=4 stress_max=0.0007 epi_A_max=0.0086 epi_B_max=0.6315
    [epoch 6] loss=0.0126 acc=0.996 H=63 spawns=5 stress_max=0.0005 epi_A_max=0.0091 epi_B_max=0.6263
    [epoch 7] loss=0.0012 acc=1.000 H=63 spawns=5 stress_max=0.0004 epi_A_max=0.0095 epi_B_max=0.6276
    task_aware(this)=0.996  task_aware(mean_seen)=0.985  full(this)=0.255  spawn_events=5
    [credit] +1 new; total frozen = 26/63
  [phase 11/15: emnist_letters_0_1] L1.H=63  frozen=26
    [epoch 0] loss=0.2004 acc=0.922 H=63 spawns=0 stress_max=0.0024 epi_A_max=0.0011 epi_B_max=0.4064
    [epoch 1] loss=0.1596 acc=0.914 H=63 spawns=0 stress_max=0.0023 epi_A_max=0.0027 epi_B_max=0.4134
    [epoch 2] loss=0.2728 acc=0.891 H=63 spawns=0 stress_max=0.0028 epi_A_max=0.0044 epi_B_max=0.4126
    [epoch 3] loss=0.1773 acc=0.938 H=64 spawns=1 stress_max=0.0034 epi_A_max=0.0064 epi_B_max=0.4147
    [epoch 4] loss=0.1146 acc=0.953 H=65 spawns=2 stress_max=0.0039 epi_A_max=0.0082 epi_B_max=0.4120
    [epoch 5] loss=0.1810 acc=0.930 H=65 spawns=2 stress_max=0.0042 epi_A_max=0.0104 epi_B_max=0.4121
    [epoch 6] loss=0.0941 acc=0.969 H=66 spawns=3 stress_max=0.0045 epi_A_max=0.0116 epi_B_max=0.4103
    [epoch 7] loss=0.1460 acc=0.922 H=67 spawns=4 stress_max=0.0046 epi_A_max=0.0135 epi_B_max=0.4137
    task_aware(this)=0.965  task_aware(mean_seen)=0.983  full(this)=0.192  spawn_events=4
    [credit] +1 new; total frozen = 27/67
  [phase 12/15: emnist_letters_2_3] L1.H=67  frozen=27
    [epoch 0] loss=0.2320 acc=0.914 H=67 spawns=0 stress_max=0.0035 epi_A_max=0.0027 epi_B_max=0.3777
    [epoch 1] loss=0.1218 acc=0.945 H=68 spawns=1 stress_max=0.0034 epi_A_max=0.0056 epi_B_max=0.3839
    [epoch 2] loss=0.1145 acc=0.945 H=68 spawns=1 stress_max=0.0030 epi_A_max=0.0084 epi_B_max=0.3823
    [epoch 3] loss=0.1249 acc=0.938 H=69 spawns=2 stress_max=0.0030 epi_A_max=0.0107 epi_B_max=0.3857
    [epoch 4] loss=0.0760 acc=0.969 H=70 spawns=3 stress_max=0.0031 epi_A_max=0.0121 epi_B_max=0.3869
    [epoch 5] loss=0.0569 acc=0.969 H=71 spawns=4 stress_max=0.0031 epi_A_max=0.0129 epi_B_max=0.3850
    [epoch 6] loss=0.0490 acc=0.969 H=71 spawns=4 stress_max=0.0029 epi_A_max=0.0145 epi_B_max=0.3852
    [epoch 7] loss=0.0384 acc=1.000 H=72 spawns=5 stress_max=0.0027 epi_A_max=0.0151 epi_B_max=0.3845
    task_aware(this)=0.971  task_aware(mean_seen)=0.977  full(this)=0.386  spawn_events=5
    [credit] +4 new; total frozen = 31/72
  [phase 13/15: emnist_letters_4_5] L1.H=72  frozen=31
    [epoch 0] loss=0.3265 acc=0.852 H=72 spawns=0 stress_max=0.0027 epi_A_max=0.0017 epi_B_max=0.4127
    [epoch 1] loss=0.2977 acc=0.852 H=72 spawns=0 stress_max=0.0026 epi_A_max=0.0038 epi_B_max=0.4220
    [epoch 2] loss=0.2599 acc=0.898 H=73 spawns=1 stress_max=0.0026 epi_A_max=0.0062 epi_B_max=0.4217
    [epoch 3] loss=0.0826 acc=0.961 H=74 spawns=2 stress_max=0.0026 epi_A_max=0.0086 epi_B_max=0.4199
    [epoch 4] loss=0.0296 acc=1.000 H=74 spawns=2 stress_max=0.0023 epi_A_max=0.0109 epi_B_max=0.4236
    [epoch 5] loss=0.0989 acc=0.953 H=75 spawns=3 stress_max=0.0026 epi_A_max=0.0127 epi_B_max=0.4211
    [epoch 6] loss=0.0925 acc=0.961 H=76 spawns=4 stress_max=0.0030 epi_A_max=0.0144 epi_B_max=0.4228
    [epoch 7] loss=0.0885 acc=0.984 H=77 spawns=5 stress_max=0.0032 epi_A_max=0.0156 epi_B_max=0.4213
    task_aware(this)=0.981  task_aware(mean_seen)=0.978  full(this)=0.059  spawn_events=5
    [credit] +2 new; total frozen = 33/77
  [phase 14/15: emnist_letters_6_7] L1.H=77  frozen=33
    [epoch 0] loss=0.2577 acc=0.914 H=77 spawns=0 stress_max=0.0025 epi_A_max=0.0023 epi_B_max=0.4339
    [epoch 1] loss=0.2169 acc=0.922 H=77 spawns=0 stress_max=0.0022 epi_A_max=0.0046 epi_B_max=0.4387
    [epoch 2] loss=0.2131 acc=0.938 H=78 spawns=1 stress_max=0.0030 epi_A_max=0.0065 epi_B_max=0.4392
    [epoch 3] loss=0.1475 acc=0.938 H=79 spawns=2 stress_max=0.0035 epi_A_max=0.0078 epi_B_max=0.4427
    [epoch 4] loss=0.0668 acc=0.992 H=80 spawns=3 stress_max=0.0037 epi_A_max=0.0095 epi_B_max=0.4389
    [epoch 5] loss=0.0597 acc=0.992 H=80 spawns=3 stress_max=0.0038 epi_A_max=0.0114 epi_B_max=0.4390
    [epoch 6] loss=0.1068 acc=0.953 H=81 spawns=4 stress_max=0.0039 epi_A_max=0.0121 epi_B_max=0.4419
    [epoch 7] loss=0.1160 acc=0.945 H=82 spawns=5 stress_max=0.0038 epi_A_max=0.0133 epi_B_max=0.4404
    task_aware(this)=0.957  task_aware(mean_seen)=0.976  full(this)=0.172  spawn_events=5
    [credit] +2 new; total frozen = 35/82
  [phase 15/15: emnist_letters_8_9] L1.H=82  frozen=35
    [epoch 0] loss=0.1784 acc=0.945 H=82 spawns=0 stress_max=0.0029 epi_A_max=0.0018 epi_B_max=0.3507
    [epoch 1] loss=0.1542 acc=0.953 H=82 spawns=0 stress_max=0.0023 epi_A_max=0.0037 epi_B_max=0.3559
    [epoch 2] loss=0.1585 acc=0.930 H=83 spawns=1 stress_max=0.0030 epi_A_max=0.0055 epi_B_max=0.3504
    [epoch 3] loss=0.1477 acc=0.930 H=83 spawns=1 stress_max=0.0039 epi_A_max=0.0071 epi_B_max=0.3604
    [epoch 4] loss=0.0887 acc=0.977 H=84 spawns=2 stress_max=0.0044 epi_A_max=0.0085 epi_B_max=0.3538
    [epoch 5] loss=0.1627 acc=0.930 H=85 spawns=3 stress_max=0.0048 epi_A_max=0.0104 epi_B_max=0.3499
    [epoch 6] loss=0.2125 acc=0.898 H=86 spawns=4 stress_max=0.0049 epi_A_max=0.0123 epi_B_max=0.3536
    [epoch 7] loss=0.1044 acc=0.953 H=87 spawns=5 stress_max=0.0048 epi_A_max=0.0144 epi_B_max=0.3574
    task_aware(this)=0.939  task_aware(mean_seen)=0.973  full(this)=0.037  spawn_events=5
    [credit] +4 new; total frozen = 39/87
[seed 2  arm AXIS6_credit]  task_aware_mean=0.973  full_mean=0.119  max|drift|_ta=0.057  H=87  spawns=71  frozen=39  elapsed=36.0s

========== SEED 2  ARM: AXIS6_credit_manifold ==========
  [phase 1/15: mnist_0_1] L1.H=16  frozen=0
    [epoch 0] loss=0.0019 acc=1.000 H=16 spawns=0 stress_max=0.0011 epi_A_max=0.0034 epi_B_max=0.2059
    [epoch 1] loss=0.0001 acc=1.000 H=17 spawns=1 stress_max=0.0008 epi_A_max=0.0050 epi_B_max=0.1576
    [epoch 2] loss=0.0003 acc=1.000 H=18 spawns=2 stress_max=0.0005 epi_A_max=0.0062 epi_B_max=0.1592
    [epoch 3] loss=0.0000 acc=1.000 H=19 spawns=3 stress_max=0.0004 epi_A_max=0.0066 epi_B_max=0.1851
    [epoch 4] loss=0.0196 acc=0.992 H=20 spawns=4 stress_max=0.0003 epi_A_max=0.0065 epi_B_max=0.1921
    [epoch 5] loss=0.0256 acc=0.992 H=21 spawns=5 stress_max=0.0002 epi_A_max=0.0066 epi_B_max=0.2775
    [epoch 6] loss=0.0012 acc=1.000 H=21 spawns=5 stress_max=0.0002 epi_A_max=0.0071 epi_B_max=0.2785
    [epoch 7] loss=0.0000 acc=1.000 H=21 spawns=5 stress_max=0.0001 epi_A_max=0.0074 epi_B_max=0.2593
    task_aware(this)=0.999  task_aware(mean_seen)=0.999  full(this)=0.000  spawn_events=5
    [credit] +12 new; total frozen = 12/21
    [manifold] stored 2 classes; total stored = 2 classes (n_l0=128)
  [phase 2/15: mnist_2_3] L1.H=21  frozen=12
    [epoch 0] loss=0.2959 acc=0.912 H=22 spawns=1 stress_max=0.0052 epi_A_max=0.0068 epi_B_max=0.2288
    [epoch 1] loss=0.0932 acc=0.982 H=23 spawns=2 stress_max=0.0046 epi_A_max=0.0152 epi_B_max=0.2302
    [epoch 2] loss=0.2118 acc=0.895 H=24 spawns=3 stress_max=0.0045 epi_A_max=0.0225 epi_B_max=0.2296
    [epoch 3] loss=0.0700 acc=0.982 H=25 spawns=4 stress_max=0.0055 epi_A_max=0.0287 epi_B_max=0.2297
    [epoch 4] loss=0.0731 acc=0.982 H=26 spawns=5 stress_max=0.0061 epi_A_max=0.0341 epi_B_max=0.2318
    [epoch 5] loss=0.1058 acc=0.982 H=26 spawns=5 stress_max=0.0062 epi_A_max=0.0402 epi_B_max=0.2331
    [epoch 6] loss=0.1218 acc=0.947 H=26 spawns=5 stress_max=0.0061 epi_A_max=0.0456 epi_B_max=0.2313
    [epoch 7] loss=0.0537 acc=0.982 H=26 spawns=5 stress_max=0.0058 epi_A_max=0.0543 epi_B_max=0.2320
    task_aware(this)=0.973  task_aware(mean_seen)=0.986  full(this)=0.000  spawn_events=5
    [credit] +2 new; total frozen = 14/26
    [manifold] stored 2 classes; total stored = 4 classes (n_l0=128)
  [phase 3/15: mnist_4_5] L1.H=26  frozen=14
    [epoch 0] loss=0.3360 acc=0.906 H=27 spawns=1 stress_max=0.0067 epi_A_max=0.0083 epi_B_max=0.3491
    [epoch 1] loss=0.1241 acc=0.976 H=28 spawns=2 stress_max=0.0049 epi_A_max=0.0154 epi_B_max=0.3006
    [epoch 2] loss=0.1184 acc=0.984 H=29 spawns=3 stress_max=0.0034 epi_A_max=0.0207 epi_B_max=0.3011
    [epoch 3] loss=0.1207 acc=0.976 H=30 spawns=4 stress_max=0.0023 epi_A_max=0.0253 epi_B_max=0.2988
    [epoch 4] loss=0.1257 acc=0.976 H=30 spawns=4 stress_max=0.0022 epi_A_max=0.0293 epi_B_max=0.3027
    [epoch 5] loss=0.0836 acc=0.976 H=31 spawns=5 stress_max=0.0021 epi_A_max=0.0291 epi_B_max=0.3001
    [epoch 6] loss=0.0622 acc=0.992 H=31 spawns=5 stress_max=0.0019 epi_A_max=0.0326 epi_B_max=0.2998
    [epoch 7] loss=0.0801 acc=0.992 H=31 spawns=5 stress_max=0.0019 epi_A_max=0.0359 epi_B_max=0.3005
    task_aware(this)=0.988  task_aware(mean_seen)=0.979  full(this)=0.002  spawn_events=5
    [credit] +3 new; total frozen = 17/31
    [manifold] stored 2 classes; total stored = 6 classes (n_l0=128)
  [phase 4/15: mnist_6_7] L1.H=31  frozen=17
    [epoch 0] loss=0.6114 acc=0.887 H=32 spawns=1 stress_max=0.0037 epi_A_max=0.0052 epi_B_max=0.2747
    [epoch 1] loss=0.4013 acc=0.993 H=33 spawns=2 stress_max=0.0026 epi_A_max=0.0106 epi_B_max=0.2774
    [epoch 2] loss=0.2793 acc=1.000 H=33 spawns=2 stress_max=0.0019 epi_A_max=0.0150 epi_B_max=0.2865
    [epoch 3] loss=0.2428 acc=1.000 H=34 spawns=3 stress_max=0.0014 epi_A_max=0.0183 epi_B_max=0.2933
    [epoch 4] loss=0.2624 acc=0.980 H=35 spawns=4 stress_max=0.0011 epi_A_max=0.0198 epi_B_max=0.3079
    [epoch 5] loss=0.1589 acc=0.993 H=36 spawns=5 stress_max=0.0010 epi_A_max=0.0207 epi_B_max=0.2978
    [epoch 6] loss=0.2418 acc=1.000 H=36 spawns=5 stress_max=0.0010 epi_A_max=0.0217 epi_B_max=0.2931
    [epoch 7] loss=0.2504 acc=1.000 H=36 spawns=5 stress_max=0.0009 epi_A_max=0.0225 epi_B_max=0.3001
    task_aware(this)=0.993  task_aware(mean_seen)=0.974  full(this)=0.000  spawn_events=5
    [credit] +1 new; total frozen = 18/36
    [manifold] stored 2 classes; total stored = 8 classes (n_l0=128)
  [phase 5/15: mnist_8_9] L1.H=36  frozen=18
    [epoch 0] loss=0.5812 acc=0.917 H=36 spawns=0 stress_max=0.0041 epi_A_max=0.0037 epi_B_max=0.2487
    [epoch 1] loss=0.5730 acc=0.875 H=37 spawns=1 stress_max=0.0039 epi_A_max=0.0076 epi_B_max=0.3449
    [epoch 2] loss=0.3201 acc=0.958 H=38 spawns=2 stress_max=0.0039 epi_A_max=0.0116 epi_B_max=0.3639
    [epoch 3] loss=0.5297 acc=0.917 H=39 spawns=3 stress_max=0.0049 epi_A_max=0.0154 epi_B_max=0.3424
    [epoch 4] loss=0.5900 acc=0.875 H=40 spawns=4 stress_max=0.0057 epi_A_max=0.0187 epi_B_max=0.3300
    [epoch 5] loss=0.4787 acc=1.000 H=41 spawns=5 stress_max=0.0056 epi_A_max=0.0225 epi_B_max=0.3455
    [epoch 6] loss=0.3178 acc=1.000 H=41 spawns=5 stress_max=0.0051 epi_A_max=0.0264 epi_B_max=0.3231
    [epoch 7] loss=0.5870 acc=0.917 H=41 spawns=5 stress_max=0.0052 epi_A_max=0.0300 epi_B_max=0.3399
    task_aware(this)=0.972  task_aware(mean_seen)=0.976  full(this)=0.000  spawn_events=5
    [credit] +3 new; total frozen = 21/41
    [manifold] stored 2 classes; total stored = 10 classes (n_l0=128)
  [phase 6/15: fashion_mnist_0_1] L1.H=41  frozen=21
    [epoch 0] loss=0.7347 acc=0.933 H=42 spawns=1 stress_max=0.0036 epi_A_max=0.0050 epi_B_max=0.7668
    [epoch 1] loss=0.5687 acc=0.964 H=43 spawns=2 stress_max=0.0031 epi_A_max=0.0092 epi_B_max=0.7715
    [epoch 2] loss=0.5702 acc=0.960 H=44 spawns=3 stress_max=0.0024 epi_A_max=0.0125 epi_B_max=0.7758
    [epoch 3] loss=0.6076 acc=0.982 H=44 spawns=3 stress_max=0.0019 epi_A_max=0.0153 epi_B_max=0.7755
    [epoch 4] loss=0.5324 acc=0.982 H=45 spawns=4 stress_max=0.0018 epi_A_max=0.0182 epi_B_max=0.7732
    [epoch 5] loss=0.6312 acc=0.964 H=46 spawns=5 stress_max=0.0018 epi_A_max=0.0187 epi_B_max=0.7776
    [epoch 6] loss=0.4520 acc=0.987 H=46 spawns=5 stress_max=0.0018 epi_A_max=0.0206 epi_B_max=0.7755
    [epoch 7] loss=0.5238 acc=0.978 H=46 spawns=5 stress_max=0.0017 epi_A_max=0.0222 epi_B_max=0.7808
    task_aware(this)=0.976  task_aware(mean_seen)=0.974  full(this)=0.000  spawn_events=5
    [credit] +2 new; total frozen = 23/46
    [manifold] stored 2 classes; total stored = 12 classes (n_l0=128)
  [phase 7/15: fashion_mnist_2_3] L1.H=46  frozen=23
    [epoch 0] loss=0.8843 acc=0.929 H=46 spawns=0 stress_max=0.0034 epi_A_max=0.0038 epi_B_max=0.6643
    [epoch 1] loss=0.4781 acc=0.978 H=47 spawns=1 stress_max=0.0032 epi_A_max=0.0073 epi_B_max=0.6612
    [epoch 2] loss=0.4749 acc=0.973 H=48 spawns=2 stress_max=0.0026 epi_A_max=0.0095 epi_B_max=0.6704
    [epoch 3] loss=0.4577 acc=0.987 H=49 spawns=3 stress_max=0.0021 epi_A_max=0.0118 epi_B_max=0.6701
    [epoch 4] loss=0.5079 acc=0.951 H=50 spawns=4 stress_max=0.0018 epi_A_max=0.0139 epi_B_max=0.6632
    [epoch 5] loss=0.5073 acc=0.969 H=51 spawns=5 stress_max=0.0017 epi_A_max=0.0154 epi_B_max=0.6667
    [epoch 6] loss=0.5144 acc=0.978 H=51 spawns=5 stress_max=0.0017 epi_A_max=0.0173 epi_B_max=0.6716
    [epoch 7] loss=0.5320 acc=0.978 H=51 spawns=5 stress_max=0.0017 epi_A_max=0.0191 epi_B_max=0.6643
    task_aware(this)=0.968  task_aware(mean_seen)=0.968  full(this)=0.000  spawn_events=5
    [credit] +3 new; total frozen = 26/51
    [manifold] stored 2 classes; total stored = 14 classes (n_l0=128)
  [phase 8/15: fashion_mnist_4_5] L1.H=51  frozen=26
    [epoch 0] loss=0.5198 acc=0.987 H=51 spawns=0 stress_max=0.0016 epi_A_max=0.0029 epi_B_max=0.5812
    [epoch 1] loss=0.5461 acc=0.987 H=52 spawns=1 stress_max=0.0014 epi_A_max=0.0050 epi_B_max=0.5769
    [epoch 2] loss=0.4634 acc=1.000 H=53 spawns=2 stress_max=0.0010 epi_A_max=0.0061 epi_B_max=0.5799
    [epoch 3] loss=0.4271 acc=1.000 H=54 spawns=3 stress_max=0.0007 epi_A_max=0.0066 epi_B_max=0.5881
    [epoch 4] loss=0.3093 acc=1.000 H=54 spawns=3 stress_max=0.0005 epi_A_max=0.0073 epi_B_max=0.5803
    [epoch 5] loss=0.4416 acc=1.000 H=55 spawns=4 stress_max=0.0003 epi_A_max=0.0078 epi_B_max=0.5780
    [epoch 6] loss=0.4871 acc=0.996 H=56 spawns=5 stress_max=0.0002 epi_A_max=0.0078 epi_B_max=0.6198
    [epoch 7] loss=0.4603 acc=0.996 H=56 spawns=5 stress_max=0.0002 epi_A_max=0.0080 epi_B_max=0.6312
    task_aware(this)=0.999  task_aware(mean_seen)=0.969  full(this)=0.000  spawn_events=5
    [credit] +1 new; total frozen = 27/56
    [manifold] stored 2 classes; total stored = 16 classes (n_l0=128)
  [phase 9/15: fashion_mnist_6_7] L1.H=56  frozen=27
    [epoch 0] loss=0.5381 acc=0.991 H=56 spawns=0 stress_max=0.0011 epi_A_max=0.0010 epi_B_max=0.5617
    [epoch 1] loss=0.5332 acc=1.000 H=56 spawns=0 stress_max=0.0009 epi_A_max=0.0019 epi_B_max=0.5603
    [epoch 2] loss=0.6070 acc=0.991 H=56 spawns=0 stress_max=0.0007 epi_A_max=0.0026 epi_B_max=0.5632
    [epoch 3] loss=0.5028 acc=1.000 H=56 spawns=0 stress_max=0.0006 epi_A_max=0.0033 epi_B_max=0.5645
    [epoch 4] loss=0.5002 acc=0.996 H=56 spawns=0 stress_max=0.0005 epi_A_max=0.0038 epi_B_max=0.5602
    [epoch 5] loss=0.5213 acc=0.996 H=56 spawns=0 stress_max=0.0004 epi_A_max=0.0042 epi_B_max=0.5738
    [epoch 6] loss=0.5896 acc=0.996 H=56 spawns=0 stress_max=0.0003 epi_A_max=0.0046 epi_B_max=0.5615
    [epoch 7] loss=0.4741 acc=1.000 H=57 spawns=1 stress_max=0.0003 epi_A_max=0.0049 epi_B_max=0.5745
    task_aware(this)=0.999  task_aware(mean_seen)=0.974  full(this)=0.000  spawn_events=1
    [credit] +0 new; total frozen = 27/57
    [manifold] stored 2 classes; total stored = 18 classes (n_l0=128)
  [phase 10/15: fashion_mnist_8_9] L1.H=57  frozen=27
    [epoch 0] loss=0.7299 acc=0.924 H=57 spawns=0 stress_max=0.0020 epi_A_max=0.0017 epi_B_max=0.6879
    [epoch 1] loss=0.7404 acc=0.987 H=57 spawns=0 stress_max=0.0022 epi_A_max=0.0039 epi_B_max=0.6953
    [epoch 2] loss=0.5329 acc=0.996 H=58 spawns=1 stress_max=0.0018 epi_A_max=0.0052 epi_B_max=0.6799
    [epoch 3] loss=0.5843 acc=1.000 H=59 spawns=2 stress_max=0.0012 epi_A_max=0.0063 epi_B_max=0.6836
    [epoch 4] loss=0.7310 acc=0.996 H=60 spawns=3 stress_max=0.0009 epi_A_max=0.0071 epi_B_max=0.6945
    [epoch 5] loss=0.6828 acc=1.000 H=61 spawns=4 stress_max=0.0006 epi_A_max=0.0078 epi_B_max=0.6863
    [epoch 6] loss=0.6182 acc=0.996 H=62 spawns=5 stress_max=0.0005 epi_A_max=0.0081 epi_B_max=0.6844
    [epoch 7] loss=0.6394 acc=0.996 H=62 spawns=5 stress_max=0.0004 epi_A_max=0.0085 epi_B_max=0.6947
    task_aware(this)=0.996  task_aware(mean_seen)=0.972  full(this)=0.000  spawn_events=5
    [credit] +1 new; total frozen = 28/62
    [manifold] stored 2 classes; total stored = 20 classes (n_l0=128)
  [phase 11/15: emnist_letters_0_1] L1.H=62  frozen=28
    [epoch 0] loss=0.8970 acc=0.930 H=62 spawns=0 stress_max=0.0018 epi_A_max=0.0010 epi_B_max=0.9019
    [epoch 1] loss=0.8294 acc=0.938 H=62 spawns=0 stress_max=0.0018 epi_A_max=0.0022 epi_B_max=0.9109
    [epoch 2] loss=0.7382 acc=0.984 H=62 spawns=0 stress_max=0.0025 epi_A_max=0.0034 epi_B_max=0.9154
    [epoch 3] loss=0.8382 acc=0.906 H=62 spawns=0 stress_max=0.0030 epi_A_max=0.0048 epi_B_max=0.9121
    [epoch 4] loss=0.7862 acc=0.953 H=63 spawns=1 stress_max=0.0033 epi_A_max=0.0063 epi_B_max=0.9205
    [epoch 5] loss=0.8774 acc=0.938 H=64 spawns=2 stress_max=0.0036 epi_A_max=0.0079 epi_B_max=0.9118
    [epoch 6] loss=0.8234 acc=0.969 H=65 spawns=3 stress_max=0.0038 epi_A_max=0.0093 epi_B_max=0.9232
    [epoch 7] loss=0.6736 acc=0.992 H=65 spawns=3 stress_max=0.0039 epi_A_max=0.0108 epi_B_max=0.9205
    task_aware(this)=0.962  task_aware(mean_seen)=0.972  full(this)=0.001  spawn_events=3
    [credit] +1 new; total frozen = 29/65
    [manifold] stored 2 classes; total stored = 22 classes (n_l0=128)
  [phase 12/15: emnist_letters_2_3] L1.H=65  frozen=29
    [epoch 0] loss=1.1661 acc=0.766 H=65 spawns=0 stress_max=0.0030 epi_A_max=0.0017 epi_B_max=0.8394
    [epoch 1] loss=1.0125 acc=0.852 H=65 spawns=0 stress_max=0.0032 epi_A_max=0.0037 epi_B_max=0.8495
    [epoch 2] loss=0.8474 acc=0.945 H=66 spawns=1 stress_max=0.0030 epi_A_max=0.0055 epi_B_max=0.8620
    [epoch 3] loss=1.0205 acc=0.977 H=67 spawns=2 stress_max=0.0024 epi_A_max=0.0074 epi_B_max=0.8512
    [epoch 4] loss=0.9695 acc=0.961 H=67 spawns=2 stress_max=0.0018 epi_A_max=0.0092 epi_B_max=0.8625
    [epoch 5] loss=0.7999 acc=0.977 H=68 spawns=3 stress_max=0.0019 epi_A_max=0.0106 epi_B_max=0.8548
    [epoch 6] loss=0.6458 acc=0.992 H=69 spawns=4 stress_max=0.0021 epi_A_max=0.0121 epi_B_max=0.8592
    [epoch 7] loss=0.8103 acc=0.984 H=70 spawns=5 stress_max=0.0021 epi_A_max=0.0133 epi_B_max=0.8526
    task_aware(this)=0.962  task_aware(mean_seen)=0.969  full(this)=0.000  spawn_events=5
    [credit] +3 new; total frozen = 32/70
    [manifold] stored 2 classes; total stored = 24 classes (n_l0=128)
  [phase 13/15: emnist_letters_4_5] L1.H=70  frozen=32
    [epoch 0] loss=0.9472 acc=0.961 H=70 spawns=0 stress_max=0.0017 epi_A_max=0.0016 epi_B_max=1.0656
    [epoch 1] loss=0.9395 acc=0.953 H=70 spawns=0 stress_max=0.0015 epi_A_max=0.0034 epi_B_max=1.0903
    [epoch 2] loss=0.8530 acc=0.977 H=71 spawns=1 stress_max=0.0020 epi_A_max=0.0054 epi_B_max=1.0901
    [epoch 3] loss=0.8184 acc=0.977 H=71 spawns=1 stress_max=0.0023 epi_A_max=0.0074 epi_B_max=1.0877
    [epoch 4] loss=0.9122 acc=0.977 H=72 spawns=2 stress_max=0.0025 epi_A_max=0.0085 epi_B_max=1.0894
    [epoch 5] loss=0.8486 acc=0.977 H=73 spawns=3 stress_max=0.0026 epi_A_max=0.0100 epi_B_max=1.0917
    [epoch 6] loss=0.8228 acc=0.984 H=74 spawns=4 stress_max=0.0027 epi_A_max=0.0096 epi_B_max=1.0884
    [epoch 7] loss=0.8475 acc=0.977 H=74 spawns=4 stress_max=0.0027 epi_A_max=0.0109 epi_B_max=1.0858
    task_aware(this)=0.976  task_aware(mean_seen)=0.965  full(this)=0.000  spawn_events=4
    [credit] +2 new; total frozen = 34/74
    [manifold] stored 2 classes; total stored = 26 classes (n_l0=128)
  [phase 14/15: emnist_letters_6_7] L1.H=74  frozen=34
    [epoch 0] loss=1.2549 acc=0.844 H=74 spawns=0 stress_max=0.0020 epi_A_max=0.0018 epi_B_max=0.8211
    [epoch 1] loss=1.1535 acc=0.938 H=74 spawns=0 stress_max=0.0019 epi_A_max=0.0038 epi_B_max=0.8371
    [epoch 2] loss=1.0122 acc=0.953 H=75 spawns=1 stress_max=0.0020 epi_A_max=0.0053 epi_B_max=0.8400
    [epoch 3] loss=1.0146 acc=0.953 H=76 spawns=2 stress_max=0.0026 epi_A_max=0.0065 epi_B_max=0.8396
    [epoch 4] loss=0.9191 acc=0.953 H=76 spawns=2 stress_max=0.0030 epi_A_max=0.0076 epi_B_max=0.8427
    [epoch 5] loss=0.9326 acc=0.945 H=77 spawns=3 stress_max=0.0032 epi_A_max=0.0090 epi_B_max=0.8365
    [epoch 6] loss=0.9269 acc=0.977 H=78 spawns=4 stress_max=0.0033 epi_A_max=0.0102 epi_B_max=0.8292
    [epoch 7] loss=0.9179 acc=0.922 H=79 spawns=5 stress_max=0.0033 epi_A_max=0.0114 epi_B_max=0.8325
    task_aware(this)=0.954  task_aware(mean_seen)=0.963  full(this)=0.000  spawn_events=5
    [credit] +4 new; total frozen = 38/79
    [manifold] stored 2 classes; total stored = 28 classes (n_l0=128)
  [phase 15/15: emnist_letters_8_9] L1.H=79  frozen=38
    [epoch 0] loss=1.1246 acc=0.875 H=79 spawns=0 stress_max=0.0026 epi_A_max=0.0022 epi_B_max=0.4977
    [epoch 1] loss=1.0294 acc=0.914 H=79 spawns=0 stress_max=0.0021 epi_A_max=0.0046 epi_B_max=0.5099
    [epoch 2] loss=1.0347 acc=0.891 H=80 spawns=1 stress_max=0.0017 epi_A_max=0.0050 epi_B_max=0.5100
    [epoch 3] loss=1.1394 acc=0.953 H=81 spawns=2 stress_max=0.0021 epi_A_max=0.0059 epi_B_max=0.5120
    [epoch 4] loss=0.9074 acc=0.969 H=82 spawns=3 stress_max=0.0025 epi_A_max=0.0075 epi_B_max=0.5084
    [epoch 5] loss=0.9093 acc=0.922 H=82 spawns=3 stress_max=0.0029 epi_A_max=0.0099 epi_B_max=0.5137
    [epoch 6] loss=1.0267 acc=0.930 H=83 spawns=4 stress_max=0.0031 epi_A_max=0.0114 epi_B_max=0.5098
    [epoch 7] loss=1.0553 acc=0.953 H=84 spawns=5 stress_max=0.0033 epi_A_max=0.0120 epi_B_max=0.5088
    task_aware(this)=0.934  task_aware(mean_seen)=0.957  full(this)=0.000  spawn_events=5
    [credit] +4 new; total frozen = 42/84
    [manifold] stored 2 classes; total stored = 30 classes (n_l0=128)
[seed 2  arm AXIS6_credit_manifold]  task_aware_mean=0.957  full_mean=0.553  max|drift|_ta=0.056  H=84  spawns=68  frozen=42  elapsed=70.6s

========================================================================================
AGGREGATE (n=3 seeds, mean ± std)
========================================================================================
  arm                   task_aware            full   max|drift|_ta        H_L1    spawns    frozen
  BASELINE_frozen    0.639 ± 0.051   0.052 ± 0.015   0.704 ± 0.202  16.0 ± 0.0  0.0 ± 0.0  0.0 ± 0.0
  AXIS6_emerge       0.654 ± 0.064   0.074 ± 0.025   0.592 ± 0.080  65.0 ± 1.7  49.0 ± 1.7  0.0 ± 0.0
  AXIS6_credit       0.969 ± 0.005   0.149 ± 0.026   0.065 ± 0.010  85.7 ± 1.5  69.7 ± 1.5  38.0 ± 2.6
  AXIS6_credit_manifold   0.958 ± 0.003   0.551 ± 0.007   0.063 ± 0.018  83.7 ± 0.6  67.7 ± 0.6  40.3 ± 1.5
exit=0
