==============================================================================
CONDITION: baseline
  MANIFOLD_REPLAY_ENABLED = True
  AXIS_3_ENABLED          = False
  AXIS_4_ENABLED          = False
  AXIS_5_ENABLED          = False
  PLASTIC_ENABLED         = False
==============================================================================

==============================================================================
Trioron — bench_chained_15task: MNIST → FashionMNIST → EMNIST-letters
==============================================================================
Epochs/task:        8
K_settle epochs:    2  (Fix B — growth deferred until after settle)
L0 width (frozen):  128
H_init grown (L1):  32
H fixed:            64
N_grow_per_task:    4
Cap (trainable):    32_000 B = 8_000 params
EWC intertask:      30.0
Curriculum passes:  1
Warmup enabled:     False
Arms:               ['grown_uncapped_dream']
Seeds (n=3):     [0, 1, 2]

[datasets] loading mnist (train) ...
[datasets] loading mnist (test)  ...
[datasets] loading fashion_mnist (train) ...
[datasets] loading fashion_mnist (test)  ...
[datasets] loading emnist_letters (train) ...
[datasets] loading emnist_letters (test)  ...

##############################################################################
#   SEED 0  (1/3)
##############################################################################

[grown_uncapped_dream] start — arch (128, 32, 2)  params 105970 (trainable 5490)  growth=True dream=True  cap_bytes=2147483648  K=15  passes=1  epochs/task=8  rehearsal=off  lwf=off  brainstem=off  engrams=off  hippocampus=off  differential=off  manifold=on

[grown_uncapped_dream] >>> PASS 1/1  grows_per_task=4  (developmental)

[grown_uncapped_dream] === Pass 1/1 Task 1/15: mnist_0_1 (active [0, 1])  pre-arch=[128, 32, 2] params=105970 (trainable 5490/∞) ===
  [grown_uncapped_dream] task 1/15 (mnist_0_1) epoch 1/8 [settle]  avg_loss 0.1088  last_loss 0.0055  steps 197  arch [128, 32, 2]
  [grown_uncapped_dream] task 1/15 (mnist_0_1) epoch 2/8 [settle]  avg_loss 0.0093  last_loss 0.0008  steps 394  arch [128, 32, 2]
  [grown_uncapped_dream] GROWTH after settle: 4/4 allowed, 0 denied  new arch=[128, 36, 2] params=106526 (trainable 6046)
  [grown_uncapped_dream] task 1/15 (mnist_0_1) epoch 3/8 [post-grow]  avg_loss 0.0054  last_loss 0.0000  steps 197  arch [128, 36, 2]
  [grown_uncapped_dream] task 1/15 (mnist_0_1) epoch 4/8 [post-grow]  avg_loss 0.0038  last_loss 0.0001  steps 394  arch [128, 36, 2]
  [grown_uncapped_dream] task 1/15 (mnist_0_1) epoch 5/8 [post-grow]  avg_loss 0.0028  last_loss 0.0001  steps 591  arch [128, 36, 2]
  [grown_uncapped_dream] task 1/15 (mnist_0_1) epoch 6/8 [post-grow]  avg_loss 0.0022  last_loss 0.0000  steps 788  arch [128, 36, 2]
  [grown_uncapped_dream] task 1/15 (mnist_0_1) epoch 7/8 [post-grow]  avg_loss 0.0018  last_loss 0.0000  steps 985  arch [128, 36, 2]
  [grown_uncapped_dream] task 1/15 (mnist_0_1) epoch 8/8 [post-grow]  avg_loss 0.0016  last_loss 0.0000  steps 1182  arch [128, 36, 2]
  [grown_uncapped_dream] post-task DREAM: replay 0.0006→0.0219 on 1p; merges=0 purges=0 latched=0 → arch [128, 36, 2] (106526→106526 params)
[grown_uncapped_dream] After pass 1 task 1: own=0.9991 (domain 0.9991, task 0.9991)  avg=0.9991 (domain 0.9991, task 0.9991)  arch=[128, 36, 2] params=106526 (trainable 6046)  cum_grows=4 cum_denied=0 cum_purges=0 cum_latched=0

[grown_uncapped_dream] === Pass 1/1 Task 2/15: mnist_2_3 (active [2, 3])  pre-arch=[128, 36, 4] params=106616 (trainable 6136/∞) ===
  [grown_uncapped_dream] task 2/15 (mnist_2_3) epoch 1/8 [settle]  avg_loss 0.3384  last_loss 0.1626  steps 188  arch [128, 36, 4]
  [grown_uncapped_dream] task 2/15 (mnist_2_3) epoch 2/8 [settle]  avg_loss 0.2047  last_loss 0.2610  steps 376  arch [128, 36, 4]
  [grown_uncapped_dream] GROWTH after settle: 4/4 allowed, 0 denied  new arch=[128, 40, 4] params=107180 (trainable 6700)
  [grown_uncapped_dream] task 2/15 (mnist_2_3) epoch 3/8 [post-grow]  avg_loss 0.1745  last_loss 0.1056  steps 188  arch [128, 40, 4]
  [grown_uncapped_dream] task 2/15 (mnist_2_3) epoch 4/8 [post-grow]  avg_loss 0.1497  last_loss 0.1831  steps 376  arch [128, 40, 4]
  [grown_uncapped_dream] task 2/15 (mnist_2_3) epoch 5/8 [post-grow]  avg_loss 0.1279  last_loss 0.0520  steps 564  arch [128, 40, 4]
  [grown_uncapped_dream] task 2/15 (mnist_2_3) epoch 6/8 [post-grow]  avg_loss 0.1156  last_loss 0.1167  steps 752  arch [128, 40, 4]
  [grown_uncapped_dream] task 2/15 (mnist_2_3) epoch 7/8 [post-grow]  avg_loss 0.1083  last_loss 0.0671  steps 940  arch [128, 40, 4]
  [grown_uncapped_dream] task 2/15 (mnist_2_3) epoch 8/8 [post-grow]  avg_loss 0.1041  last_loss 0.0643  steps 1128  arch [128, 40, 4]
  [grown_uncapped_dream] post-task DREAM: replay 0.1515→0.0945 on 1p; merges=0 purges=0 latched=0 → arch [128, 40, 4] (107180→107180 params)
[grown_uncapped_dream] After pass 1 task 2: own=0.1273 (domain 0.1273, task 0.9677)  avg=0.5630 (domain 0.5630, task 0.9831)  arch=[128, 40, 4] params=107180 (trainable 6700)  cum_grows=8 cum_denied=0 cum_purges=0 cum_latched=0

[grown_uncapped_dream] === Pass 1/1 Task 3/15: mnist_4_5 (active [4, 5])  pre-arch=[128, 40, 6] params=107278 (trainable 6798/∞) ===
  [grown_uncapped_dream] task 3/15 (mnist_4_5) epoch 1/8 [settle]  avg_loss 0.3941  last_loss 0.2591  steps 175  arch [128, 40, 6]
  [grown_uncapped_dream] task 3/15 (mnist_4_5) epoch 2/8 [settle]  avg_loss 0.2488  last_loss 0.1969  steps 350  arch [128, 40, 6]
  [grown_uncapped_dream] GROWTH after settle: 4/4 allowed, 0 denied  new arch=[128, 44, 6] params=107850 (trainable 7370)
  [grown_uncapped_dream] task 3/15 (mnist_4_5) epoch 3/8 [post-grow]  avg_loss 0.1839  last_loss 0.1681  steps 175  arch [128, 44, 6]
  [grown_uncapped_dream] task 3/15 (mnist_4_5) epoch 4/8 [post-grow]  avg_loss 0.1305  last_loss 0.0964  steps 350  arch [128, 44, 6]
  [grown_uncapped_dream] task 3/15 (mnist_4_5) epoch 5/8 [post-grow]  avg_loss 0.0989  last_loss 0.1895  steps 525  arch [128, 44, 6]
  [grown_uncapped_dream] task 3/15 (mnist_4_5) epoch 6/8 [post-grow]  avg_loss 0.0800  last_loss 0.0533  steps 700  arch [128, 44, 6]
  [grown_uncapped_dream] task 3/15 (mnist_4_5) epoch 7/8 [post-grow]  avg_loss 0.0701  last_loss 0.1800  steps 875  arch [128, 44, 6]
  [grown_uncapped_dream] task 3/15 (mnist_4_5) epoch 8/8 [post-grow]  avg_loss 0.0623  last_loss 0.0331  steps 1050  arch [128, 44, 6]
  [grown_uncapped_dream] post-task DREAM: replay 0.1183→0.1260 on 1p; merges=0 purges=0 latched=0 → arch [128, 44, 6] (107850→107850 params)
[grown_uncapped_dream] After pass 1 task 3: own=0.0000 (domain 0.0000, task 0.9851)  avg=0.6255 (domain 0.6255, task 0.9843)  arch=[128, 44, 6] params=107850 (trainable 7370)  cum_grows=12 cum_denied=0 cum_purges=0 cum_latched=0

[grown_uncapped_dream] === Pass 1/1 Task 4/15: mnist_6_7 (active [6, 7])  pre-arch=[128, 44, 8] params=107956 (trainable 7476/∞) ===
  [grown_uncapped_dream] task 4/15 (mnist_6_7) epoch 1/8 [settle]  avg_loss 0.3020  last_loss 0.1610  steps 189  arch [128, 44, 8]
  [grown_uncapped_dream] task 4/15 (mnist_6_7) epoch 2/8 [settle]  avg_loss 0.1199  last_loss 0.1036  steps 378  arch [128, 44, 8]
  [grown_uncapped_dream] GROWTH after settle: 4/4 allowed, 0 denied  new arch=[128, 48, 8] params=108536 (trainable 8056)
  [grown_uncapped_dream] task 4/15 (mnist_6_7) epoch 3/8 [post-grow]  avg_loss 0.0790  last_loss 0.0396  steps 189  arch [128, 48, 8]
  [grown_uncapped_dream] task 4/15 (mnist_6_7) epoch 4/8 [post-grow]  avg_loss 0.0511  last_loss 0.0453  steps 378  arch [128, 48, 8]
  [grown_uncapped_dream] task 4/15 (mnist_6_7) epoch 5/8 [post-grow]  avg_loss 0.0378  last_loss 0.0137  steps 567  arch [128, 48, 8]
  [grown_uncapped_dream] task 4/15 (mnist_6_7) epoch 6/8 [post-grow]  avg_loss 0.0316  last_loss 0.0217  steps 756  arch [128, 48, 8]
  [grown_uncapped_dream] task 4/15 (mnist_6_7) epoch 7/8 [post-grow]  avg_loss 0.0282  last_loss 0.0058  steps 945  arch [128, 48, 8]
  [grown_uncapped_dream] task 4/15 (mnist_6_7) epoch 8/8 [post-grow]  avg_loss 0.0250  last_loss 0.0570  steps 1134  arch [128, 48, 8]
  [grown_uncapped_dream] post-task DREAM: replay 0.0002→0.0000 on 1p; merges=0 purges=0 latched=0 → arch [128, 48, 8] (108536→108536 params)
[grown_uncapped_dream] After pass 1 task 4: own=0.0015 (domain 0.0015, task 0.9904)  avg=0.6658 (domain 0.6658, task 0.9819)  arch=[128, 48, 8] params=108536 (trainable 8056)  cum_grows=16 cum_denied=0 cum_purges=0 cum_latched=0

[grown_uncapped_dream] === Pass 1/1 Task 5/15: mnist_8_9 (active [8, 9])  pre-arch=[128, 48, 10] params=108650 (trainable 8170/∞) ===
  [grown_uncapped_dream] task 5/15 (mnist_8_9) epoch 1/8 [settle]  avg_loss 0.5137  last_loss 0.3199  steps 183  arch [128, 48, 10]
  [grown_uncapped_dream] task 5/15 (mnist_8_9) epoch 2/8 [settle]  avg_loss 0.2561  last_loss 0.2080  steps 366  arch [128, 48, 10]
  [grown_uncapped_dream] GROWTH after settle: 4/4 allowed, 0 denied  new arch=[128, 52, 10] params=109238 (trainable 8758)
  [grown_uncapped_dream] task 5/15 (mnist_8_9) epoch 3/8 [post-grow]  avg_loss 0.1842  last_loss 0.1278  steps 183  arch [128, 52, 10]
  [grown_uncapped_dream] task 5/15 (mnist_8_9) epoch 4/8 [post-grow]  avg_loss 0.1445  last_loss 0.0800  steps 366  arch [128, 52, 10]
  [grown_uncapped_dream] task 5/15 (mnist_8_9) epoch 5/8 [post-grow]  avg_loss 0.1259  last_loss 0.0847  steps 549  arch [128, 52, 10]
  [grown_uncapped_dream] task 5/15 (mnist_8_9) epoch 6/8 [post-grow]  avg_loss 0.1149  last_loss 0.0557  steps 732  arch [128, 52, 10]
  [grown_uncapped_dream] task 5/15 (mnist_8_9) epoch 7/8 [post-grow]  avg_loss 0.1069  last_loss 0.1819  steps 915  arch [128, 52, 10]
  [grown_uncapped_dream] task 5/15 (mnist_8_9) epoch 8/8 [post-grow]  avg_loss 0.1028  last_loss 0.1016  steps 1098  arch [128, 52, 10]
  [grown_uncapped_dream] post-task DREAM: replay 0.0401→0.0296 on 1p; merges=0 purges=0 latched=0 → arch [128, 52, 10] (109238→109238 params)
[grown_uncapped_dream] After pass 1 task 5: own=0.0000 (domain 0.0000, task 0.9637)  avg=0.6880 (domain 0.6880, task 0.9770)  arch=[128, 52, 10] params=109238 (trainable 8758)  cum_grows=20 cum_denied=0 cum_purges=0 cum_latched=0

[grown_uncapped_dream] === Pass 1/1 Task 6/15: fashion_mnist_0_1 (active [10, 11])  pre-arch=[128, 52, 12] params=109360 (trainable 8880/∞) ===
  [grown_uncapped_dream] task 6/15 (fashion_mnist_0_1) epoch 1/8 [settle]  avg_loss 0.4126  last_loss 0.2300  steps 186  arch [128, 52, 12]
  [grown_uncapped_dream] task 6/15 (fashion_mnist_0_1) epoch 2/8 [settle]  avg_loss 0.2013  last_loss 0.1623  steps 372  arch [128, 52, 12]
  [grown_uncapped_dream] GROWTH after settle: 4/4 allowed, 0 denied  new arch=[128, 56, 12] params=109956 (trainable 9476)
  [grown_uncapped_dream] task 6/15 (fashion_mnist_0_1) epoch 3/8 [post-grow]  avg_loss 0.1460  last_loss 0.1115  steps 186  arch [128, 56, 12]
  [grown_uncapped_dream] task 6/15 (fashion_mnist_0_1) epoch 4/8 [post-grow]  avg_loss 0.1040  last_loss 0.1290  steps 372  arch [128, 56, 12]
  [grown_uncapped_dream] task 6/15 (fashion_mnist_0_1) epoch 5/8 [post-grow]  avg_loss 0.0831  last_loss 0.0441  steps 558  arch [128, 56, 12]
  [grown_uncapped_dream] task 6/15 (fashion_mnist_0_1) epoch 6/8 [post-grow]  avg_loss 0.0721  last_loss 0.0837  steps 744  arch [128, 56, 12]
  [grown_uncapped_dream] task 6/15 (fashion_mnist_0_1) epoch 7/8 [post-grow]  avg_loss 0.0645  last_loss 0.1297  steps 930  arch [128, 56, 12]
  [grown_uncapped_dream] task 6/15 (fashion_mnist_0_1) epoch 8/8 [post-grow]  avg_loss 0.0598  last_loss 0.0490  steps 1116  arch [128, 56, 12]
  [grown_uncapped_dream] post-task DREAM: replay 0.0344→0.0637 on 2p; merges=0 purges=0 latched=0 → arch [128, 56, 12] (109956→109956 params)
[grown_uncapped_dream] After pass 1 task 6: own=0.0000 (domain 0.9785, task 0.9785)  avg=0.6570 (domain 0.8200, task 0.9741)  arch=[128, 56, 12] params=109956 (trainable 9476)  cum_grows=24 cum_denied=0 cum_purges=0 cum_latched=0

[grown_uncapped_dream] === Pass 1/1 Task 7/15: fashion_mnist_2_3 (active [12, 13])  pre-arch=[128, 56, 14] params=110086 (trainable 9606/∞) ===
  [grown_uncapped_dream] task 7/15 (fashion_mnist_2_3) epoch 1/8 [settle]  avg_loss 0.3830  last_loss 0.1953  steps 186  arch [128, 56, 14]
  [grown_uncapped_dream] task 7/15 (fashion_mnist_2_3) epoch 2/8 [settle]  avg_loss 0.1875  last_loss 0.1546  steps 372  arch [128, 56, 14]
  [grown_uncapped_dream] GROWTH after settle: 4/4 allowed, 0 denied  new arch=[128, 60, 14] params=110690 (trainable 10210)
  [grown_uncapped_dream] task 7/15 (fashion_mnist_2_3) epoch 3/8 [post-grow]  avg_loss 0.1441  last_loss 0.1294  steps 186  arch [128, 60, 14]
  [grown_uncapped_dream] task 7/15 (fashion_mnist_2_3) epoch 4/8 [post-grow]  avg_loss 0.1231  last_loss 0.0799  steps 372  arch [128, 60, 14]
  [grown_uncapped_dream] task 7/15 (fashion_mnist_2_3) epoch 5/8 [post-grow]  avg_loss 0.1126  last_loss 0.1064  steps 558  arch [128, 60, 14]
  [grown_uncapped_dream] task 7/15 (fashion_mnist_2_3) epoch 6/8 [post-grow]  avg_loss 0.1061  last_loss 0.0575  steps 744  arch [128, 60, 14]
  [grown_uncapped_dream] task 7/15 (fashion_mnist_2_3) epoch 7/8 [post-grow]  avg_loss 0.1041  last_loss 0.0571  steps 930  arch [128, 60, 14]
  [grown_uncapped_dream] task 7/15 (fashion_mnist_2_3) epoch 8/8 [post-grow]  avg_loss 0.1025  last_loss 0.0817  steps 1116  arch [128, 60, 14]
  [grown_uncapped_dream] post-task DREAM: replay 0.2424→0.0989 on 2p; merges=0 purges=0 latched=0 → arch [128, 60, 14] (110690→110690 params)
[grown_uncapped_dream] After pass 1 task 7: own=0.0200 (domain 0.1095, task 0.9525)  avg=0.7065 (domain 0.7315, task 0.9723)  arch=[128, 60, 14] params=110690 (trainable 10210)  cum_grows=28 cum_denied=0 cum_purges=0 cum_latched=0

[grown_uncapped_dream] === Pass 1/1 Task 8/15: fashion_mnist_4_5 (active [14, 15])  pre-arch=[128, 60, 16] params=110828 (trainable 10348/∞) ===
  [grown_uncapped_dream] task 8/15 (fashion_mnist_4_5) epoch 1/8 [settle]  avg_loss 0.5124  last_loss 0.2141  steps 186  arch [128, 60, 16]
  [grown_uncapped_dream] task 8/15 (fashion_mnist_4_5) epoch 2/8 [settle]  avg_loss 0.1747  last_loss 0.1456  steps 372  arch [128, 60, 16]
  [grown_uncapped_dream] GROWTH after settle: 4/4 allowed, 0 denied  new arch=[128, 64, 16] params=111440 (trainable 10960)
  [grown_uncapped_dream] task 8/15 (fashion_mnist_4_5) epoch 3/8 [post-grow]  avg_loss 0.0887  last_loss 0.0509  steps 186  arch [128, 64, 16]
  [grown_uncapped_dream] task 8/15 (fashion_mnist_4_5) epoch 4/8 [post-grow]  avg_loss 0.0391  last_loss 0.0074  steps 372  arch [128, 64, 16]
  [grown_uncapped_dream] task 8/15 (fashion_mnist_4_5) epoch 5/8 [post-grow]  avg_loss 0.0219  last_loss 0.0120  steps 558  arch [128, 64, 16]
  [grown_uncapped_dream] task 8/15 (fashion_mnist_4_5) epoch 6/8 [post-grow]  avg_loss 0.0150  last_loss 0.0314  steps 744  arch [128, 64, 16]
  [grown_uncapped_dream] task 8/15 (fashion_mnist_4_5) epoch 7/8 [post-grow]  avg_loss 0.0113  last_loss 0.0051  steps 930  arch [128, 64, 16]
  [grown_uncapped_dream] task 8/15 (fashion_mnist_4_5) epoch 8/8 [post-grow]  avg_loss 0.0095  last_loss 0.0256  steps 1116  arch [128, 64, 16]
  [grown_uncapped_dream] post-task DREAM: replay 0.0220→0.0421 on 2p; merges=0 purges=0 latched=0 → arch [128, 64, 16] (111440→111440 params)
[grown_uncapped_dream] After pass 1 task 8: own=0.0215 (domain 0.1325, task 0.9980)  avg=0.7137 (domain 0.7394, task 0.9748)  arch=[128, 64, 16] params=111440 (trainable 10960)  cum_grows=32 cum_denied=0 cum_purges=0 cum_latched=0

[grown_uncapped_dream] === Pass 1/1 Task 9/15: fashion_mnist_6_7 (active [16, 17])  pre-arch=[128, 64, 18] params=111586 (trainable 11106/∞) ===
  [grown_uncapped_dream] task 9/15 (fashion_mnist_6_7) epoch 1/8 [settle]  avg_loss 0.2491  last_loss 0.0814  steps 186  arch [128, 64, 18]
  [grown_uncapped_dream] task 9/15 (fashion_mnist_6_7) epoch 2/8 [settle]  avg_loss 0.0713  last_loss 0.0754  steps 372  arch [128, 64, 18]
  [grown_uncapped_dream] GROWTH after settle: 4/4 allowed, 0 denied  new arch=[128, 68, 18] params=112206 (trainable 11726)
  [grown_uncapped_dream] task 9/15 (fashion_mnist_6_7) epoch 3/8 [post-grow]  avg_loss 0.0342  last_loss 0.0066  steps 186  arch [128, 68, 18]
  [grown_uncapped_dream] task 9/15 (fashion_mnist_6_7) epoch 4/8 [post-grow]  avg_loss 0.0151  last_loss 0.0478  steps 372  arch [128, 68, 18]
  [grown_uncapped_dream] task 9/15 (fashion_mnist_6_7) epoch 5/8 [post-grow]  avg_loss 0.0094  last_loss 0.0018  steps 558  arch [128, 68, 18]
  [grown_uncapped_dream] task 9/15 (fashion_mnist_6_7) epoch 6/8 [post-grow]  avg_loss 0.0071  last_loss 0.0487  steps 744  arch [128, 68, 18]
  [grown_uncapped_dream] task 9/15 (fashion_mnist_6_7) epoch 7/8 [post-grow]  avg_loss 0.0055  last_loss 0.0011  steps 930  arch [128, 68, 18]
  [grown_uncapped_dream] task 9/15 (fashion_mnist_6_7) epoch 8/8 [post-grow]  avg_loss 0.0049  last_loss 0.0008  steps 1116  arch [128, 68, 18]
  [grown_uncapped_dream] post-task DREAM: replay 0.0458→0.0232 on 2p; merges=0 purges=0 latched=0 → arch [128, 68, 18] (112206→112206 params)
[grown_uncapped_dream] After pass 1 task 9: own=0.0000 (domain 0.0000, task 0.9995)  avg=0.6865 (domain 0.7089, task 0.9760)  arch=[128, 68, 18] params=112206 (trainable 11726)  cum_grows=36 cum_denied=0 cum_purges=0 cum_latched=0

[grown_uncapped_dream] === Pass 1/1 Task 10/15: fashion_mnist_8_9 (active [18, 19])  pre-arch=[128, 68, 20] params=112360 (trainable 11880/∞) ===
  [grown_uncapped_dream] task 10/15 (fashion_mnist_8_9) epoch 1/8 [settle]  avg_loss 0.5538  last_loss 0.1103  steps 187  arch [128, 68, 20]
  [grown_uncapped_dream] task 10/15 (fashion_mnist_8_9) epoch 2/8 [settle]  avg_loss 0.1189  last_loss 0.0312  steps 374  arch [128, 68, 20]
  [grown_uncapped_dream] GROWTH after settle: 4/4 allowed, 0 denied  new arch=[128, 72, 20] params=112988 (trainable 12508)
  [grown_uncapped_dream] task 10/15 (fashion_mnist_8_9) epoch 3/8 [post-grow]  avg_loss 0.0611  last_loss 0.0221  steps 187  arch [128, 72, 20]
  [grown_uncapped_dream] task 10/15 (fashion_mnist_8_9) epoch 4/8 [post-grow]  avg_loss 0.0306  last_loss 0.0055  steps 374  arch [128, 72, 20]
  [grown_uncapped_dream] task 10/15 (fashion_mnist_8_9) epoch 5/8 [post-grow]  avg_loss 0.0193  last_loss 0.0026  steps 561  arch [128, 72, 20]
  [grown_uncapped_dream] task 10/15 (fashion_mnist_8_9) epoch 6/8 [post-grow]  avg_loss 0.0156  last_loss 0.0270  steps 748  arch [128, 72, 20]
  [grown_uncapped_dream] task 10/15 (fashion_mnist_8_9) epoch 7/8 [post-grow]  avg_loss 0.0134  last_loss 0.0063  steps 935  arch [128, 72, 20]
  [grown_uncapped_dream] task 10/15 (fashion_mnist_8_9) epoch 8/8 [post-grow]  avg_loss 0.0120  last_loss 0.0002  steps 1122  arch [128, 72, 20]
  [grown_uncapped_dream] post-task DREAM: replay 0.0586→0.1037 on 2p; merges=0 purges=0 latched=0 → arch [128, 72, 20] (112988→112988 params)
[grown_uncapped_dream] After pass 1 task 10: own=0.0000 (domain 0.0000, task 0.9955)  avg=0.6629 (domain 0.6775, task 0.9766)  arch=[128, 72, 20] params=112988 (trainable 12508)  cum_grows=40 cum_denied=0 cum_purges=0 cum_latched=0

[grown_uncapped_dream] === Pass 1/1 Task 11/15: emnist_letters_0_1 (active [20, 21])  pre-arch=[128, 72, 22] params=113150 (trainable 12670/∞) ===
  [grown_uncapped_dream] task 11/15 (emnist_letters_0_1) epoch 1/8 [settle]  avg_loss 0.6075  last_loss 0.6845  steps 150  arch [128, 72, 22]
  [grown_uncapped_dream] task 11/15 (emnist_letters_0_1) epoch 2/8 [settle]  avg_loss 0.3437  last_loss 0.3357  steps 300  arch [128, 72, 22]
  [grown_uncapped_dream] GROWTH after settle: 4/4 allowed, 0 denied  new arch=[128, 76, 22] params=113786 (trainable 13306)
  [grown_uncapped_dream] task 11/15 (emnist_letters_0_1) epoch 3/8 [post-grow]  avg_loss 0.2687  last_loss 0.1541  steps 150  arch [128, 76, 22]
  [grown_uncapped_dream] task 11/15 (emnist_letters_0_1) epoch 4/8 [post-grow]  avg_loss 0.2154  last_loss 0.2606  steps 300  arch [128, 76, 22]
  [grown_uncapped_dream] task 11/15 (emnist_letters_0_1) epoch 5/8 [post-grow]  avg_loss 0.1890  last_loss 0.1614  steps 450  arch [128, 76, 22]
  [grown_uncapped_dream] task 11/15 (emnist_letters_0_1) epoch 6/8 [post-grow]  avg_loss 0.1729  last_loss 0.1085  steps 600  arch [128, 76, 22]
  [grown_uncapped_dream] task 11/15 (emnist_letters_0_1) epoch 7/8 [post-grow]  avg_loss 0.1650  last_loss 0.1132  steps 750  arch [128, 76, 22]
  [grown_uncapped_dream] task 11/15 (emnist_letters_0_1) epoch 8/8 [post-grow]  avg_loss 0.1607  last_loss 0.0627  steps 900  arch [128, 76, 22]
  [grown_uncapped_dream] post-task DREAM: replay 0.1678→0.1240 on 3p; merges=0 purges=0 latched=0 → arch [128, 76, 22] (113786→113786 params)
[grown_uncapped_dream] After pass 1 task 11: own=0.0006 (domain 0.9556, task 0.9556)  avg=0.6633 (domain 0.7655, task 0.9742)  arch=[128, 76, 22] params=113786 (trainable 13306)  cum_grows=44 cum_denied=0 cum_purges=0 cum_latched=0

[grown_uncapped_dream] === Pass 1/1 Task 12/15: emnist_letters_2_3 (active [22, 23])  pre-arch=[128, 76, 24] params=113956 (trainable 13476/∞) ===
  [grown_uncapped_dream] task 12/15 (emnist_letters_2_3) epoch 1/8 [settle]  avg_loss 0.8945  last_loss 0.3068  steps 150  arch [128, 76, 24]
  [grown_uncapped_dream] task 12/15 (emnist_letters_2_3) epoch 2/8 [settle]  avg_loss 0.3002  last_loss 0.2358  steps 300  arch [128, 76, 24]
  [grown_uncapped_dream] GROWTH after settle: 4/4 allowed, 0 denied  new arch=[128, 80, 24] params=114600 (trainable 14120)
  [grown_uncapped_dream] task 12/15 (emnist_letters_2_3) epoch 3/8 [post-grow]  avg_loss 0.2160  last_loss 0.1136  steps 150  arch [128, 80, 24]
  [grown_uncapped_dream] task 12/15 (emnist_letters_2_3) epoch 4/8 [post-grow]  avg_loss 0.1692  last_loss 0.2136  steps 300  arch [128, 80, 24]
  [grown_uncapped_dream] task 12/15 (emnist_letters_2_3) epoch 5/8 [post-grow]  avg_loss 0.1462  last_loss 0.2495  steps 450  arch [128, 80, 24]
  [grown_uncapped_dream] task 12/15 (emnist_letters_2_3) epoch 6/8 [post-grow]  avg_loss 0.1323  last_loss 0.0743  steps 600  arch [128, 80, 24]
  [grown_uncapped_dream] task 12/15 (emnist_letters_2_3) epoch 7/8 [post-grow]  avg_loss 0.1204  last_loss 0.0306  steps 750  arch [128, 80, 24]
  [grown_uncapped_dream] task 12/15 (emnist_letters_2_3) epoch 8/8 [post-grow]  avg_loss 0.1107  last_loss 0.1048  steps 900  arch [128, 80, 24]
  [grown_uncapped_dream] post-task DREAM: replay 0.0502→0.0357 on 3p; merges=0 purges=0 latched=0 → arch [128, 80, 24] (114600→114600 params)
[grown_uncapped_dream] After pass 1 task 12: own=0.0000 (domain 0.0162, task 0.9538)  avg=0.6357 (domain 0.7121, task 0.9689)  arch=[128, 80, 24] params=114600 (trainable 14120)  cum_grows=48 cum_denied=0 cum_purges=0 cum_latched=0

[grown_uncapped_dream] === Pass 1/1 Task 13/15: emnist_letters_4_5 (active [24, 25])  pre-arch=[128, 80, 26] params=114778 (trainable 14298/∞) ===
  [grown_uncapped_dream] task 13/15 (emnist_letters_4_5) epoch 1/8 [settle]  avg_loss 0.4996  last_loss 0.2565  steps 150  arch [128, 80, 26]
  [grown_uncapped_dream] task 13/15 (emnist_letters_4_5) epoch 2/8 [settle]  avg_loss 0.2520  last_loss 0.2344  steps 300  arch [128, 80, 26]
  [grown_uncapped_dream] GROWTH after settle: 4/4 allowed, 0 denied  new arch=[128, 84, 26] params=115430 (trainable 14950)
  [grown_uncapped_dream] task 13/15 (emnist_letters_4_5) epoch 3/8 [post-grow]  avg_loss 0.1909  last_loss 0.2212  steps 150  arch [128, 84, 26]
  [grown_uncapped_dream] task 13/15 (emnist_letters_4_5) epoch 4/8 [post-grow]  avg_loss 0.1465  last_loss 0.1631  steps 300  arch [128, 84, 26]
  [grown_uncapped_dream] task 13/15 (emnist_letters_4_5) epoch 5/8 [post-grow]  avg_loss 0.1222  last_loss 0.0929  steps 450  arch [128, 84, 26]
  [grown_uncapped_dream] task 13/15 (emnist_letters_4_5) epoch 6/8 [post-grow]  avg_loss 0.1083  last_loss 0.2354  steps 600  arch [128, 84, 26]
  [grown_uncapped_dream] task 13/15 (emnist_letters_4_5) epoch 7/8 [post-grow]  avg_loss 0.1014  last_loss 0.1848  steps 750  arch [128, 84, 26]
  [grown_uncapped_dream] task 13/15 (emnist_letters_4_5) epoch 8/8 [post-grow]  avg_loss 0.0940  last_loss 0.1296  steps 900  arch [128, 84, 26]
  [grown_uncapped_dream] post-task DREAM: replay 0.2883→0.0962 on 3p; merges=0 purges=0 latched=0 → arch [128, 84, 26] (115430→115430 params)
[grown_uncapped_dream] After pass 1 task 13: own=0.0000 (domain 0.0275, task 0.9681)  avg=0.6192 (domain 0.7006, task 0.9688)  arch=[128, 84, 26] params=115430 (trainable 14950)  cum_grows=52 cum_denied=0 cum_purges=0 cum_latched=0

[grown_uncapped_dream] === Pass 1/1 Task 14/15: emnist_letters_6_7 (active [26, 27])  pre-arch=[128, 84, 28] params=115616 (trainable 15136/∞) ===
  [grown_uncapped_dream] task 14/15 (emnist_letters_6_7) epoch 1/8 [settle]  avg_loss 0.5732  last_loss 0.4135  steps 150  arch [128, 84, 28]
  [grown_uncapped_dream] task 14/15 (emnist_letters_6_7) epoch 2/8 [settle]  avg_loss 0.3148  last_loss 0.2936  steps 300  arch [128, 84, 28]
  [grown_uncapped_dream] GROWTH after settle: 4/4 allowed, 0 denied  new arch=[128, 88, 28] params=116276 (trainable 15796)
  [grown_uncapped_dream] task 14/15 (emnist_letters_6_7) epoch 3/8 [post-grow]  avg_loss 0.2439  last_loss 0.3182  steps 150  arch [128, 88, 28]
  [grown_uncapped_dream] task 14/15 (emnist_letters_6_7) epoch 4/8 [post-grow]  avg_loss 0.1942  last_loss 0.1643  steps 300  arch [128, 88, 28]
  [grown_uncapped_dream] task 14/15 (emnist_letters_6_7) epoch 5/8 [post-grow]  avg_loss 0.1644  last_loss 0.1789  steps 450  arch [128, 88, 28]
  [grown_uncapped_dream] task 14/15 (emnist_letters_6_7) epoch 6/8 [post-grow]  avg_loss 0.1492  last_loss 0.2276  steps 600  arch [128, 88, 28]
  [grown_uncapped_dream] task 14/15 (emnist_letters_6_7) epoch 7/8 [post-grow]  avg_loss 0.1390  last_loss 0.0453  steps 750  arch [128, 88, 28]
  [grown_uncapped_dream] task 14/15 (emnist_letters_6_7) epoch 8/8 [post-grow]  avg_loss 0.1328  last_loss 0.2664  steps 900  arch [128, 88, 28]
  [grown_uncapped_dream] post-task DREAM: replay 0.1862→0.1064 on 4p; merges=0 purges=0 latched=0 → arch [128, 88, 28] (116276→116276 params)
[grown_uncapped_dream] After pass 1 task 14: own=0.0012 (domain 0.0037, task 0.9500)  avg=0.6156 (domain 0.6926, task 0.9648)  arch=[128, 88, 28] params=116276 (trainable 15796)  cum_grows=56 cum_denied=0 cum_purges=0 cum_latched=0

[grown_uncapped_dream] === Pass 1/1 Task 15/15: emnist_letters_8_9 (active [28, 29])  pre-arch=[128, 88, 30] params=116470 (trainable 15990/∞) ===
  [grown_uncapped_dream] task 15/15 (emnist_letters_8_9) epoch 1/8 [settle]  avg_loss 0.5257  last_loss 0.2640  steps 150  arch [128, 88, 30]
  [grown_uncapped_dream] task 15/15 (emnist_letters_8_9) epoch 2/8 [settle]  avg_loss 0.2853  last_loss 0.2240  steps 300  arch [128, 88, 30]
  [grown_uncapped_dream] GROWTH after settle: 4/4 allowed, 0 denied  new arch=[128, 92, 30] params=117138 (trainable 16658)
  [grown_uncapped_dream] task 15/15 (emnist_letters_8_9) epoch 3/8 [post-grow]  avg_loss 0.2358  last_loss 0.1540  steps 150  arch [128, 92, 30]
  [grown_uncapped_dream] task 15/15 (emnist_letters_8_9) epoch 4/8 [post-grow]  avg_loss 0.2109  last_loss 0.1460  steps 300  arch [128, 92, 30]
  [grown_uncapped_dream] task 15/15 (emnist_letters_8_9) epoch 5/8 [post-grow]  avg_loss 0.1981  last_loss 0.2237  steps 450  arch [128, 92, 30]
  [grown_uncapped_dream] task 15/15 (emnist_letters_8_9) epoch 6/8 [post-grow]  avg_loss 0.1886  last_loss 0.1981  steps 600  arch [128, 92, 30]
  [grown_uncapped_dream] task 15/15 (emnist_letters_8_9) epoch 7/8 [post-grow]  avg_loss 0.1789  last_loss 0.1728  steps 750  arch [128, 92, 30]
  [grown_uncapped_dream] task 15/15 (emnist_letters_8_9) epoch 8/8 [post-grow]  avg_loss 0.1719  last_loss 0.2094  steps 900  arch [128, 92, 30]
  [grown_uncapped_dream] post-task DREAM: replay 0.1026→0.1386 on 4p; merges=0 purges=0 latched=0 → arch [128, 92, 30] (117138→117138 params)
[grown_uncapped_dream] After pass 1 task 15: own=0.0000 (domain 0.0000, task 0.9325)  avg=0.5960 (domain 0.6714, task 0.9589)  arch=[128, 92, 30] params=117138 (trainable 16658)  cum_grows=60 cum_denied=0 cum_purges=0 cum_latched=0

[grown_uncapped_dream] <<< PASS 1/1 done — full=0.5960  domain=0.6714  task=0.9589

==============================================================================
bench_chained_15task — Final Report
==============================================================================

[grown_uncapped_dream]
  arch:               (128, 32, 2) → (128, 92, 30)
  params total:       105970 → 117138
  params trainable:   5490 → 16658  (cap-relevant)
  cap_bytes:          2_147_483_648  (= 536_870_912 trainable params)
  cum grows allowed:  60
  cum grows denied:   0
  cum dream purges:   0
  cum dream latched:  0
  final acc full:     0.5960  (30-class full-softmax — headline)
  final acc domain:   0.6714  (10-class restricted to dataset group — realistic deployment)
  final acc task:     0.9589  (2-class restricted to binary task — generous diagnostic)
  avg forgetting:     full -0.5549  domain -0.4800  task 0.0147
  wall-clock:         231.3s
  per-phase (full / domain / task):
     phase1_mnist         0.7638  /  0.7999  /  0.9666
     phase2_fashion       0.6842  /  0.7111  /  0.9777
     phase3_emnist        0.3400  /  0.5033  /  0.9325

Headline (full / domain / task across arms):
  grown_uncapped_dream          full 0.5960  domain 0.6714  task 0.9589  (full-forget -0.5549)


##############################################################################
#   SEED 1  (2/3)
##############################################################################

[grown_uncapped_dream] start — arch (128, 32, 2)  params 105970 (trainable 5490)  growth=True dream=True  cap_bytes=2147483648  K=15  passes=1  epochs/task=8  rehearsal=off  lwf=off  brainstem=off  engrams=off  hippocampus=off  differential=off  manifold=on

[grown_uncapped_dream] >>> PASS 1/1  grows_per_task=4  (developmental)

[grown_uncapped_dream] === Pass 1/1 Task 1/15: mnist_0_1 (active [0, 1])  pre-arch=[128, 32, 2] params=105970 (trainable 5490/∞) ===
  [grown_uncapped_dream] task 1/15 (mnist_0_1) epoch 1/8 [settle]  avg_loss 0.1060  last_loss 0.0069  steps 197  arch [128, 32, 2]
  [grown_uncapped_dream] task 1/15 (mnist_0_1) epoch 2/8 [settle]  avg_loss 0.0109  last_loss 0.0060  steps 394  arch [128, 32, 2]
  [grown_uncapped_dream] GROWTH after settle: 4/4 allowed, 0 denied  new arch=[128, 36, 2] params=106526 (trainable 6046)
  [grown_uncapped_dream] task 1/15 (mnist_0_1) epoch 3/8 [post-grow]  avg_loss 0.0070  last_loss 0.0076  steps 197  arch [128, 36, 2]
  [grown_uncapped_dream] task 1/15 (mnist_0_1) epoch 4/8 [post-grow]  avg_loss 0.0048  last_loss 0.0023  steps 394  arch [128, 36, 2]
  [grown_uncapped_dream] task 1/15 (mnist_0_1) epoch 5/8 [post-grow]  avg_loss 0.0037  last_loss 0.0004  steps 591  arch [128, 36, 2]
  [grown_uncapped_dream] task 1/15 (mnist_0_1) epoch 6/8 [post-grow]  avg_loss 0.0030  last_loss 0.0093  steps 788  arch [128, 36, 2]
  [grown_uncapped_dream] task 1/15 (mnist_0_1) epoch 7/8 [post-grow]  avg_loss 0.0024  last_loss 0.0000  steps 985  arch [128, 36, 2]
  [grown_uncapped_dream] task 1/15 (mnist_0_1) epoch 8/8 [post-grow]  avg_loss 0.0019  last_loss 0.0000  steps 1182  arch [128, 36, 2]
  [grown_uncapped_dream] post-task DREAM: replay 0.0001→0.0000 on 1p; merges=0 purges=0 latched=0 → arch [128, 36, 2] (106526→106526 params)
[grown_uncapped_dream] After pass 1 task 1: own=0.9981 (domain 0.9981, task 0.9981)  avg=0.9981 (domain 0.9981, task 0.9981)  arch=[128, 36, 2] params=106526 (trainable 6046)  cum_grows=4 cum_denied=0 cum_purges=0 cum_latched=0

[grown_uncapped_dream] === Pass 1/1 Task 2/15: mnist_2_3 (active [2, 3])  pre-arch=[128, 36, 4] params=106616 (trainable 6136/∞) ===
  [grown_uncapped_dream] task 2/15 (mnist_2_3) epoch 1/8 [settle]  avg_loss 0.3260  last_loss 0.2748  steps 188  arch [128, 36, 4]
  [grown_uncapped_dream] task 2/15 (mnist_2_3) epoch 2/8 [settle]  avg_loss 0.1946  last_loss 0.2461  steps 376  arch [128, 36, 4]
  [grown_uncapped_dream] GROWTH after settle: 4/4 allowed, 0 denied  new arch=[128, 40, 4] params=107180 (trainable 6700)
  [grown_uncapped_dream] task 2/15 (mnist_2_3) epoch 3/8 [post-grow]  avg_loss 0.1703  last_loss 0.2246  steps 188  arch [128, 40, 4]
  [grown_uncapped_dream] task 2/15 (mnist_2_3) epoch 4/8 [post-grow]  avg_loss 0.1425  last_loss 0.0627  steps 376  arch [128, 40, 4]
  [grown_uncapped_dream] task 2/15 (mnist_2_3) epoch 5/8 [post-grow]  avg_loss 0.1237  last_loss 0.0412  steps 564  arch [128, 40, 4]
  [grown_uncapped_dream] task 2/15 (mnist_2_3) epoch 6/8 [post-grow]  avg_loss 0.1136  last_loss 0.1418  steps 752  arch [128, 40, 4]
  [grown_uncapped_dream] task 2/15 (mnist_2_3) epoch 7/8 [post-grow]  avg_loss 0.1076  last_loss 0.0248  steps 940  arch [128, 40, 4]
  [grown_uncapped_dream] task 2/15 (mnist_2_3) epoch 8/8 [post-grow]  avg_loss 0.1039  last_loss 0.0995  steps 1128  arch [128, 40, 4]
  [grown_uncapped_dream] post-task DREAM: replay 0.0525→0.1483 on 1p; merges=0 purges=0 latched=0 → arch [128, 40, 4] (107180→107180 params)
[grown_uncapped_dream] After pass 1 task 2: own=0.2125 (domain 0.2125, task 0.9643)  avg=0.6053 (domain 0.6053, task 0.9812)  arch=[128, 40, 4] params=107180 (trainable 6700)  cum_grows=8 cum_denied=0 cum_purges=0 cum_latched=0

[grown_uncapped_dream] === Pass 1/1 Task 3/15: mnist_4_5 (active [4, 5])  pre-arch=[128, 40, 6] params=107278 (trainable 6798/∞) ===
  [grown_uncapped_dream] task 3/15 (mnist_4_5) epoch 1/8 [settle]  avg_loss 0.3287  last_loss 0.1861  steps 175  arch [128, 40, 6]
  [grown_uncapped_dream] task 3/15 (mnist_4_5) epoch 2/8 [settle]  avg_loss 0.1570  last_loss 0.1427  steps 350  arch [128, 40, 6]
  [grown_uncapped_dream] GROWTH after settle: 4/4 allowed, 0 denied  new arch=[128, 44, 6] params=107850 (trainable 7370)
  [grown_uncapped_dream] task 3/15 (mnist_4_5) epoch 3/8 [post-grow]  avg_loss 0.1191  last_loss 0.1090  steps 175  arch [128, 44, 6]
  [grown_uncapped_dream] task 3/15 (mnist_4_5) epoch 4/8 [post-grow]  avg_loss 0.0926  last_loss 0.1207  steps 350  arch [128, 44, 6]
  [grown_uncapped_dream] task 3/15 (mnist_4_5) epoch 5/8 [post-grow]  avg_loss 0.0733  last_loss 0.0985  steps 525  arch [128, 44, 6]
  [grown_uncapped_dream] task 3/15 (mnist_4_5) epoch 6/8 [post-grow]  avg_loss 0.0614  last_loss 0.0328  steps 700  arch [128, 44, 6]
  [grown_uncapped_dream] task 3/15 (mnist_4_5) epoch 7/8 [post-grow]  avg_loss 0.0548  last_loss 0.0169  steps 875  arch [128, 44, 6]
  [grown_uncapped_dream] task 3/15 (mnist_4_5) epoch 8/8 [post-grow]  avg_loss 0.0500  last_loss 0.0115  steps 1050  arch [128, 44, 6]
  [grown_uncapped_dream] post-task DREAM: replay 0.0764→0.0210 on 1p; merges=0 purges=0 latched=0 → arch [128, 44, 6] (107850→107850 params)
[grown_uncapped_dream] After pass 1 task 3: own=0.0155 (domain 0.0155, task 0.9909)  avg=0.6283 (domain 0.6283, task 0.9839)  arch=[128, 44, 6] params=107850 (trainable 7370)  cum_grows=12 cum_denied=0 cum_purges=0 cum_latched=0

[grown_uncapped_dream] === Pass 1/1 Task 4/15: mnist_6_7 (active [6, 7])  pre-arch=[128, 44, 8] params=107956 (trainable 7476/∞) ===
  [grown_uncapped_dream] task 4/15 (mnist_6_7) epoch 1/8 [settle]  avg_loss 0.2881  last_loss 0.1204  steps 189  arch [128, 44, 8]
  [grown_uncapped_dream] task 4/15 (mnist_6_7) epoch 2/8 [settle]  avg_loss 0.0969  last_loss 0.0463  steps 378  arch [128, 44, 8]
  [grown_uncapped_dream] GROWTH after settle: 4/4 allowed, 0 denied  new arch=[128, 48, 8] params=108536 (trainable 8056)
  [grown_uncapped_dream] task 4/15 (mnist_6_7) epoch 3/8 [post-grow]  avg_loss 0.0581  last_loss 0.0240  steps 189  arch [128, 48, 8]
  [grown_uncapped_dream] task 4/15 (mnist_6_7) epoch 4/8 [post-grow]  avg_loss 0.0298  last_loss 0.0190  steps 378  arch [128, 48, 8]
  [grown_uncapped_dream] task 4/15 (mnist_6_7) epoch 5/8 [post-grow]  avg_loss 0.0191  last_loss 0.0122  steps 567  arch [128, 48, 8]
  [grown_uncapped_dream] task 4/15 (mnist_6_7) epoch 6/8 [post-grow]  avg_loss 0.0146  last_loss 0.0055  steps 756  arch [128, 48, 8]
  [grown_uncapped_dream] task 4/15 (mnist_6_7) epoch 7/8 [post-grow]  avg_loss 0.0125  last_loss 0.0713  steps 945  arch [128, 48, 8]
  [grown_uncapped_dream] task 4/15 (mnist_6_7) epoch 8/8 [post-grow]  avg_loss 0.0114  last_loss 0.0029  steps 1134  arch [128, 48, 8]
  [grown_uncapped_dream] post-task DREAM: replay 0.0050→0.0001 on 1p; merges=0 purges=0 latched=0 → arch [128, 48, 8] (108536→108536 params)
[grown_uncapped_dream] After pass 1 task 4: own=0.0312 (domain 0.0312, task 0.9950)  avg=0.6688 (domain 0.6688, task 0.9861)  arch=[128, 48, 8] params=108536 (trainable 8056)  cum_grows=16 cum_denied=0 cum_purges=0 cum_latched=0

[grown_uncapped_dream] === Pass 1/1 Task 5/15: mnist_8_9 (active [8, 9])  pre-arch=[128, 48, 10] params=108650 (trainable 8170/∞) ===
  [grown_uncapped_dream] task 5/15 (mnist_8_9) epoch 1/8 [settle]  avg_loss 0.5852  last_loss 0.3321  steps 183  arch [128, 48, 10]
  [grown_uncapped_dream] task 5/15 (mnist_8_9) epoch 2/8 [settle]  avg_loss 0.2365  last_loss 0.1569  steps 366  arch [128, 48, 10]
  [grown_uncapped_dream] GROWTH after settle: 4/4 allowed, 0 denied  new arch=[128, 52, 10] params=109238 (trainable 8758)
  [grown_uncapped_dream] task 5/15 (mnist_8_9) epoch 3/8 [post-grow]  avg_loss 0.1773  last_loss 0.1758  steps 183  arch [128, 52, 10]
  [grown_uncapped_dream] task 5/15 (mnist_8_9) epoch 4/8 [post-grow]  avg_loss 0.1420  last_loss 0.0859  steps 366  arch [128, 52, 10]
  [grown_uncapped_dream] task 5/15 (mnist_8_9) epoch 5/8 [post-grow]  avg_loss 0.1240  last_loss 0.1935  steps 549  arch [128, 52, 10]
  [grown_uncapped_dream] task 5/15 (mnist_8_9) epoch 6/8 [post-grow]  avg_loss 0.1121  last_loss 0.0922  steps 732  arch [128, 52, 10]
  [grown_uncapped_dream] task 5/15 (mnist_8_9) epoch 7/8 [post-grow]  avg_loss 0.1053  last_loss 0.0480  steps 915  arch [128, 52, 10]
  [grown_uncapped_dream] task 5/15 (mnist_8_9) epoch 8/8 [post-grow]  avg_loss 0.1009  last_loss 0.1496  steps 1098  arch [128, 52, 10]
  [grown_uncapped_dream] post-task DREAM: replay 0.0218→0.0015 on 1p; merges=0 purges=0 latched=0 → arch [128, 52, 10] (109238→109238 params)
[grown_uncapped_dream] After pass 1 task 5: own=0.0020 (domain 0.0020, task 0.9612)  avg=0.6734 (domain 0.6734, task 0.9777)  arch=[128, 52, 10] params=109238 (trainable 8758)  cum_grows=20 cum_denied=0 cum_purges=0 cum_latched=0

[grown_uncapped_dream] === Pass 1/1 Task 6/15: fashion_mnist_0_1 (active [10, 11])  pre-arch=[128, 52, 12] params=109360 (trainable 8880/∞) ===
  [grown_uncapped_dream] task 6/15 (fashion_mnist_0_1) epoch 1/8 [settle]  avg_loss 0.3430  last_loss 0.2312  steps 186  arch [128, 52, 12]
  [grown_uncapped_dream] task 6/15 (fashion_mnist_0_1) epoch 2/8 [settle]  avg_loss 0.1878  last_loss 0.1486  steps 372  arch [128, 52, 12]
  [grown_uncapped_dream] GROWTH after settle: 4/4 allowed, 0 denied  new arch=[128, 56, 12] params=109956 (trainable 9476)
  [grown_uncapped_dream] task 6/15 (fashion_mnist_0_1) epoch 3/8 [post-grow]  avg_loss 0.1419  last_loss 0.0816  steps 186  arch [128, 56, 12]
  [grown_uncapped_dream] task 6/15 (fashion_mnist_0_1) epoch 4/8 [post-grow]  avg_loss 0.1002  last_loss 0.0776  steps 372  arch [128, 56, 12]
  [grown_uncapped_dream] task 6/15 (fashion_mnist_0_1) epoch 5/8 [post-grow]  avg_loss 0.0763  last_loss 0.0444  steps 558  arch [128, 56, 12]
  [grown_uncapped_dream] task 6/15 (fashion_mnist_0_1) epoch 6/8 [post-grow]  avg_loss 0.0637  last_loss 0.1634  steps 744  arch [128, 56, 12]
  [grown_uncapped_dream] task 6/15 (fashion_mnist_0_1) epoch 7/8 [post-grow]  avg_loss 0.0572  last_loss 0.0721  steps 930  arch [128, 56, 12]
  [grown_uncapped_dream] task 6/15 (fashion_mnist_0_1) epoch 8/8 [post-grow]  avg_loss 0.0523  last_loss 0.0401  steps 1116  arch [128, 56, 12]
  [grown_uncapped_dream] post-task DREAM: replay 0.0693→0.0971 on 2p; merges=0 purges=0 latched=0 → arch [128, 56, 12] (109956→109956 params)
[grown_uncapped_dream] After pass 1 task 6: own=0.0005 (domain 0.9795, task 0.9795)  avg=0.6490 (domain 0.8122, task 0.9762)  arch=[128, 56, 12] params=109956 (trainable 9476)  cum_grows=24 cum_denied=0 cum_purges=0 cum_latched=0

[grown_uncapped_dream] === Pass 1/1 Task 7/15: fashion_mnist_2_3 (active [12, 13])  pre-arch=[128, 56, 14] params=110086 (trainable 9606/∞) ===
  [grown_uncapped_dream] task 7/15 (fashion_mnist_2_3) epoch 1/8 [settle]  avg_loss 0.3655  last_loss 0.2432  steps 186  arch [128, 56, 14]
  [grown_uncapped_dream] task 7/15 (fashion_mnist_2_3) epoch 2/8 [settle]  avg_loss 0.1653  last_loss 0.1844  steps 372  arch [128, 56, 14]
  [grown_uncapped_dream] GROWTH after settle: 4/4 allowed, 0 denied  new arch=[128, 60, 14] params=110690 (trainable 10210)
  [grown_uncapped_dream] task 7/15 (fashion_mnist_2_3) epoch 3/8 [post-grow]  avg_loss 0.1337  last_loss 0.0721  steps 186  arch [128, 60, 14]
  [grown_uncapped_dream] task 7/15 (fashion_mnist_2_3) epoch 4/8 [post-grow]  avg_loss 0.1142  last_loss 0.3214  steps 372  arch [128, 60, 14]
  [grown_uncapped_dream] task 7/15 (fashion_mnist_2_3) epoch 5/8 [post-grow]  avg_loss 0.1083  last_loss 0.0561  steps 558  arch [128, 60, 14]
  [grown_uncapped_dream] task 7/15 (fashion_mnist_2_3) epoch 6/8 [post-grow]  avg_loss 0.1025  last_loss 0.1982  steps 744  arch [128, 60, 14]
  [grown_uncapped_dream] task 7/15 (fashion_mnist_2_3) epoch 7/8 [post-grow]  avg_loss 0.0972  last_loss 0.1471  steps 930  arch [128, 60, 14]
  [grown_uncapped_dream] task 7/15 (fashion_mnist_2_3) epoch 8/8 [post-grow]  avg_loss 0.0962  last_loss 0.0686  steps 1116  arch [128, 60, 14]
  [grown_uncapped_dream] post-task DREAM: replay 0.1535→0.0847 on 2p; merges=0 purges=0 latched=0 → arch [128, 60, 14] (110690→110690 params)
[grown_uncapped_dream] After pass 1 task 7: own=0.0030 (domain 0.0185, task 0.9650)  avg=0.6957 (domain 0.7057, task 0.9729)  arch=[128, 60, 14] params=110690 (trainable 10210)  cum_grows=28 cum_denied=0 cum_purges=0 cum_latched=0

[grown_uncapped_dream] === Pass 1/1 Task 8/15: fashion_mnist_4_5 (active [14, 15])  pre-arch=[128, 60, 16] params=110828 (trainable 10348/∞) ===
  [grown_uncapped_dream] task 8/15 (fashion_mnist_4_5) epoch 1/8 [settle]  avg_loss 0.3395  last_loss 0.1540  steps 186  arch [128, 60, 16]
  [grown_uncapped_dream] task 8/15 (fashion_mnist_4_5) epoch 2/8 [settle]  avg_loss 0.1207  last_loss 0.1043  steps 372  arch [128, 60, 16]
  [grown_uncapped_dream] GROWTH after settle: 4/4 allowed, 0 denied  new arch=[128, 64, 16] params=111440 (trainable 10960)
  [grown_uncapped_dream] task 8/15 (fashion_mnist_4_5) epoch 3/8 [post-grow]  avg_loss 0.0577  last_loss 0.0728  steps 186  arch [128, 64, 16]
  [grown_uncapped_dream] task 8/15 (fashion_mnist_4_5) epoch 4/8 [post-grow]  avg_loss 0.0246  last_loss 0.0194  steps 372  arch [128, 64, 16]
  [grown_uncapped_dream] task 8/15 (fashion_mnist_4_5) epoch 5/8 [post-grow]  avg_loss 0.0139  last_loss 0.0036  steps 558  arch [128, 64, 16]
  [grown_uncapped_dream] task 8/15 (fashion_mnist_4_5) epoch 6/8 [post-grow]  avg_loss 0.0093  last_loss 0.0055  steps 744  arch [128, 64, 16]
  [grown_uncapped_dream] task 8/15 (fashion_mnist_4_5) epoch 7/8 [post-grow]  avg_loss 0.0074  last_loss 0.0018  steps 930  arch [128, 64, 16]
  [grown_uncapped_dream] task 8/15 (fashion_mnist_4_5) epoch 8/8 [post-grow]  avg_loss 0.0059  last_loss 0.0108  steps 1116  arch [128, 64, 16]
  [grown_uncapped_dream] post-task DREAM: replay 0.1186→0.0930 on 2p; merges=0 purges=0 latched=0 → arch [128, 64, 16] (111440→111440 params)
[grown_uncapped_dream] After pass 1 task 8: own=0.0010 (domain 0.0860, task 0.9975)  avg=0.7034 (domain 0.7234, task 0.9747)  arch=[128, 64, 16] params=111440 (trainable 10960)  cum_grows=32 cum_denied=0 cum_purges=0 cum_latched=0

[grown_uncapped_dream] === Pass 1/1 Task 9/15: fashion_mnist_6_7 (active [16, 17])  pre-arch=[128, 64, 18] params=111586 (trainable 11106/∞) ===
  [grown_uncapped_dream] task 9/15 (fashion_mnist_6_7) epoch 1/8 [settle]  avg_loss 0.6660  last_loss 0.0955  steps 186  arch [128, 64, 18]
  [grown_uncapped_dream] task 9/15 (fashion_mnist_6_7) epoch 2/8 [settle]  avg_loss 0.0756  last_loss 0.0499  steps 372  arch [128, 64, 18]
  [grown_uncapped_dream] GROWTH after settle: 4/4 allowed, 0 denied  new arch=[128, 68, 18] params=112206 (trainable 11726)
  [grown_uncapped_dream] task 9/15 (fashion_mnist_6_7) epoch 3/8 [post-grow]  avg_loss 0.0317  last_loss 0.0409  steps 186  arch [128, 68, 18]
  [grown_uncapped_dream] task 9/15 (fashion_mnist_6_7) epoch 4/8 [post-grow]  avg_loss 0.0130  last_loss 0.0041  steps 372  arch [128, 68, 18]
  [grown_uncapped_dream] task 9/15 (fashion_mnist_6_7) epoch 5/8 [post-grow]  avg_loss 0.0083  last_loss 0.0021  steps 558  arch [128, 68, 18]
  [grown_uncapped_dream] task 9/15 (fashion_mnist_6_7) epoch 6/8 [post-grow]  avg_loss 0.0066  last_loss 0.0381  steps 744  arch [128, 68, 18]
  [grown_uncapped_dream] task 9/15 (fashion_mnist_6_7) epoch 7/8 [post-grow]  avg_loss 0.0052  last_loss 0.0026  steps 930  arch [128, 68, 18]
  [grown_uncapped_dream] task 9/15 (fashion_mnist_6_7) epoch 8/8 [post-grow]  avg_loss 0.0046  last_loss 0.0008  steps 1116  arch [128, 68, 18]
  [grown_uncapped_dream] post-task DREAM: replay 0.0011→0.0198 on 2p; merges=0 purges=0 latched=0 → arch [128, 68, 18] (112206→112206 params)
[grown_uncapped_dream] After pass 1 task 9: own=0.0000 (domain 0.0000, task 0.9980)  avg=0.6698 (domain 0.7004, task 0.9762)  arch=[128, 68, 18] params=112206 (trainable 11726)  cum_grows=36 cum_denied=0 cum_purges=0 cum_latched=0

[grown_uncapped_dream] === Pass 1/1 Task 10/15: fashion_mnist_8_9 (active [18, 19])  pre-arch=[128, 68, 20] params=112360 (trainable 11880/∞) ===
  [grown_uncapped_dream] task 10/15 (fashion_mnist_8_9) epoch 1/8 [settle]  avg_loss 0.3788  last_loss 0.1254  steps 187  arch [128, 68, 20]
  [grown_uncapped_dream] task 10/15 (fashion_mnist_8_9) epoch 2/8 [settle]  avg_loss 0.0904  last_loss 0.0109  steps 374  arch [128, 68, 20]
  [grown_uncapped_dream] GROWTH after settle: 4/4 allowed, 0 denied  new arch=[128, 72, 20] params=112988 (trainable 12508)
  [grown_uncapped_dream] task 10/15 (fashion_mnist_8_9) epoch 3/8 [post-grow]  avg_loss 0.0471  last_loss 0.0070  steps 187  arch [128, 72, 20]
  [grown_uncapped_dream] task 10/15 (fashion_mnist_8_9) epoch 4/8 [post-grow]  avg_loss 0.0278  last_loss 0.0009  steps 374  arch [128, 72, 20]
  [grown_uncapped_dream] task 10/15 (fashion_mnist_8_9) epoch 5/8 [post-grow]  avg_loss 0.0207  last_loss 0.0007  steps 561  arch [128, 72, 20]
  [grown_uncapped_dream] task 10/15 (fashion_mnist_8_9) epoch 6/8 [post-grow]  avg_loss 0.0181  last_loss 0.0476  steps 748  arch [128, 72, 20]
  [grown_uncapped_dream] task 10/15 (fashion_mnist_8_9) epoch 7/8 [post-grow]  avg_loss 0.0155  last_loss 0.0002  steps 935  arch [128, 72, 20]
  [grown_uncapped_dream] task 10/15 (fashion_mnist_8_9) epoch 8/8 [post-grow]  avg_loss 0.0144  last_loss 0.0003  steps 1122  arch [128, 72, 20]
  [grown_uncapped_dream] post-task DREAM: replay 0.0194→0.1257 on 2p; merges=0 purges=0 latched=0 → arch [128, 72, 20] (112988→112988 params)
[grown_uncapped_dream] After pass 1 task 10: own=0.0030 (domain 0.0065, task 0.9955)  avg=0.6590 (domain 0.6718, task 0.9772)  arch=[128, 72, 20] params=112988 (trainable 12508)  cum_grows=40 cum_denied=0 cum_purges=0 cum_latched=0

[grown_uncapped_dream] === Pass 1/1 Task 11/15: emnist_letters_0_1 (active [20, 21])  pre-arch=[128, 72, 22] params=113150 (trainable 12670/∞) ===
  [grown_uncapped_dream] task 11/15 (emnist_letters_0_1) epoch 1/8 [settle]  avg_loss 0.6287  last_loss 0.3475  steps 150  arch [128, 72, 22]
  [grown_uncapped_dream] task 11/15 (emnist_letters_0_1) epoch 2/8 [settle]  avg_loss 0.3063  last_loss 0.1573  steps 300  arch [128, 72, 22]
  [grown_uncapped_dream] GROWTH after settle: 4/4 allowed, 0 denied  new arch=[128, 76, 22] params=113786 (trainable 13306)
  [grown_uncapped_dream] task 11/15 (emnist_letters_0_1) epoch 3/8 [post-grow]  avg_loss 0.2463  last_loss 0.1778  steps 150  arch [128, 76, 22]
  [grown_uncapped_dream] task 11/15 (emnist_letters_0_1) epoch 4/8 [post-grow]  avg_loss 0.2150  last_loss 0.2729  steps 300  arch [128, 76, 22]
  [grown_uncapped_dream] task 11/15 (emnist_letters_0_1) epoch 5/8 [post-grow]  avg_loss 0.1918  last_loss 0.0750  steps 450  arch [128, 76, 22]
  [grown_uncapped_dream] task 11/15 (emnist_letters_0_1) epoch 6/8 [post-grow]  avg_loss 0.1789  last_loss 0.1281  steps 600  arch [128, 76, 22]
  [grown_uncapped_dream] task 11/15 (emnist_letters_0_1) epoch 7/8 [post-grow]  avg_loss 0.1699  last_loss 0.1013  steps 750  arch [128, 76, 22]
  [grown_uncapped_dream] task 11/15 (emnist_letters_0_1) epoch 8/8 [post-grow]  avg_loss 0.1651  last_loss 0.2434  steps 900  arch [128, 76, 22]
  [grown_uncapped_dream] post-task DREAM: replay 0.1195→0.1204 on 3p; merges=0 purges=0 latched=0 → arch [128, 76, 22] (113786→113786 params)
[grown_uncapped_dream] After pass 1 task 11: own=0.0113 (domain 0.9494, task 0.9494)  avg=0.6703 (domain 0.7671, task 0.9751)  arch=[128, 76, 22] params=113786 (trainable 13306)  cum_grows=44 cum_denied=0 cum_purges=0 cum_latched=0

[grown_uncapped_dream] === Pass 1/1 Task 12/15: emnist_letters_2_3 (active [22, 23])  pre-arch=[128, 76, 24] params=113956 (trainable 13476/∞) ===
  [grown_uncapped_dream] task 12/15 (emnist_letters_2_3) epoch 1/8 [settle]  avg_loss 0.7281  last_loss 0.2822  steps 150  arch [128, 76, 24]
  [grown_uncapped_dream] task 12/15 (emnist_letters_2_3) epoch 2/8 [settle]  avg_loss 0.3542  last_loss 0.3367  steps 300  arch [128, 76, 24]
  [grown_uncapped_dream] GROWTH after settle: 4/4 allowed, 0 denied  new arch=[128, 80, 24] params=114600 (trainable 14120)
  [grown_uncapped_dream] task 12/15 (emnist_letters_2_3) epoch 3/8 [post-grow]  avg_loss 0.2267  last_loss 0.2275  steps 150  arch [128, 80, 24]
  [grown_uncapped_dream] task 12/15 (emnist_letters_2_3) epoch 4/8 [post-grow]  avg_loss 0.1525  last_loss 0.1940  steps 300  arch [128, 80, 24]
  [grown_uncapped_dream] task 12/15 (emnist_letters_2_3) epoch 5/8 [post-grow]  avg_loss 0.1195  last_loss 0.3169  steps 450  arch [128, 80, 24]
  [grown_uncapped_dream] task 12/15 (emnist_letters_2_3) epoch 6/8 [post-grow]  avg_loss 0.1032  last_loss 0.1603  steps 600  arch [128, 80, 24]
  [grown_uncapped_dream] task 12/15 (emnist_letters_2_3) epoch 7/8 [post-grow]  avg_loss 0.0925  last_loss 0.0156  steps 750  arch [128, 80, 24]
  [grown_uncapped_dream] task 12/15 (emnist_letters_2_3) epoch 8/8 [post-grow]  avg_loss 0.0864  last_loss 0.1718  steps 900  arch [128, 80, 24]
  [grown_uncapped_dream] post-task DREAM: replay 0.1309→0.1186 on 3p; merges=0 purges=0 latched=0 → arch [128, 80, 24] (114600→114600 params)
[grown_uncapped_dream] After pass 1 task 12: own=0.0000 (domain 0.0037, task 0.9594)  avg=0.6461 (domain 0.7094, task 0.9731)  arch=[128, 80, 24] params=114600 (trainable 14120)  cum_grows=48 cum_denied=0 cum_purges=0 cum_latched=0

[grown_uncapped_dream] === Pass 1/1 Task 13/15: emnist_letters_4_5 (active [24, 25])  pre-arch=[128, 80, 26] params=114778 (trainable 14298/∞) ===
  [grown_uncapped_dream] task 13/15 (emnist_letters_4_5) epoch 1/8 [settle]  avg_loss 0.4163  last_loss 0.2443  steps 150  arch [128, 80, 26]
  [grown_uncapped_dream] task 13/15 (emnist_letters_4_5) epoch 2/8 [settle]  avg_loss 0.2556  last_loss 0.1173  steps 300  arch [128, 80, 26]
  [grown_uncapped_dream] GROWTH after settle: 4/4 allowed, 0 denied  new arch=[128, 84, 26] params=115430 (trainable 14950)
  [grown_uncapped_dream] task 13/15 (emnist_letters_4_5) epoch 3/8 [post-grow]  avg_loss 0.2098  last_loss 0.1050  steps 150  arch [128, 84, 26]
  [grown_uncapped_dream] task 13/15 (emnist_letters_4_5) epoch 4/8 [post-grow]  avg_loss 0.1650  last_loss 0.1456  steps 300  arch [128, 84, 26]
  [grown_uncapped_dream] task 13/15 (emnist_letters_4_5) epoch 5/8 [post-grow]  avg_loss 0.1383  last_loss 0.1265  steps 450  arch [128, 84, 26]
  [grown_uncapped_dream] task 13/15 (emnist_letters_4_5) epoch 6/8 [post-grow]  avg_loss 0.1199  last_loss 0.0217  steps 600  arch [128, 84, 26]
  [grown_uncapped_dream] task 13/15 (emnist_letters_4_5) epoch 7/8 [post-grow]  avg_loss 0.1125  last_loss 0.2221  steps 750  arch [128, 84, 26]
  [grown_uncapped_dream] task 13/15 (emnist_letters_4_5) epoch 8/8 [post-grow]  avg_loss 0.1060  last_loss 0.0226  steps 900  arch [128, 84, 26]
  [grown_uncapped_dream] post-task DREAM: replay 0.0967→0.0665 on 3p; merges=0 purges=0 latched=0 → arch [128, 84, 26] (115430→115430 params)
[grown_uncapped_dream] After pass 1 task 13: own=0.0006 (domain 0.0125, task 0.9569)  avg=0.6104 (domain 0.6963, task 0.9709)  arch=[128, 84, 26] params=115430 (trainable 14950)  cum_grows=52 cum_denied=0 cum_purges=0 cum_latched=0

[grown_uncapped_dream] === Pass 1/1 Task 14/15: emnist_letters_6_7 (active [26, 27])  pre-arch=[128, 84, 28] params=115616 (trainable 15136/∞) ===
  [grown_uncapped_dream] task 14/15 (emnist_letters_6_7) epoch 1/8 [settle]  avg_loss 0.7390  last_loss 0.4621  steps 150  arch [128, 84, 28]
  [grown_uncapped_dream] task 14/15 (emnist_letters_6_7) epoch 2/8 [settle]  avg_loss 0.3324  last_loss 0.2885  steps 300  arch [128, 84, 28]
  [grown_uncapped_dream] GROWTH after settle: 4/4 allowed, 0 denied  new arch=[128, 88, 28] params=116276 (trainable 15796)
  [grown_uncapped_dream] task 14/15 (emnist_letters_6_7) epoch 3/8 [post-grow]  avg_loss 0.2316  last_loss 0.1767  steps 150  arch [128, 88, 28]
  [grown_uncapped_dream] task 14/15 (emnist_letters_6_7) epoch 4/8 [post-grow]  avg_loss 0.1804  last_loss 0.1929  steps 300  arch [128, 88, 28]
  [grown_uncapped_dream] task 14/15 (emnist_letters_6_7) epoch 5/8 [post-grow]  avg_loss 0.1568  last_loss 0.1386  steps 450  arch [128, 88, 28]
  [grown_uncapped_dream] task 14/15 (emnist_letters_6_7) epoch 6/8 [post-grow]  avg_loss 0.1412  last_loss 0.1571  steps 600  arch [128, 88, 28]
  [grown_uncapped_dream] task 14/15 (emnist_letters_6_7) epoch 7/8 [post-grow]  avg_loss 0.1319  last_loss 0.2377  steps 750  arch [128, 88, 28]
  [grown_uncapped_dream] task 14/15 (emnist_letters_6_7) epoch 8/8 [post-grow]  avg_loss 0.1231  last_loss 0.1878  steps 900  arch [128, 88, 28]
  [grown_uncapped_dream] post-task DREAM: replay 0.0701→0.0904 on 4p; merges=0 purges=0 latched=0 → arch [128, 88, 28] (116276→116276 params)
[grown_uncapped_dream] After pass 1 task 14: own=0.0006 (domain 0.0037, task 0.9588)  avg=0.5855 (domain 0.6718, task 0.9677)  arch=[128, 88, 28] params=116276 (trainable 15796)  cum_grows=56 cum_denied=0 cum_purges=0 cum_latched=0

[grown_uncapped_dream] === Pass 1/1 Task 15/15: emnist_letters_8_9 (active [28, 29])  pre-arch=[128, 88, 30] params=116470 (trainable 15990/∞) ===
  [grown_uncapped_dream] task 15/15 (emnist_letters_8_9) epoch 1/8 [settle]  avg_loss 0.8606  last_loss 0.3199  steps 150  arch [128, 88, 30]
  [grown_uncapped_dream] task 15/15 (emnist_letters_8_9) epoch 2/8 [settle]  avg_loss 0.3310  last_loss 0.3572  steps 300  arch [128, 88, 30]
  [grown_uncapped_dream] GROWTH after settle: 4/4 allowed, 0 denied  new arch=[128, 92, 30] params=117138 (trainable 16658)
  [grown_uncapped_dream] task 15/15 (emnist_letters_8_9) epoch 3/8 [post-grow]  avg_loss 0.2580  last_loss 0.1810  steps 150  arch [128, 92, 30]
  [grown_uncapped_dream] task 15/15 (emnist_letters_8_9) epoch 4/8 [post-grow]  avg_loss 0.2221  last_loss 0.2434  steps 300  arch [128, 92, 30]
  [grown_uncapped_dream] task 15/15 (emnist_letters_8_9) epoch 5/8 [post-grow]  avg_loss 0.2058  last_loss 0.1826  steps 450  arch [128, 92, 30]
  [grown_uncapped_dream] task 15/15 (emnist_letters_8_9) epoch 6/8 [post-grow]  avg_loss 0.1972  last_loss 0.1492  steps 600  arch [128, 92, 30]
  [grown_uncapped_dream] task 15/15 (emnist_letters_8_9) epoch 7/8 [post-grow]  avg_loss 0.1920  last_loss 0.1899  steps 750  arch [128, 92, 30]
  [grown_uncapped_dream] task 15/15 (emnist_letters_8_9) epoch 8/8 [post-grow]  avg_loss 0.1867  last_loss 0.1358  steps 900  arch [128, 92, 30]
  [grown_uncapped_dream] post-task DREAM: replay 0.0348→0.0807 on 4p; merges=0 purges=0 latched=0 → arch [128, 92, 30] (117138→117138 params)
[grown_uncapped_dream] After pass 1 task 15: own=0.0000 (domain 0.0106, task 0.9212)  avg=0.6002 (domain 0.6689, task 0.9596)  arch=[128, 92, 30] params=117138 (trainable 16658)  cum_grows=60 cum_denied=0 cum_purges=0 cum_latched=0

[grown_uncapped_dream] <<< PASS 1/1 done — full=0.6002  domain=0.6689  task=0.9596

==============================================================================
bench_chained_15task — Final Report
==============================================================================

[grown_uncapped_dream]
  arch:               (128, 32, 2) → (128, 92, 30)
  params total:       105970 → 117138
  params trainable:   5490 → 16658  (cap-relevant)
  cap_bytes:          2_147_483_648  (= 536_870_912 trainable params)
  cum grows allowed:  60
  cum grows denied:   0
  cum dream purges:   0
  cum dream latched:  0
  final acc full:     0.6002  (30-class full-softmax — headline)
  final acc domain:   0.6689  (10-class restricted to dataset group — realistic deployment)
  final acc task:     0.9596  (2-class restricted to binary task — generous diagnostic)
  avg forgetting:     full -0.5517  domain -0.4788  task 0.0141
  wall-clock:         219.0s
  per-phase (full / domain / task):
     phase1_mnist         0.7583  /  0.7934  /  0.9696
     phase2_fashion       0.6932  /  0.7131  /  0.9810
     phase3_emnist        0.3491  /  0.5003  /  0.9281

Headline (full / domain / task across arms):
  grown_uncapped_dream          full 0.6002  domain 0.6689  task 0.9596  (full-forget -0.5517)


##############################################################################
#   SEED 2  (3/3)
##############################################################################

[grown_uncapped_dream] start — arch (128, 32, 2)  params 105970 (trainable 5490)  growth=True dream=True  cap_bytes=2147483648  K=15  passes=1  epochs/task=8  rehearsal=off  lwf=off  brainstem=off  engrams=off  hippocampus=off  differential=off  manifold=on

[grown_uncapped_dream] >>> PASS 1/1  grows_per_task=4  (developmental)

[grown_uncapped_dream] === Pass 1/1 Task 1/15: mnist_0_1 (active [0, 1])  pre-arch=[128, 32, 2] params=105970 (trainable 5490/∞) ===
  [grown_uncapped_dream] task 1/15 (mnist_0_1) epoch 1/8 [settle]  avg_loss 0.0916  last_loss 0.0018  steps 197  arch [128, 32, 2]
  [grown_uncapped_dream] task 1/15 (mnist_0_1) epoch 2/8 [settle]  avg_loss 0.0122  last_loss 0.0037  steps 394  arch [128, 32, 2]
  [grown_uncapped_dream] GROWTH after settle: 4/4 allowed, 0 denied  new arch=[128, 36, 2] params=106526 (trainable 6046)
  [grown_uncapped_dream] task 1/15 (mnist_0_1) epoch 3/8 [post-grow]  avg_loss 0.0080  last_loss 0.0007  steps 197  arch [128, 36, 2]
  [grown_uncapped_dream] task 1/15 (mnist_0_1) epoch 4/8 [post-grow]  avg_loss 0.0060  last_loss 0.0043  steps 394  arch [128, 36, 2]
  [grown_uncapped_dream] task 1/15 (mnist_0_1) epoch 5/8 [post-grow]  avg_loss 0.0047  last_loss 0.0008  steps 591  arch [128, 36, 2]
  [grown_uncapped_dream] task 1/15 (mnist_0_1) epoch 6/8 [post-grow]  avg_loss 0.0039  last_loss 0.0002  steps 788  arch [128, 36, 2]
  [grown_uncapped_dream] task 1/15 (mnist_0_1) epoch 7/8 [post-grow]  avg_loss 0.0033  last_loss 0.0000  steps 985  arch [128, 36, 2]
  [grown_uncapped_dream] task 1/15 (mnist_0_1) epoch 8/8 [post-grow]  avg_loss 0.0028  last_loss 0.0001  steps 1182  arch [128, 36, 2]
  [grown_uncapped_dream] post-task DREAM: replay 0.0007→0.0003 on 1p; merges=0 purges=0 latched=0 → arch [128, 36, 2] (106526→106526 params)
[grown_uncapped_dream] After pass 1 task 1: own=0.9986 (domain 0.9986, task 0.9986)  avg=0.9986 (domain 0.9986, task 0.9986)  arch=[128, 36, 2] params=106526 (trainable 6046)  cum_grows=4 cum_denied=0 cum_purges=0 cum_latched=0

[grown_uncapped_dream] === Pass 1/1 Task 2/15: mnist_2_3 (active [2, 3])  pre-arch=[128, 36, 4] params=106616 (trainable 6136/∞) ===
  [grown_uncapped_dream] task 2/15 (mnist_2_3) epoch 1/8 [settle]  avg_loss 0.3169  last_loss 0.2321  steps 188  arch [128, 36, 4]
  [grown_uncapped_dream] task 2/15 (mnist_2_3) epoch 2/8 [settle]  avg_loss 0.1985  last_loss 0.1250  steps 376  arch [128, 36, 4]
  [grown_uncapped_dream] GROWTH after settle: 4/4 allowed, 0 denied  new arch=[128, 40, 4] params=107180 (trainable 6700)
  [grown_uncapped_dream] task 2/15 (mnist_2_3) epoch 3/8 [post-grow]  avg_loss 0.1732  last_loss 0.1645  steps 188  arch [128, 40, 4]
  [grown_uncapped_dream] task 2/15 (mnist_2_3) epoch 4/8 [post-grow]  avg_loss 0.1488  last_loss 0.2151  steps 376  arch [128, 40, 4]
  [grown_uncapped_dream] task 2/15 (mnist_2_3) epoch 5/8 [post-grow]  avg_loss 0.1311  last_loss 0.0345  steps 564  arch [128, 40, 4]
  [grown_uncapped_dream] task 2/15 (mnist_2_3) epoch 6/8 [post-grow]  avg_loss 0.1207  last_loss 0.0417  steps 752  arch [128, 40, 4]
  [grown_uncapped_dream] task 2/15 (mnist_2_3) epoch 7/8 [post-grow]  avg_loss 0.1150  last_loss 0.2037  steps 940  arch [128, 40, 4]
  [grown_uncapped_dream] task 2/15 (mnist_2_3) epoch 8/8 [post-grow]  avg_loss 0.1108  last_loss 0.0475  steps 1128  arch [128, 40, 4]
  [grown_uncapped_dream] post-task DREAM: replay 0.1566→0.0889 on 1p; merges=0 purges=0 latched=0 → arch [128, 40, 4] (107180→107180 params)
[grown_uncapped_dream] After pass 1 task 2: own=0.0837 (domain 0.0837, task 0.9677)  avg=0.5409 (domain 0.5409, task 0.9829)  arch=[128, 40, 4] params=107180 (trainable 6700)  cum_grows=8 cum_denied=0 cum_purges=0 cum_latched=0

[grown_uncapped_dream] === Pass 1/1 Task 3/15: mnist_4_5 (active [4, 5])  pre-arch=[128, 40, 6] params=107278 (trainable 6798/∞) ===
  [grown_uncapped_dream] task 3/15 (mnist_4_5) epoch 1/8 [settle]  avg_loss 0.4040  last_loss 0.2193  steps 175  arch [128, 40, 6]
  [grown_uncapped_dream] task 3/15 (mnist_4_5) epoch 2/8 [settle]  avg_loss 0.1763  last_loss 0.1471  steps 350  arch [128, 40, 6]
  [grown_uncapped_dream] GROWTH after settle: 4/4 allowed, 0 denied  new arch=[128, 44, 6] params=107850 (trainable 7370)
  [grown_uncapped_dream] task 3/15 (mnist_4_5) epoch 3/8 [post-grow]  avg_loss 0.1317  last_loss 0.1326  steps 175  arch [128, 44, 6]
  [grown_uncapped_dream] task 3/15 (mnist_4_5) epoch 4/8 [post-grow]  avg_loss 0.0987  last_loss 0.0425  steps 350  arch [128, 44, 6]
  [grown_uncapped_dream] task 3/15 (mnist_4_5) epoch 5/8 [post-grow]  avg_loss 0.0795  last_loss 0.0565  steps 525  arch [128, 44, 6]
  [grown_uncapped_dream] task 3/15 (mnist_4_5) epoch 6/8 [post-grow]  avg_loss 0.0683  last_loss 0.0303  steps 700  arch [128, 44, 6]
  [grown_uncapped_dream] task 3/15 (mnist_4_5) epoch 7/8 [post-grow]  avg_loss 0.0633  last_loss 0.0434  steps 875  arch [128, 44, 6]
  [grown_uncapped_dream] task 3/15 (mnist_4_5) epoch 8/8 [post-grow]  avg_loss 0.0583  last_loss 0.0369  steps 1050  arch [128, 44, 6]
  [grown_uncapped_dream] post-task DREAM: replay 0.0017→0.0146 on 1p; merges=0 purges=0 latched=0 → arch [128, 44, 6] (107850→107850 params)
[grown_uncapped_dream] After pass 1 task 3: own=0.0005 (domain 0.0005, task 0.9856)  avg=0.6146 (domain 0.6146, task 0.9836)  arch=[128, 44, 6] params=107850 (trainable 7370)  cum_grows=12 cum_denied=0 cum_purges=0 cum_latched=0

[grown_uncapped_dream] === Pass 1/1 Task 4/15: mnist_6_7 (active [6, 7])  pre-arch=[128, 44, 8] params=107956 (trainable 7476/∞) ===
  [grown_uncapped_dream] task 4/15 (mnist_6_7) epoch 1/8 [settle]  avg_loss 0.2993  last_loss 0.1058  steps 189  arch [128, 44, 8]
  [grown_uncapped_dream] task 4/15 (mnist_6_7) epoch 2/8 [settle]  avg_loss 0.1027  last_loss 0.0517  steps 378  arch [128, 44, 8]
  [grown_uncapped_dream] GROWTH after settle: 4/4 allowed, 0 denied  new arch=[128, 48, 8] params=108536 (trainable 8056)
  [grown_uncapped_dream] task 4/15 (mnist_6_7) epoch 3/8 [post-grow]  avg_loss 0.0658  last_loss 0.0403  steps 189  arch [128, 48, 8]
  [grown_uncapped_dream] task 4/15 (mnist_6_7) epoch 4/8 [post-grow]  avg_loss 0.0432  last_loss 0.0353  steps 378  arch [128, 48, 8]
  [grown_uncapped_dream] task 4/15 (mnist_6_7) epoch 5/8 [post-grow]  avg_loss 0.0307  last_loss 0.0205  steps 567  arch [128, 48, 8]
  [grown_uncapped_dream] task 4/15 (mnist_6_7) epoch 6/8 [post-grow]  avg_loss 0.0238  last_loss 0.0102  steps 756  arch [128, 48, 8]
  [grown_uncapped_dream] task 4/15 (mnist_6_7) epoch 7/8 [post-grow]  avg_loss 0.0198  last_loss 0.0037  steps 945  arch [128, 48, 8]
  [grown_uncapped_dream] task 4/15 (mnist_6_7) epoch 8/8 [post-grow]  avg_loss 0.0175  last_loss 0.0230  steps 1134  arch [128, 48, 8]
  [grown_uncapped_dream] post-task DREAM: replay 0.0138→0.0725 on 1p; merges=0 purges=0 latched=0 → arch [128, 48, 8] (108536→108536 params)
[grown_uncapped_dream] After pass 1 task 4: own=0.0111 (domain 0.0111, task 0.9894)  avg=0.6539 (domain 0.6539, task 0.9832)  arch=[128, 48, 8] params=108536 (trainable 8056)  cum_grows=16 cum_denied=0 cum_purges=0 cum_latched=0

[grown_uncapped_dream] === Pass 1/1 Task 5/15: mnist_8_9 (active [8, 9])  pre-arch=[128, 48, 10] params=108650 (trainable 8170/∞) ===
  [grown_uncapped_dream] task 5/15 (mnist_8_9) epoch 1/8 [settle]  avg_loss 0.3507  last_loss 0.2160  steps 183  arch [128, 48, 10]
  [grown_uncapped_dream] task 5/15 (mnist_8_9) epoch 2/8 [settle]  avg_loss 0.1994  last_loss 0.1625  steps 366  arch [128, 48, 10]
  [grown_uncapped_dream] GROWTH after settle: 4/4 allowed, 0 denied  new arch=[128, 52, 10] params=109238 (trainable 8758)
  [grown_uncapped_dream] task 5/15 (mnist_8_9) epoch 3/8 [post-grow]  avg_loss 0.1596  last_loss 0.0866  steps 183  arch [128, 52, 10]
  [grown_uncapped_dream] task 5/15 (mnist_8_9) epoch 4/8 [post-grow]  avg_loss 0.1261  last_loss 0.1483  steps 366  arch [128, 52, 10]
  [grown_uncapped_dream] task 5/15 (mnist_8_9) epoch 5/8 [post-grow]  avg_loss 0.1048  last_loss 0.1109  steps 549  arch [128, 52, 10]
  [grown_uncapped_dream] task 5/15 (mnist_8_9) epoch 6/8 [post-grow]  avg_loss 0.0915  last_loss 0.1962  steps 732  arch [128, 52, 10]
  [grown_uncapped_dream] task 5/15 (mnist_8_9) epoch 7/8 [post-grow]  avg_loss 0.0840  last_loss 0.0494  steps 915  arch [128, 52, 10]
  [grown_uncapped_dream] task 5/15 (mnist_8_9) epoch 8/8 [post-grow]  avg_loss 0.0793  last_loss 0.1016  steps 1098  arch [128, 52, 10]
  [grown_uncapped_dream] post-task DREAM: replay 0.2084→0.0430 on 1p; merges=0 purges=0 latched=0 → arch [128, 52, 10] (109238→109238 params)
[grown_uncapped_dream] After pass 1 task 5: own=0.0005 (domain 0.0005, task 0.9697)  avg=0.6735 (domain 0.6735, task 0.9804)  arch=[128, 52, 10] params=109238 (trainable 8758)  cum_grows=20 cum_denied=0 cum_purges=0 cum_latched=0

[grown_uncapped_dream] === Pass 1/1 Task 6/15: fashion_mnist_0_1 (active [10, 11])  pre-arch=[128, 52, 12] params=109360 (trainable 8880/∞) ===
  [grown_uncapped_dream] task 6/15 (fashion_mnist_0_1) epoch 1/8 [settle]  avg_loss 0.2644  last_loss 0.1678  steps 186  arch [128, 52, 12]
  [grown_uncapped_dream] task 6/15 (fashion_mnist_0_1) epoch 2/8 [settle]  avg_loss 0.1364  last_loss 0.1567  steps 372  arch [128, 52, 12]
  [grown_uncapped_dream] GROWTH after settle: 4/4 allowed, 0 denied  new arch=[128, 56, 12] params=109956 (trainable 9476)
  [grown_uncapped_dream] task 6/15 (fashion_mnist_0_1) epoch 3/8 [post-grow]  avg_loss 0.1085  last_loss 0.1012  steps 186  arch [128, 56, 12]
  [grown_uncapped_dream] task 6/15 (fashion_mnist_0_1) epoch 4/8 [post-grow]  avg_loss 0.0840  last_loss 0.0631  steps 372  arch [128, 56, 12]
  [grown_uncapped_dream] task 6/15 (fashion_mnist_0_1) epoch 5/8 [post-grow]  avg_loss 0.0708  last_loss 0.0238  steps 558  arch [128, 56, 12]
  [grown_uncapped_dream] task 6/15 (fashion_mnist_0_1) epoch 6/8 [post-grow]  avg_loss 0.0634  last_loss 0.0587  steps 744  arch [128, 56, 12]
  [grown_uncapped_dream] task 6/15 (fashion_mnist_0_1) epoch 7/8 [post-grow]  avg_loss 0.0583  last_loss 0.0433  steps 930  arch [128, 56, 12]
  [grown_uncapped_dream] task 6/15 (fashion_mnist_0_1) epoch 8/8 [post-grow]  avg_loss 0.0554  last_loss 0.0457  steps 1116  arch [128, 56, 12]
  [grown_uncapped_dream] post-task DREAM: replay 0.0201→0.0837 on 2p; merges=0 purges=0 latched=0 → arch [128, 56, 12] (109956→109956 params)
[grown_uncapped_dream] After pass 1 task 6: own=0.0010 (domain 0.9780, task 0.9780)  avg=0.6531 (domain 0.8160, task 0.9776)  arch=[128, 56, 12] params=109956 (trainable 9476)  cum_grows=24 cum_denied=0 cum_purges=0 cum_latched=0

[grown_uncapped_dream] === Pass 1/1 Task 7/15: fashion_mnist_2_3 (active [12, 13])  pre-arch=[128, 56, 14] params=110086 (trainable 9606/∞) ===
  [grown_uncapped_dream] task 7/15 (fashion_mnist_2_3) epoch 1/8 [settle]  avg_loss 0.3289  last_loss 0.2003  steps 186  arch [128, 56, 14]
  [grown_uncapped_dream] task 7/15 (fashion_mnist_2_3) epoch 2/8 [settle]  avg_loss 0.1740  last_loss 0.1580  steps 372  arch [128, 56, 14]
  [grown_uncapped_dream] GROWTH after settle: 4/4 allowed, 0 denied  new arch=[128, 60, 14] params=110690 (trainable 10210)
  [grown_uncapped_dream] task 7/15 (fashion_mnist_2_3) epoch 3/8 [post-grow]  avg_loss 0.1393  last_loss 0.1752  steps 186  arch [128, 60, 14]
  [grown_uncapped_dream] task 7/15 (fashion_mnist_2_3) epoch 4/8 [post-grow]  avg_loss 0.1187  last_loss 0.0905  steps 372  arch [128, 60, 14]
  [grown_uncapped_dream] task 7/15 (fashion_mnist_2_3) epoch 5/8 [post-grow]  avg_loss 0.1091  last_loss 0.0612  steps 558  arch [128, 60, 14]
  [grown_uncapped_dream] task 7/15 (fashion_mnist_2_3) epoch 6/8 [post-grow]  avg_loss 0.1041  last_loss 0.0528  steps 744  arch [128, 60, 14]
  [grown_uncapped_dream] task 7/15 (fashion_mnist_2_3) epoch 7/8 [post-grow]  avg_loss 0.1003  last_loss 0.0803  steps 930  arch [128, 60, 14]
  [grown_uncapped_dream] task 7/15 (fashion_mnist_2_3) epoch 8/8 [post-grow]  avg_loss 0.0977  last_loss 0.0370  steps 1116  arch [128, 60, 14]
  [grown_uncapped_dream] post-task DREAM: replay 0.1331→0.0566 on 2p; merges=0 purges=0 latched=0 → arch [128, 60, 14] (110690→110690 params)
[grown_uncapped_dream] After pass 1 task 7: own=0.0000 (domain 0.0025, task 0.9625)  avg=0.6987 (domain 0.7080, task 0.9740)  arch=[128, 60, 14] params=110690 (trainable 10210)  cum_grows=28 cum_denied=0 cum_purges=0 cum_latched=0

[grown_uncapped_dream] === Pass 1/1 Task 8/15: fashion_mnist_4_5 (active [14, 15])  pre-arch=[128, 60, 16] params=110828 (trainable 10348/∞) ===
  [grown_uncapped_dream] task 8/15 (fashion_mnist_4_5) epoch 1/8 [settle]  avg_loss 0.6549  last_loss 0.1767  steps 186  arch [128, 60, 16]
  [grown_uncapped_dream] task 8/15 (fashion_mnist_4_5) epoch 2/8 [settle]  avg_loss 0.1257  last_loss 0.1180  steps 372  arch [128, 60, 16]
  [grown_uncapped_dream] GROWTH after settle: 4/4 allowed, 0 denied  new arch=[128, 64, 16] params=111440 (trainable 10960)
  [grown_uncapped_dream] task 8/15 (fashion_mnist_4_5) epoch 3/8 [post-grow]  avg_loss 0.0579  last_loss 0.0254  steps 186  arch [128, 64, 16]
  [grown_uncapped_dream] task 8/15 (fashion_mnist_4_5) epoch 4/8 [post-grow]  avg_loss 0.0260  last_loss 0.0100  steps 372  arch [128, 64, 16]
  [grown_uncapped_dream] task 8/15 (fashion_mnist_4_5) epoch 5/8 [post-grow]  avg_loss 0.0149  last_loss 0.0170  steps 558  arch [128, 64, 16]
  [grown_uncapped_dream] task 8/15 (fashion_mnist_4_5) epoch 6/8 [post-grow]  avg_loss 0.0106  last_loss 0.0053  steps 744  arch [128, 64, 16]
  [grown_uncapped_dream] task 8/15 (fashion_mnist_4_5) epoch 7/8 [post-grow]  avg_loss 0.0086  last_loss 0.0018  steps 930  arch [128, 64, 16]
  [grown_uncapped_dream] task 8/15 (fashion_mnist_4_5) epoch 8/8 [post-grow]  avg_loss 0.0071  last_loss 0.0028  steps 1116  arch [128, 64, 16]
  [grown_uncapped_dream] post-task DREAM: replay 0.1051→0.0956 on 2p; merges=0 purges=0 latched=0 → arch [128, 64, 16] (111440→111440 params)
[grown_uncapped_dream] After pass 1 task 8: own=0.0175 (domain 0.3065, task 0.9990)  avg=0.7076 (domain 0.7496, task 0.9773)  arch=[128, 64, 16] params=111440 (trainable 10960)  cum_grows=32 cum_denied=0 cum_purges=0 cum_latched=0

[grown_uncapped_dream] === Pass 1/1 Task 9/15: fashion_mnist_6_7 (active [16, 17])  pre-arch=[128, 64, 18] params=111586 (trainable 11106/∞) ===
  [grown_uncapped_dream] task 9/15 (fashion_mnist_6_7) epoch 1/8 [settle]  avg_loss 0.2885  last_loss 0.0863  steps 186  arch [128, 64, 18]
  [grown_uncapped_dream] task 9/15 (fashion_mnist_6_7) epoch 2/8 [settle]  avg_loss 0.0565  last_loss 0.0703  steps 372  arch [128, 64, 18]
  [grown_uncapped_dream] GROWTH after settle: 4/4 allowed, 0 denied  new arch=[128, 68, 18] params=112206 (trainable 11726)
  [grown_uncapped_dream] task 9/15 (fashion_mnist_6_7) epoch 3/8 [post-grow]  avg_loss 0.0218  last_loss 0.0116  steps 186  arch [128, 68, 18]
  [grown_uncapped_dream] task 9/15 (fashion_mnist_6_7) epoch 4/8 [post-grow]  avg_loss 0.0090  last_loss 0.0025  steps 372  arch [128, 68, 18]
  [grown_uncapped_dream] task 9/15 (fashion_mnist_6_7) epoch 5/8 [post-grow]  avg_loss 0.0057  last_loss 0.0056  steps 558  arch [128, 68, 18]
  [grown_uncapped_dream] task 9/15 (fashion_mnist_6_7) epoch 6/8 [post-grow]  avg_loss 0.0045  last_loss 0.0018  steps 744  arch [128, 68, 18]
  [grown_uncapped_dream] task 9/15 (fashion_mnist_6_7) epoch 7/8 [post-grow]  avg_loss 0.0037  last_loss 0.0221  steps 930  arch [128, 68, 18]
  [grown_uncapped_dream] task 9/15 (fashion_mnist_6_7) epoch 8/8 [post-grow]  avg_loss 0.0032  last_loss 0.0004  steps 1116  arch [128, 68, 18]
  [grown_uncapped_dream] post-task DREAM: replay 0.0018→0.0048 on 2p; merges=0 purges=0 latched=0 → arch [128, 68, 18] (112206→112206 params)
[grown_uncapped_dream] After pass 1 task 9: own=0.0000 (domain 0.0000, task 0.9990)  avg=0.6845 (domain 0.7058, task 0.9773)  arch=[128, 68, 18] params=112206 (trainable 11726)  cum_grows=36 cum_denied=0 cum_purges=0 cum_latched=0

[grown_uncapped_dream] === Pass 1/1 Task 10/15: fashion_mnist_8_9 (active [18, 19])  pre-arch=[128, 68, 20] params=112360 (trainable 11880/∞) ===
  [grown_uncapped_dream] task 10/15 (fashion_mnist_8_9) epoch 1/8 [settle]  avg_loss 0.1961  last_loss 0.1176  steps 187  arch [128, 68, 20]
  [grown_uncapped_dream] task 10/15 (fashion_mnist_8_9) epoch 2/8 [settle]  avg_loss 0.0811  last_loss 0.1427  steps 374  arch [128, 68, 20]
  [grown_uncapped_dream] GROWTH after settle: 4/4 allowed, 0 denied  new arch=[128, 72, 20] params=112988 (trainable 12508)
  [grown_uncapped_dream] task 10/15 (fashion_mnist_8_9) epoch 3/8 [post-grow]  avg_loss 0.0501  last_loss 0.0285  steps 187  arch [128, 72, 20]
  [grown_uncapped_dream] task 10/15 (fashion_mnist_8_9) epoch 4/8 [post-grow]  avg_loss 0.0293  last_loss 0.0836  steps 374  arch [128, 72, 20]
  [grown_uncapped_dream] task 10/15 (fashion_mnist_8_9) epoch 5/8 [post-grow]  avg_loss 0.0209  last_loss 0.0253  steps 561  arch [128, 72, 20]
  [grown_uncapped_dream] task 10/15 (fashion_mnist_8_9) epoch 6/8 [post-grow]  avg_loss 0.0168  last_loss 0.0011  steps 748  arch [128, 72, 20]
  [grown_uncapped_dream] task 10/15 (fashion_mnist_8_9) epoch 7/8 [post-grow]  avg_loss 0.0142  last_loss 0.0087  steps 935  arch [128, 72, 20]
  [grown_uncapped_dream] task 10/15 (fashion_mnist_8_9) epoch 8/8 [post-grow]  avg_loss 0.0130  last_loss 0.0009  steps 1122  arch [128, 72, 20]
  [grown_uncapped_dream] post-task DREAM: replay 0.1073→0.2262 on 2p; merges=0 purges=0 latched=0 → arch [128, 72, 20] (112988→112988 params)
[grown_uncapped_dream] After pass 1 task 10: own=0.0000 (domain 0.0020, task 0.9940)  avg=0.6488 (domain 0.6580, task 0.9772)  arch=[128, 72, 20] params=112988 (trainable 12508)  cum_grows=40 cum_denied=0 cum_purges=0 cum_latched=0

[grown_uncapped_dream] === Pass 1/1 Task 11/15: emnist_letters_0_1 (active [20, 21])  pre-arch=[128, 72, 22] params=113150 (trainable 12670/∞) ===
  [grown_uncapped_dream] task 11/15 (emnist_letters_0_1) epoch 1/8 [settle]  avg_loss 0.5203  last_loss 0.2999  steps 150  arch [128, 72, 22]
  [grown_uncapped_dream] task 11/15 (emnist_letters_0_1) epoch 2/8 [settle]  avg_loss 0.3061  last_loss 0.2860  steps 300  arch [128, 72, 22]
  [grown_uncapped_dream] GROWTH after settle: 4/4 allowed, 0 denied  new arch=[128, 76, 22] params=113786 (trainable 13306)
  [grown_uncapped_dream] task 11/15 (emnist_letters_0_1) epoch 3/8 [post-grow]  avg_loss 0.2506  last_loss 0.1705  steps 150  arch [128, 76, 22]
  [grown_uncapped_dream] task 11/15 (emnist_letters_0_1) epoch 4/8 [post-grow]  avg_loss 0.2172  last_loss 0.1486  steps 300  arch [128, 76, 22]
  [grown_uncapped_dream] task 11/15 (emnist_letters_0_1) epoch 5/8 [post-grow]  avg_loss 0.1961  last_loss 0.1447  steps 450  arch [128, 76, 22]
  [grown_uncapped_dream] task 11/15 (emnist_letters_0_1) epoch 6/8 [post-grow]  avg_loss 0.1816  last_loss 0.0718  steps 600  arch [128, 76, 22]
  [grown_uncapped_dream] task 11/15 (emnist_letters_0_1) epoch 7/8 [post-grow]  avg_loss 0.1724  last_loss 0.2350  steps 750  arch [128, 76, 22]
  [grown_uncapped_dream] task 11/15 (emnist_letters_0_1) epoch 8/8 [post-grow]  avg_loss 0.1665  last_loss 0.3047  steps 900  arch [128, 76, 22]
  [grown_uncapped_dream] post-task DREAM: replay 0.1704→0.1401 on 3p; merges=0 purges=0 latched=0 → arch [128, 76, 22] (113786→113786 params)
[grown_uncapped_dream] After pass 1 task 11: own=0.0063 (domain 0.9413, task 0.9413)  avg=0.6654 (domain 0.7638, task 0.9743)  arch=[128, 76, 22] params=113786 (trainable 13306)  cum_grows=44 cum_denied=0 cum_purges=0 cum_latched=0

[grown_uncapped_dream] === Pass 1/1 Task 12/15: emnist_letters_2_3 (active [22, 23])  pre-arch=[128, 76, 24] params=113956 (trainable 13476/∞) ===
  [grown_uncapped_dream] task 12/15 (emnist_letters_2_3) epoch 1/8 [settle]  avg_loss 0.4715  last_loss 0.2443  steps 150  arch [128, 76, 24]
  [grown_uncapped_dream] task 12/15 (emnist_letters_2_3) epoch 2/8 [settle]  avg_loss 0.2483  last_loss 0.3242  steps 300  arch [128, 76, 24]
  [grown_uncapped_dream] GROWTH after settle: 4/4 allowed, 0 denied  new arch=[128, 80, 24] params=114600 (trainable 14120)
  [grown_uncapped_dream] task 12/15 (emnist_letters_2_3) epoch 3/8 [post-grow]  avg_loss 0.1789  last_loss 0.0606  steps 150  arch [128, 80, 24]
  [grown_uncapped_dream] task 12/15 (emnist_letters_2_3) epoch 4/8 [post-grow]  avg_loss 0.1433  last_loss 0.0502  steps 300  arch [128, 80, 24]
  [grown_uncapped_dream] task 12/15 (emnist_letters_2_3) epoch 5/8 [post-grow]  avg_loss 0.1218  last_loss 0.0381  steps 450  arch [128, 80, 24]
  [grown_uncapped_dream] task 12/15 (emnist_letters_2_3) epoch 6/8 [post-grow]  avg_loss 0.1088  last_loss 0.1007  steps 600  arch [128, 80, 24]
  [grown_uncapped_dream] task 12/15 (emnist_letters_2_3) epoch 7/8 [post-grow]  avg_loss 0.0992  last_loss 0.1623  steps 750  arch [128, 80, 24]
  [grown_uncapped_dream] task 12/15 (emnist_letters_2_3) epoch 8/8 [post-grow]  avg_loss 0.0910  last_loss 0.0850  steps 900  arch [128, 80, 24]
  [grown_uncapped_dream] post-task DREAM: replay 0.0915→0.0423 on 3p; merges=0 purges=0 latched=0 → arch [128, 80, 24] (114600→114600 params)
[grown_uncapped_dream] After pass 1 task 12: own=0.0006 (domain 0.0606, task 0.9531)  avg=0.6384 (domain 0.7084, task 0.9714)  arch=[128, 80, 24] params=114600 (trainable 14120)  cum_grows=48 cum_denied=0 cum_purges=0 cum_latched=0

[grown_uncapped_dream] === Pass 1/1 Task 13/15: emnist_letters_4_5 (active [24, 25])  pre-arch=[128, 80, 26] params=114778 (trainable 14298/∞) ===
  [grown_uncapped_dream] task 13/15 (emnist_letters_4_5) epoch 1/8 [settle]  avg_loss 0.4921  last_loss 0.3175  steps 150  arch [128, 80, 26]
  [grown_uncapped_dream] task 13/15 (emnist_letters_4_5) epoch 2/8 [settle]  avg_loss 0.2826  last_loss 0.1879  steps 300  arch [128, 80, 26]
  [grown_uncapped_dream] GROWTH after settle: 4/4 allowed, 0 denied  new arch=[128, 84, 26] params=115430 (trainable 14950)
  [grown_uncapped_dream] task 13/15 (emnist_letters_4_5) epoch 3/8 [post-grow]  avg_loss 0.2201  last_loss 0.1611  steps 150  arch [128, 84, 26]
  [grown_uncapped_dream] task 13/15 (emnist_letters_4_5) epoch 4/8 [post-grow]  avg_loss 0.1769  last_loss 0.1900  steps 300  arch [128, 84, 26]
  [grown_uncapped_dream] task 13/15 (emnist_letters_4_5) epoch 5/8 [post-grow]  avg_loss 0.1500  last_loss 0.1492  steps 450  arch [128, 84, 26]
  [grown_uncapped_dream] task 13/15 (emnist_letters_4_5) epoch 6/8 [post-grow]  avg_loss 0.1344  last_loss 0.1032  steps 600  arch [128, 84, 26]
  [grown_uncapped_dream] task 13/15 (emnist_letters_4_5) epoch 7/8 [post-grow]  avg_loss 0.1235  last_loss 0.1026  steps 750  arch [128, 84, 26]
  [grown_uncapped_dream] task 13/15 (emnist_letters_4_5) epoch 8/8 [post-grow]  avg_loss 0.1171  last_loss 0.0508  steps 900  arch [128, 84, 26]
  [grown_uncapped_dream] post-task DREAM: replay 0.1344→0.1033 on 3p; merges=0 purges=0 latched=0 → arch [128, 84, 26] (115430→115430 params)
[grown_uncapped_dream] After pass 1 task 13: own=0.0000 (domain 0.0562, task 0.9656)  avg=0.6309 (domain 0.6996, task 0.9674)  arch=[128, 84, 26] params=115430 (trainable 14950)  cum_grows=52 cum_denied=0 cum_purges=0 cum_latched=0

[grown_uncapped_dream] === Pass 1/1 Task 14/15: emnist_letters_6_7 (active [26, 27])  pre-arch=[128, 84, 28] params=115616 (trainable 15136/∞) ===
  [grown_uncapped_dream] task 14/15 (emnist_letters_6_7) epoch 1/8 [settle]  avg_loss 0.5127  last_loss 0.2644  steps 150  arch [128, 84, 28]
  [grown_uncapped_dream] task 14/15 (emnist_letters_6_7) epoch 2/8 [settle]  avg_loss 0.2816  last_loss 0.2480  steps 300  arch [128, 84, 28]
  [grown_uncapped_dream] GROWTH after settle: 4/4 allowed, 0 denied  new arch=[128, 88, 28] params=116276 (trainable 15796)
  [grown_uncapped_dream] task 14/15 (emnist_letters_6_7) epoch 3/8 [post-grow]  avg_loss 0.2112  last_loss 0.2145  steps 150  arch [128, 88, 28]
  [grown_uncapped_dream] task 14/15 (emnist_letters_6_7) epoch 4/8 [post-grow]  avg_loss 0.1699  last_loss 0.1180  steps 300  arch [128, 88, 28]
  [grown_uncapped_dream] task 14/15 (emnist_letters_6_7) epoch 5/8 [post-grow]  avg_loss 0.1470  last_loss 0.1062  steps 450  arch [128, 88, 28]
  [grown_uncapped_dream] task 14/15 (emnist_letters_6_7) epoch 6/8 [post-grow]  avg_loss 0.1320  last_loss 0.2820  steps 600  arch [128, 88, 28]
  [grown_uncapped_dream] task 14/15 (emnist_letters_6_7) epoch 7/8 [post-grow]  avg_loss 0.1188  last_loss 0.1094  steps 750  arch [128, 88, 28]
  [grown_uncapped_dream] task 14/15 (emnist_letters_6_7) epoch 8/8 [post-grow]  avg_loss 0.1115  last_loss 0.0917  steps 900  arch [128, 88, 28]
  [grown_uncapped_dream] post-task DREAM: replay 0.1706→0.0928 on 4p; merges=0 purges=0 latched=0 → arch [128, 88, 28] (116276→116276 params)
[grown_uncapped_dream] After pass 1 task 14: own=0.0012 (domain 0.0200, task 0.9581)  avg=0.6197 (domain 0.6836, task 0.9656)  arch=[128, 88, 28] params=116276 (trainable 15796)  cum_grows=56 cum_denied=0 cum_purges=0 cum_latched=0

[grown_uncapped_dream] === Pass 1/1 Task 15/15: emnist_letters_8_9 (active [28, 29])  pre-arch=[128, 88, 30] params=116470 (trainable 15990/∞) ===
  [grown_uncapped_dream] task 15/15 (emnist_letters_8_9) epoch 1/8 [settle]  avg_loss 0.4443  last_loss 0.3119  steps 150  arch [128, 88, 30]
  [grown_uncapped_dream] task 15/15 (emnist_letters_8_9) epoch 2/8 [settle]  avg_loss 0.2963  last_loss 0.2265  steps 300  arch [128, 88, 30]
  [grown_uncapped_dream] GROWTH after settle: 4/4 allowed, 0 denied  new arch=[128, 92, 30] params=117138 (trainable 16658)
  [grown_uncapped_dream] task 15/15 (emnist_letters_8_9) epoch 3/8 [post-grow]  avg_loss 0.2554  last_loss 0.5007  steps 150  arch [128, 92, 30]
  [grown_uncapped_dream] task 15/15 (emnist_letters_8_9) epoch 4/8 [post-grow]  avg_loss 0.2272  last_loss 0.1304  steps 300  arch [128, 92, 30]
  [grown_uncapped_dream] task 15/15 (emnist_letters_8_9) epoch 5/8 [post-grow]  avg_loss 0.2119  last_loss 0.1176  steps 450  arch [128, 92, 30]
  [grown_uncapped_dream] task 15/15 (emnist_letters_8_9) epoch 6/8 [post-grow]  avg_loss 0.2008  last_loss 0.3954  steps 600  arch [128, 92, 30]
  [grown_uncapped_dream] task 15/15 (emnist_letters_8_9) epoch 7/8 [post-grow]  avg_loss 0.1959  last_loss 0.1168  steps 750  arch [128, 92, 30]
  [grown_uncapped_dream] task 15/15 (emnist_letters_8_9) epoch 8/8 [post-grow]  avg_loss 0.1913  last_loss 0.0518  steps 900  arch [128, 92, 30]
  [grown_uncapped_dream] post-task DREAM: replay 0.1096→0.0875 on 4p; merges=0 purges=0 latched=0 → arch [128, 92, 30] (117138→117138 params)
[grown_uncapped_dream] After pass 1 task 15: own=0.0000 (domain 0.0012, task 0.9269)  avg=0.6035 (domain 0.6680, task 0.9603)  arch=[128, 92, 30] params=117138 (trainable 16658)  cum_grows=60 cum_denied=0 cum_purges=0 cum_latched=0

[grown_uncapped_dream] <<< PASS 1/1 done — full=0.6035  domain=0.6680  task=0.9603

==============================================================================
bench_chained_15task — Final Report
==============================================================================

[grown_uncapped_dream]
  arch:               (128, 32, 2) → (128, 92, 30)
  params total:       105970 → 117138
  params trainable:   5490 → 16658  (cap-relevant)
  cap_bytes:          2_147_483_648  (= 536_870_912 trainable params)
  cum grows allowed:  60
  cum grows denied:   0
  cum dream purges:   0
  cum dream latched:  0
  final acc full:     0.6035  (30-class full-softmax — headline)
  final acc domain:   0.6680  (10-class restricted to dataset group — realistic deployment)
  final acc task:     0.9603  (2-class restricted to binary task — generous diagnostic)
  avg forgetting:     full -0.5665  domain -0.4684  task 0.0132
  wall-clock:         222.8s
  per-phase (full / domain / task):
     phase1_mnist         0.7488  /  0.7808  /  0.9633
     phase2_fashion       0.6967  /  0.7120  /  0.9819
     phase3_emnist        0.3650  /  0.5111  /  0.9356

Headline (full / domain / task across arms):
  grown_uncapped_dream          full 0.6035  domain 0.6680  task 0.9603  (full-forget -0.5665)


==============================================================================
bench_chained_15task — Multi-seed Report (n=3 seeds)
==============================================================================
Seeds: [0, 1, 2]

[grown_uncapped_dream]  (3 seeds)
  final acc full   : 0.5999 ± 0.0038  (n=3)
  final acc domain : 0.6694 ± 0.0018  (n=3)
  final acc task   : 0.9596 ± 0.0007  (n=3)
  forgetting full   : -0.5577 ± 0.0078
  forgetting domain : -0.4757 ± 0.0064
  forgetting task   : +0.0140 ± 0.0008
  per-phase full:
     phase1_mnist           0.7570 ± 0.0076
     phase2_fashion         0.6914 ± 0.0064
     phase3_emnist          0.3514 ± 0.0127
  per-phase domain:
     phase1_mnist           0.7914 ± 0.0097
     phase2_fashion         0.7121 ± 0.0010
     phase3_emnist          0.5049 ± 0.0056
  per-phase task:
     phase1_mnist           0.9665 ± 0.0031
     phase2_fashion         0.9802 ± 0.0022
     phase3_emnist          0.9321 ± 0.0038
  cum grows allowed : 60.00 ± 0.00
  cum grows denied  : 0.00 ± 0.00
  cum dream purges  : 0.00 ± 0.00
  final trainable    : 16658 ± 0

Headline (mean ± std across seeds):
  arm                           full                domain              task              
  grown_uncapped_dream          0.5999±0.0038       0.6694±0.0018       0.9596±0.0007     

Paired σ-differences (arm_a − arm_b across seeds):
  comparison                                        metric        mean Δ      std Δ       σ    n

  log: /home/marcrockhat/trioron-project/outputs/bench_chained_15task_n3_MANIFOLD_REPLAY_baseline_multiseed.csv

[baseline] returned rc=0
==============================================================================
CONDITION: all_axes_plastic
  MANIFOLD_REPLAY_ENABLED = True
  AXIS_3_ENABLED          = False
  AXIS_4_ENABLED          = False
  AXIS_5_ENABLED          = False
  PLASTIC_ENABLED         = False
==============================================================================

==============================================================================
Trioron — bench_chained_15task: MNIST → FashionMNIST → EMNIST-letters
==============================================================================
Epochs/task:        8
K_settle epochs:    2  (Fix B — growth deferred until after settle)
L0 width (frozen):  128
H_init grown (L1):  32
H fixed:            64
N_grow_per_task:    4
Cap (trainable):    32_000 B = 8_000 params
EWC intertask:      30.0
Curriculum passes:  1
Warmup enabled:     False
Arms:               ['grown_uncapped_dream']
Seeds (n=3):     [0, 1, 2]

[datasets] loading mnist (train) ...
[datasets] loading mnist (test)  ...
[datasets] loading fashion_mnist (train) ...
[datasets] loading fashion_mnist (test)  ...
[datasets] loading emnist_letters (train) ...
[datasets] loading emnist_letters (test)  ...

##############################################################################
#   SEED 0  (1/3)
##############################################################################

[grown_uncapped_dream] start — arch (128, 32, 2)  params 105970 (trainable 5490)  growth=True dream=True  cap_bytes=2147483648  K=15  passes=1  epochs/task=8  rehearsal=off  lwf=off  brainstem=off  engrams=off  hippocampus=off  differential=off  manifold=on

[grown_uncapped_dream] >>> PASS 1/1  grows_per_task=4  (developmental)

[grown_uncapped_dream] === Pass 1/1 Task 1/15: mnist_0_1 (active [0, 1])  pre-arch=[128, 32, 2] params=105970 (trainable 5490/∞) ===
  [grown_uncapped_dream] task 1/15 (mnist_0_1) epoch 1/8 [settle]  avg_loss 0.1088  last_loss 0.0055  steps 197  arch [128, 32, 2]
  [grown_uncapped_dream] task 1/15 (mnist_0_1) epoch 2/8 [settle]  avg_loss 0.0093  last_loss 0.0008  steps 394  arch [128, 32, 2]
  [grown_uncapped_dream] GROWTH after settle: 4/4 allowed, 0 denied  new arch=[128, 36, 2] params=106526 (trainable 6046)
  [grown_uncapped_dream] task 1/15 (mnist_0_1) epoch 3/8 [post-grow]  avg_loss 0.0054  last_loss 0.0000  steps 197  arch [128, 36, 2]
  [grown_uncapped_dream] task 1/15 (mnist_0_1) epoch 4/8 [post-grow]  avg_loss 0.0038  last_loss 0.0001  steps 394  arch [128, 36, 2]
  [grown_uncapped_dream] task 1/15 (mnist_0_1) epoch 5/8 [post-grow]  avg_loss 0.0028  last_loss 0.0001  steps 591  arch [128, 36, 2]
  [grown_uncapped_dream] task 1/15 (mnist_0_1) epoch 6/8 [post-grow]  avg_loss 0.0022  last_loss 0.0000  steps 788  arch [128, 36, 2]
  [grown_uncapped_dream] task 1/15 (mnist_0_1) epoch 7/8 [post-grow]  avg_loss 0.0018  last_loss 0.0000  steps 985  arch [128, 36, 2]
  [grown_uncapped_dream] task 1/15 (mnist_0_1) epoch 8/8 [post-grow]  avg_loss 0.0016  last_loss 0.0000  steps 1182  arch [128, 36, 2]
  [grown_uncapped_dream] post-task DREAM: replay 0.0006→0.0219 on 1p; merges=0 purges=0 latched=0 → arch [128, 36, 2] (106526→106526 params)
[grown_uncapped_dream] After pass 1 task 1: own=0.9991 (domain 0.9991, task 0.9991)  avg=0.9991 (domain 0.9991, task 0.9991)  arch=[128, 36, 2] params=106526 (trainable 6046)  cum_grows=4 cum_denied=0 cum_purges=0 cum_latched=0

[grown_uncapped_dream] === Pass 1/1 Task 2/15: mnist_2_3 (active [2, 3])  pre-arch=[128, 36, 4] params=106616 (trainable 6136/∞) ===
  [grown_uncapped_dream] task 2/15 (mnist_2_3) epoch 1/8 [settle]  avg_loss 0.3384  last_loss 0.1626  steps 188  arch [128, 36, 4]
  [grown_uncapped_dream] task 2/15 (mnist_2_3) epoch 2/8 [settle]  avg_loss 0.2047  last_loss 0.2610  steps 376  arch [128, 36, 4]
  [grown_uncapped_dream] GROWTH after settle: 4/4 allowed, 0 denied  new arch=[128, 40, 4] params=107180 (trainable 6700)
  [grown_uncapped_dream] task 2/15 (mnist_2_3) epoch 3/8 [post-grow]  avg_loss 0.1745  last_loss 0.1056  steps 188  arch [128, 40, 4]
  [grown_uncapped_dream] task 2/15 (mnist_2_3) epoch 4/8 [post-grow]  avg_loss 0.1497  last_loss 0.1831  steps 376  arch [128, 40, 4]
  [grown_uncapped_dream] task 2/15 (mnist_2_3) epoch 5/8 [post-grow]  avg_loss 0.1279  last_loss 0.0520  steps 564  arch [128, 40, 4]
  [grown_uncapped_dream] task 2/15 (mnist_2_3) epoch 6/8 [post-grow]  avg_loss 0.1156  last_loss 0.1167  steps 752  arch [128, 40, 4]
  [grown_uncapped_dream] task 2/15 (mnist_2_3) epoch 7/8 [post-grow]  avg_loss 0.1083  last_loss 0.0671  steps 940  arch [128, 40, 4]
  [grown_uncapped_dream] task 2/15 (mnist_2_3) epoch 8/8 [post-grow]  avg_loss 0.1041  last_loss 0.0643  steps 1128  arch [128, 40, 4]
  [grown_uncapped_dream] post-task DREAM: replay 0.1515→0.0945 on 1p; merges=0 purges=0 latched=0 → arch [128, 40, 4] (107180→107180 params)
[grown_uncapped_dream] After pass 1 task 2: own=0.1273 (domain 0.1273, task 0.9677)  avg=0.5630 (domain 0.5630, task 0.9831)  arch=[128, 40, 4] params=107180 (trainable 6700)  cum_grows=8 cum_denied=0 cum_purges=0 cum_latched=0

[grown_uncapped_dream] === Pass 1/1 Task 3/15: mnist_4_5 (active [4, 5])  pre-arch=[128, 40, 6] params=107278 (trainable 6798/∞) ===
  [grown_uncapped_dream] task 3/15 (mnist_4_5) epoch 1/8 [settle]  avg_loss 0.3941  last_loss 0.2591  steps 175  arch [128, 40, 6]
  [grown_uncapped_dream] task 3/15 (mnist_4_5) epoch 2/8 [settle]  avg_loss 0.2488  last_loss 0.1969  steps 350  arch [128, 40, 6]
  [grown_uncapped_dream] GROWTH after settle: 4/4 allowed, 0 denied  new arch=[128, 44, 6] params=107850 (trainable 7370)
  [grown_uncapped_dream] task 3/15 (mnist_4_5) epoch 3/8 [post-grow]  avg_loss 0.1839  last_loss 0.1681  steps 175  arch [128, 44, 6]
  [grown_uncapped_dream] task 3/15 (mnist_4_5) epoch 4/8 [post-grow]  avg_loss 0.1305  last_loss 0.0964  steps 350  arch [128, 44, 6]
  [grown_uncapped_dream] task 3/15 (mnist_4_5) epoch 5/8 [post-grow]  avg_loss 0.0989  last_loss 0.1895  steps 525  arch [128, 44, 6]
  [grown_uncapped_dream] task 3/15 (mnist_4_5) epoch 6/8 [post-grow]  avg_loss 0.0800  last_loss 0.0533  steps 700  arch [128, 44, 6]
  [grown_uncapped_dream] task 3/15 (mnist_4_5) epoch 7/8 [post-grow]  avg_loss 0.0701  last_loss 0.1800  steps 875  arch [128, 44, 6]
  [grown_uncapped_dream] task 3/15 (mnist_4_5) epoch 8/8 [post-grow]  avg_loss 0.0623  last_loss 0.0331  steps 1050  arch [128, 44, 6]
  [grown_uncapped_dream] post-task DREAM: replay 0.1183→0.1260 on 1p; merges=0 purges=0 latched=0 → arch [128, 44, 6] (107850→107850 params)
[grown_uncapped_dream] After pass 1 task 3: own=0.0000 (domain 0.0000, task 0.9851)  avg=0.6255 (domain 0.6255, task 0.9843)  arch=[128, 44, 6] params=107850 (trainable 7370)  cum_grows=12 cum_denied=0 cum_purges=0 cum_latched=0

[grown_uncapped_dream] === Pass 1/1 Task 4/15: mnist_6_7 (active [6, 7])  pre-arch=[128, 44, 8] params=107956 (trainable 7476/∞) ===
  [grown_uncapped_dream] task 4/15 (mnist_6_7) epoch 1/8 [settle]  avg_loss 0.3020  last_loss 0.1610  steps 189  arch [128, 44, 8]
  [grown_uncapped_dream] task 4/15 (mnist_6_7) epoch 2/8 [settle]  avg_loss 0.1199  last_loss 0.1036  steps 378  arch [128, 44, 8]
  [grown_uncapped_dream] GROWTH after settle: 4/4 allowed, 0 denied  new arch=[128, 48, 8] params=108536 (trainable 8056)
  [grown_uncapped_dream] task 4/15 (mnist_6_7) epoch 3/8 [post-grow]  avg_loss 0.0790  last_loss 0.0396  steps 189  arch [128, 48, 8]
  [grown_uncapped_dream] task 4/15 (mnist_6_7) epoch 4/8 [post-grow]  avg_loss 0.0511  last_loss 0.0453  steps 378  arch [128, 48, 8]
  [grown_uncapped_dream] task 4/15 (mnist_6_7) epoch 5/8 [post-grow]  avg_loss 0.0378  last_loss 0.0137  steps 567  arch [128, 48, 8]
  [grown_uncapped_dream] task 4/15 (mnist_6_7) epoch 6/8 [post-grow]  avg_loss 0.0316  last_loss 0.0217  steps 756  arch [128, 48, 8]
  [grown_uncapped_dream] task 4/15 (mnist_6_7) epoch 7/8 [post-grow]  avg_loss 0.0282  last_loss 0.0058  steps 945  arch [128, 48, 8]
  [grown_uncapped_dream] task 4/15 (mnist_6_7) epoch 8/8 [post-grow]  avg_loss 0.0250  last_loss 0.0570  steps 1134  arch [128, 48, 8]
  [grown_uncapped_dream] post-task DREAM: replay 0.0002→0.0000 on 1p; merges=0 purges=0 latched=0 → arch [128, 48, 8] (108536→108536 params)
[grown_uncapped_dream] After pass 1 task 4: own=0.0015 (domain 0.0015, task 0.9904)  avg=0.6658 (domain 0.6658, task 0.9819)  arch=[128, 48, 8] params=108536 (trainable 8056)  cum_grows=16 cum_denied=0 cum_purges=0 cum_latched=0

[grown_uncapped_dream] === Pass 1/1 Task 5/15: mnist_8_9 (active [8, 9])  pre-arch=[128, 48, 10] params=108650 (trainable 8170/∞) ===
  [grown_uncapped_dream] task 5/15 (mnist_8_9) epoch 1/8 [settle]  avg_loss 0.5137  last_loss 0.3199  steps 183  arch [128, 48, 10]
  [grown_uncapped_dream] task 5/15 (mnist_8_9) epoch 2/8 [settle]  avg_loss 0.2561  last_loss 0.2080  steps 366  arch [128, 48, 10]
  [grown_uncapped_dream] GROWTH after settle: 4/4 allowed, 0 denied  new arch=[128, 52, 10] params=109238 (trainable 8758)
  [grown_uncapped_dream] task 5/15 (mnist_8_9) epoch 3/8 [post-grow]  avg_loss 0.1842  last_loss 0.1278  steps 183  arch [128, 52, 10]
  [grown_uncapped_dream] task 5/15 (mnist_8_9) epoch 4/8 [post-grow]  avg_loss 0.1445  last_loss 0.0800  steps 366  arch [128, 52, 10]
  [grown_uncapped_dream] task 5/15 (mnist_8_9) epoch 5/8 [post-grow]  avg_loss 0.1259  last_loss 0.0847  steps 549  arch [128, 52, 10]
  [grown_uncapped_dream] task 5/15 (mnist_8_9) epoch 6/8 [post-grow]  avg_loss 0.1149  last_loss 0.0557  steps 732  arch [128, 52, 10]
  [grown_uncapped_dream] task 5/15 (mnist_8_9) epoch 7/8 [post-grow]  avg_loss 0.1069  last_loss 0.1819  steps 915  arch [128, 52, 10]
  [grown_uncapped_dream] task 5/15 (mnist_8_9) epoch 8/8 [post-grow]  avg_loss 0.1028  last_loss 0.1016  steps 1098  arch [128, 52, 10]
  [grown_uncapped_dream] post-task DREAM: replay 0.0401→0.0296 on 1p; merges=0 purges=0 latched=0 → arch [128, 52, 10] (109238→109238 params)
[grown_uncapped_dream] After pass 1 task 5: own=0.0000 (domain 0.0000, task 0.9637)  avg=0.6880 (domain 0.6880, task 0.9770)  arch=[128, 52, 10] params=109238 (trainable 8758)  cum_grows=20 cum_denied=0 cum_purges=0 cum_latched=0

[grown_uncapped_dream] === Pass 1/1 Task 6/15: fashion_mnist_0_1 (active [10, 11])  pre-arch=[128, 52, 12] params=109360 (trainable 8880/∞) ===
  [grown_uncapped_dream] task 6/15 (fashion_mnist_0_1) epoch 1/8 [settle]  avg_loss 0.4126  last_loss 0.2300  steps 186  arch [128, 52, 12]
  [grown_uncapped_dream] task 6/15 (fashion_mnist_0_1) epoch 2/8 [settle]  avg_loss 0.2013  last_loss 0.1623  steps 372  arch [128, 52, 12]
  [grown_uncapped_dream] GROWTH after settle: 4/4 allowed, 0 denied  new arch=[128, 56, 12] params=109956 (trainable 9476)
  [grown_uncapped_dream] task 6/15 (fashion_mnist_0_1) epoch 3/8 [post-grow]  avg_loss 0.1460  last_loss 0.1115  steps 186  arch [128, 56, 12]
  [grown_uncapped_dream] task 6/15 (fashion_mnist_0_1) epoch 4/8 [post-grow]  avg_loss 0.1040  last_loss 0.1290  steps 372  arch [128, 56, 12]
  [grown_uncapped_dream] task 6/15 (fashion_mnist_0_1) epoch 5/8 [post-grow]  avg_loss 0.0831  last_loss 0.0441  steps 558  arch [128, 56, 12]
  [grown_uncapped_dream] task 6/15 (fashion_mnist_0_1) epoch 6/8 [post-grow]  avg_loss 0.0721  last_loss 0.0837  steps 744  arch [128, 56, 12]
  [grown_uncapped_dream] task 6/15 (fashion_mnist_0_1) epoch 7/8 [post-grow]  avg_loss 0.0645  last_loss 0.1297  steps 930  arch [128, 56, 12]
  [grown_uncapped_dream] task 6/15 (fashion_mnist_0_1) epoch 8/8 [post-grow]  avg_loss 0.0598  last_loss 0.0490  steps 1116  arch [128, 56, 12]
  [grown_uncapped_dream] post-task DREAM: replay 0.0344→0.0637 on 2p; merges=0 purges=0 latched=0 → arch [128, 56, 12] (109956→109956 params)
[grown_uncapped_dream] After pass 1 task 6: own=0.0000 (domain 0.9785, task 0.9785)  avg=0.6570 (domain 0.8200, task 0.9741)  arch=[128, 56, 12] params=109956 (trainable 9476)  cum_grows=24 cum_denied=0 cum_purges=0 cum_latched=0

[grown_uncapped_dream] === Pass 1/1 Task 7/15: fashion_mnist_2_3 (active [12, 13])  pre-arch=[128, 56, 14] params=110086 (trainable 9606/∞) ===
  [grown_uncapped_dream] task 7/15 (fashion_mnist_2_3) epoch 1/8 [settle]  avg_loss 0.3830  last_loss 0.1953  steps 186  arch [128, 56, 14]
  [grown_uncapped_dream] task 7/15 (fashion_mnist_2_3) epoch 2/8 [settle]  avg_loss 0.1875  last_loss 0.1546  steps 372  arch [128, 56, 14]
  [grown_uncapped_dream] GROWTH after settle: 4/4 allowed, 0 denied  new arch=[128, 60, 14] params=110690 (trainable 10210)
  [grown_uncapped_dream] task 7/15 (fashion_mnist_2_3) epoch 3/8 [post-grow]  avg_loss 0.1441  last_loss 0.1294  steps 186  arch [128, 60, 14]
  [grown_uncapped_dream] task 7/15 (fashion_mnist_2_3) epoch 4/8 [post-grow]  avg_loss 0.1231  last_loss 0.0799  steps 372  arch [128, 60, 14]
  [grown_uncapped_dream] task 7/15 (fashion_mnist_2_3) epoch 5/8 [post-grow]  avg_loss 0.1126  last_loss 0.1064  steps 558  arch [128, 60, 14]
  [grown_uncapped_dream] task 7/15 (fashion_mnist_2_3) epoch 6/8 [post-grow]  avg_loss 0.1061  last_loss 0.0575  steps 744  arch [128, 60, 14]
  [grown_uncapped_dream] task 7/15 (fashion_mnist_2_3) epoch 7/8 [post-grow]  avg_loss 0.1041  last_loss 0.0571  steps 930  arch [128, 60, 14]
  [grown_uncapped_dream] task 7/15 (fashion_mnist_2_3) epoch 8/8 [post-grow]  avg_loss 0.1025  last_loss 0.0817  steps 1116  arch [128, 60, 14]
  [grown_uncapped_dream] post-task DREAM: replay 0.2424→0.0989 on 2p; merges=0 purges=0 latched=0 → arch [128, 60, 14] (110690→110690 params)
[grown_uncapped_dream] After pass 1 task 7: own=0.0200 (domain 0.1095, task 0.9525)  avg=0.7065 (domain 0.7315, task 0.9723)  arch=[128, 60, 14] params=110690 (trainable 10210)  cum_grows=28 cum_denied=0 cum_purges=0 cum_latched=0

[grown_uncapped_dream] === Pass 1/1 Task 8/15: fashion_mnist_4_5 (active [14, 15])  pre-arch=[128, 60, 16] params=110828 (trainable 10348/∞) ===
  [grown_uncapped_dream] task 8/15 (fashion_mnist_4_5) epoch 1/8 [settle]  avg_loss 0.5124  last_loss 0.2141  steps 186  arch [128, 60, 16]
  [grown_uncapped_dream] task 8/15 (fashion_mnist_4_5) epoch 2/8 [settle]  avg_loss 0.1747  last_loss 0.1456  steps 372  arch [128, 60, 16]
  [grown_uncapped_dream] GROWTH after settle: 4/4 allowed, 0 denied  new arch=[128, 64, 16] params=111440 (trainable 10960)
  [grown_uncapped_dream] task 8/15 (fashion_mnist_4_5) epoch 3/8 [post-grow]  avg_loss 0.0887  last_loss 0.0509  steps 186  arch [128, 64, 16]
  [grown_uncapped_dream] task 8/15 (fashion_mnist_4_5) epoch 4/8 [post-grow]  avg_loss 0.0391  last_loss 0.0074  steps 372  arch [128, 64, 16]
  [grown_uncapped_dream] task 8/15 (fashion_mnist_4_5) epoch 5/8 [post-grow]  avg_loss 0.0219  last_loss 0.0120  steps 558  arch [128, 64, 16]
  [grown_uncapped_dream] task 8/15 (fashion_mnist_4_5) epoch 6/8 [post-grow]  avg_loss 0.0150  last_loss 0.0314  steps 744  arch [128, 64, 16]
  [grown_uncapped_dream] task 8/15 (fashion_mnist_4_5) epoch 7/8 [post-grow]  avg_loss 0.0113  last_loss 0.0051  steps 930  arch [128, 64, 16]
  [grown_uncapped_dream] task 8/15 (fashion_mnist_4_5) epoch 8/8 [post-grow]  avg_loss 0.0095  last_loss 0.0256  steps 1116  arch [128, 64, 16]
  [grown_uncapped_dream] post-task DREAM: replay 0.0220→0.0421 on 2p; merges=0 purges=0 latched=0 → arch [128, 64, 16] (111440→111440 params)
[grown_uncapped_dream] After pass 1 task 8: own=0.0215 (domain 0.1325, task 0.9980)  avg=0.7137 (domain 0.7394, task 0.9748)  arch=[128, 64, 16] params=111440 (trainable 10960)  cum_grows=32 cum_denied=0 cum_purges=0 cum_latched=0

[grown_uncapped_dream] === Pass 1/1 Task 9/15: fashion_mnist_6_7 (active [16, 17])  pre-arch=[128, 64, 18] params=111586 (trainable 11106/∞) ===
  [grown_uncapped_dream] task 9/15 (fashion_mnist_6_7) epoch 1/8 [settle]  avg_loss 0.2491  last_loss 0.0814  steps 186  arch [128, 64, 18]
  [grown_uncapped_dream] task 9/15 (fashion_mnist_6_7) epoch 2/8 [settle]  avg_loss 0.0713  last_loss 0.0754  steps 372  arch [128, 64, 18]
  [grown_uncapped_dream] GROWTH after settle: 4/4 allowed, 0 denied  new arch=[128, 68, 18] params=112206 (trainable 11726)
  [grown_uncapped_dream] task 9/15 (fashion_mnist_6_7) epoch 3/8 [post-grow]  avg_loss 0.0342  last_loss 0.0066  steps 186  arch [128, 68, 18]
  [grown_uncapped_dream] task 9/15 (fashion_mnist_6_7) epoch 4/8 [post-grow]  avg_loss 0.0151  last_loss 0.0478  steps 372  arch [128, 68, 18]
  [grown_uncapped_dream] task 9/15 (fashion_mnist_6_7) epoch 5/8 [post-grow]  avg_loss 0.0094  last_loss 0.0018  steps 558  arch [128, 68, 18]
  [grown_uncapped_dream] task 9/15 (fashion_mnist_6_7) epoch 6/8 [post-grow]  avg_loss 0.0071  last_loss 0.0487  steps 744  arch [128, 68, 18]
  [grown_uncapped_dream] task 9/15 (fashion_mnist_6_7) epoch 7/8 [post-grow]  avg_loss 0.0055  last_loss 0.0011  steps 930  arch [128, 68, 18]
  [grown_uncapped_dream] task 9/15 (fashion_mnist_6_7) epoch 8/8 [post-grow]  avg_loss 0.0049  last_loss 0.0008  steps 1116  arch [128, 68, 18]
  [grown_uncapped_dream] post-task DREAM: replay 0.0458→0.0232 on 2p; merges=0 purges=0 latched=0 → arch [128, 68, 18] (112206→112206 params)
[grown_uncapped_dream] After pass 1 task 9: own=0.0000 (domain 0.0000, task 0.9995)  avg=0.6865 (domain 0.7089, task 0.9760)  arch=[128, 68, 18] params=112206 (trainable 11726)  cum_grows=36 cum_denied=0 cum_purges=0 cum_latched=0

[grown_uncapped_dream] === Pass 1/1 Task 10/15: fashion_mnist_8_9 (active [18, 19])  pre-arch=[128, 68, 20] params=112360 (trainable 11880/∞) ===
  [grown_uncapped_dream] task 10/15 (fashion_mnist_8_9) epoch 1/8 [settle]  avg_loss 0.5538  last_loss 0.1103  steps 187  arch [128, 68, 20]
  [grown_uncapped_dream] task 10/15 (fashion_mnist_8_9) epoch 2/8 [settle]  avg_loss 0.1189  last_loss 0.0312  steps 374  arch [128, 68, 20]
  [grown_uncapped_dream] GROWTH after settle: 4/4 allowed, 0 denied  new arch=[128, 72, 20] params=112988 (trainable 12508)
  [grown_uncapped_dream] task 10/15 (fashion_mnist_8_9) epoch 3/8 [post-grow]  avg_loss 0.0611  last_loss 0.0221  steps 187  arch [128, 72, 20]
  [grown_uncapped_dream] task 10/15 (fashion_mnist_8_9) epoch 4/8 [post-grow]  avg_loss 0.0306  last_loss 0.0055  steps 374  arch [128, 72, 20]
  [grown_uncapped_dream] task 10/15 (fashion_mnist_8_9) epoch 5/8 [post-grow]  avg_loss 0.0193  last_loss 0.0026  steps 561  arch [128, 72, 20]
  [grown_uncapped_dream] task 10/15 (fashion_mnist_8_9) epoch 6/8 [post-grow]  avg_loss 0.0156  last_loss 0.0270  steps 748  arch [128, 72, 20]
  [grown_uncapped_dream] task 10/15 (fashion_mnist_8_9) epoch 7/8 [post-grow]  avg_loss 0.0134  last_loss 0.0063  steps 935  arch [128, 72, 20]
  [grown_uncapped_dream] task 10/15 (fashion_mnist_8_9) epoch 8/8 [post-grow]  avg_loss 0.0120  last_loss 0.0002  steps 1122  arch [128, 72, 20]
  [grown_uncapped_dream] post-task DREAM: replay 0.0586→0.1037 on 2p; merges=0 purges=0 latched=0 → arch [128, 72, 20] (112988→112988 params)
[grown_uncapped_dream] After pass 1 task 10: own=0.0000 (domain 0.0000, task 0.9955)  avg=0.6629 (domain 0.6775, task 0.9766)  arch=[128, 72, 20] params=112988 (trainable 12508)  cum_grows=40 cum_denied=0 cum_purges=0 cum_latched=0

[grown_uncapped_dream] === Pass 1/1 Task 11/15: emnist_letters_0_1 (active [20, 21])  pre-arch=[128, 72, 22] params=113150 (trainable 12670/∞) ===
  [grown_uncapped_dream] task 11/15 (emnist_letters_0_1) epoch 1/8 [settle]  avg_loss 0.6075  last_loss 0.6845  steps 150  arch [128, 72, 22]
  [grown_uncapped_dream] task 11/15 (emnist_letters_0_1) epoch 2/8 [settle]  avg_loss 0.3437  last_loss 0.3357  steps 300  arch [128, 72, 22]
  [grown_uncapped_dream] GROWTH after settle: 4/4 allowed, 0 denied  new arch=[128, 76, 22] params=113786 (trainable 13306)
  [grown_uncapped_dream] task 11/15 (emnist_letters_0_1) epoch 3/8 [post-grow]  avg_loss 0.2687  last_loss 0.1541  steps 150  arch [128, 76, 22]
  [grown_uncapped_dream] task 11/15 (emnist_letters_0_1) epoch 4/8 [post-grow]  avg_loss 0.2154  last_loss 0.2606  steps 300  arch [128, 76, 22]
  [grown_uncapped_dream] task 11/15 (emnist_letters_0_1) epoch 5/8 [post-grow]  avg_loss 0.1890  last_loss 0.1614  steps 450  arch [128, 76, 22]
  [grown_uncapped_dream] task 11/15 (emnist_letters_0_1) epoch 6/8 [post-grow]  avg_loss 0.1729  last_loss 0.1085  steps 600  arch [128, 76, 22]
  [grown_uncapped_dream] task 11/15 (emnist_letters_0_1) epoch 7/8 [post-grow]  avg_loss 0.1650  last_loss 0.1132  steps 750  arch [128, 76, 22]
  [grown_uncapped_dream] task 11/15 (emnist_letters_0_1) epoch 8/8 [post-grow]  avg_loss 0.1607  last_loss 0.0627  steps 900  arch [128, 76, 22]
  [grown_uncapped_dream] post-task DREAM: replay 0.1678→0.1240 on 3p; merges=0 purges=0 latched=0 → arch [128, 76, 22] (113786→113786 params)
[grown_uncapped_dream] After pass 1 task 11: own=0.0006 (domain 0.9556, task 0.9556)  avg=0.6633 (domain 0.7655, task 0.9742)  arch=[128, 76, 22] params=113786 (trainable 13306)  cum_grows=44 cum_denied=0 cum_purges=0 cum_latched=0

[grown_uncapped_dream] === Pass 1/1 Task 12/15: emnist_letters_2_3 (active [22, 23])  pre-arch=[128, 76, 24] params=113956 (trainable 13476/∞) ===
  [grown_uncapped_dream] task 12/15 (emnist_letters_2_3) epoch 1/8 [settle]  avg_loss 0.8945  last_loss 0.3068  steps 150  arch [128, 76, 24]
  [grown_uncapped_dream] task 12/15 (emnist_letters_2_3) epoch 2/8 [settle]  avg_loss 0.3002  last_loss 0.2358  steps 300  arch [128, 76, 24]
  [grown_uncapped_dream] GROWTH after settle: 4/4 allowed, 0 denied  new arch=[128, 80, 24] params=114600 (trainable 14120)
  [grown_uncapped_dream] task 12/15 (emnist_letters_2_3) epoch 3/8 [post-grow]  avg_loss 0.2160  last_loss 0.1136  steps 150  arch [128, 80, 24]
  [grown_uncapped_dream] task 12/15 (emnist_letters_2_3) epoch 4/8 [post-grow]  avg_loss 0.1692  last_loss 0.2136  steps 300  arch [128, 80, 24]
  [grown_uncapped_dream] task 12/15 (emnist_letters_2_3) epoch 5/8 [post-grow]  avg_loss 0.1462  last_loss 0.2495  steps 450  arch [128, 80, 24]
  [grown_uncapped_dream] task 12/15 (emnist_letters_2_3) epoch 6/8 [post-grow]  avg_loss 0.1323  last_loss 0.0743  steps 600  arch [128, 80, 24]
  [grown_uncapped_dream] task 12/15 (emnist_letters_2_3) epoch 7/8 [post-grow]  avg_loss 0.1204  last_loss 0.0306  steps 750  arch [128, 80, 24]
  [grown_uncapped_dream] task 12/15 (emnist_letters_2_3) epoch 8/8 [post-grow]  avg_loss 0.1107  last_loss 0.1048  steps 900  arch [128, 80, 24]
  [grown_uncapped_dream] post-task DREAM: replay 0.0502→0.0357 on 3p; merges=0 purges=0 latched=0 → arch [128, 80, 24] (114600→114600 params)
[grown_uncapped_dream] After pass 1 task 12: own=0.0000 (domain 0.0162, task 0.9538)  avg=0.6357 (domain 0.7121, task 0.9689)  arch=[128, 80, 24] params=114600 (trainable 14120)  cum_grows=48 cum_denied=0 cum_purges=0 cum_latched=0

[grown_uncapped_dream] === Pass 1/1 Task 13/15: emnist_letters_4_5 (active [24, 25])  pre-arch=[128, 80, 26] params=114778 (trainable 14298/∞) ===
  [grown_uncapped_dream] task 13/15 (emnist_letters_4_5) epoch 1/8 [settle]  avg_loss 0.4996  last_loss 0.2565  steps 150  arch [128, 80, 26]
  [grown_uncapped_dream] task 13/15 (emnist_letters_4_5) epoch 2/8 [settle]  avg_loss 0.2520  last_loss 0.2344  steps 300  arch [128, 80, 26]
  [grown_uncapped_dream] GROWTH after settle: 4/4 allowed, 0 denied  new arch=[128, 84, 26] params=115430 (trainable 14950)
  [grown_uncapped_dream] task 13/15 (emnist_letters_4_5) epoch 3/8 [post-grow]  avg_loss 0.1909  last_loss 0.2212  steps 150  arch [128, 84, 26]
  [grown_uncapped_dream] task 13/15 (emnist_letters_4_5) epoch 4/8 [post-grow]  avg_loss 0.1465  last_loss 0.1631  steps 300  arch [128, 84, 26]
  [grown_uncapped_dream] task 13/15 (emnist_letters_4_5) epoch 5/8 [post-grow]  avg_loss 0.1222  last_loss 0.0929  steps 450  arch [128, 84, 26]
  [grown_uncapped_dream] task 13/15 (emnist_letters_4_5) epoch 6/8 [post-grow]  avg_loss 0.1083  last_loss 0.2354  steps 600  arch [128, 84, 26]
  [grown_uncapped_dream] task 13/15 (emnist_letters_4_5) epoch 7/8 [post-grow]  avg_loss 0.1014  last_loss 0.1848  steps 750  arch [128, 84, 26]
  [grown_uncapped_dream] task 13/15 (emnist_letters_4_5) epoch 8/8 [post-grow]  avg_loss 0.0940  last_loss 0.1296  steps 900  arch [128, 84, 26]
  [grown_uncapped_dream] post-task DREAM: replay 0.2883→0.0962 on 3p; merges=0 purges=0 latched=0 → arch [128, 84, 26] (115430→115430 params)
[grown_uncapped_dream] After pass 1 task 13: own=0.0000 (domain 0.0275, task 0.9681)  avg=0.6192 (domain 0.7006, task 0.9688)  arch=[128, 84, 26] params=115430 (trainable 14950)  cum_grows=52 cum_denied=0 cum_purges=0 cum_latched=0

[grown_uncapped_dream] === Pass 1/1 Task 14/15: emnist_letters_6_7 (active [26, 27])  pre-arch=[128, 84, 28] params=115616 (trainable 15136/∞) ===
  [grown_uncapped_dream] task 14/15 (emnist_letters_6_7) epoch 1/8 [settle]  avg_loss 0.5732  last_loss 0.4135  steps 150  arch [128, 84, 28]
  [grown_uncapped_dream] task 14/15 (emnist_letters_6_7) epoch 2/8 [settle]  avg_loss 0.3148  last_loss 0.2936  steps 300  arch [128, 84, 28]
  [grown_uncapped_dream] GROWTH after settle: 4/4 allowed, 0 denied  new arch=[128, 88, 28] params=116276 (trainable 15796)
  [grown_uncapped_dream] task 14/15 (emnist_letters_6_7) epoch 3/8 [post-grow]  avg_loss 0.2439  last_loss 0.3182  steps 150  arch [128, 88, 28]
  [grown_uncapped_dream] task 14/15 (emnist_letters_6_7) epoch 4/8 [post-grow]  avg_loss 0.1942  last_loss 0.1643  steps 300  arch [128, 88, 28]
  [grown_uncapped_dream] task 14/15 (emnist_letters_6_7) epoch 5/8 [post-grow]  avg_loss 0.1644  last_loss 0.1789  steps 450  arch [128, 88, 28]
  [grown_uncapped_dream] task 14/15 (emnist_letters_6_7) epoch 6/8 [post-grow]  avg_loss 0.1492  last_loss 0.2276  steps 600  arch [128, 88, 28]
  [grown_uncapped_dream] task 14/15 (emnist_letters_6_7) epoch 7/8 [post-grow]  avg_loss 0.1390  last_loss 0.0453  steps 750  arch [128, 88, 28]
  [grown_uncapped_dream] task 14/15 (emnist_letters_6_7) epoch 8/8 [post-grow]  avg_loss 0.1328  last_loss 0.2664  steps 900  arch [128, 88, 28]
  [grown_uncapped_dream] post-task DREAM: replay 0.1862→0.1064 on 4p; merges=0 purges=0 latched=0 → arch [128, 88, 28] (116276→116276 params)
[grown_uncapped_dream] After pass 1 task 14: own=0.0012 (domain 0.0037, task 0.9500)  avg=0.6156 (domain 0.6926, task 0.9648)  arch=[128, 88, 28] params=116276 (trainable 15796)  cum_grows=56 cum_denied=0 cum_purges=0 cum_latched=0

[grown_uncapped_dream] === Pass 1/1 Task 15/15: emnist_letters_8_9 (active [28, 29])  pre-arch=[128, 88, 30] params=116470 (trainable 15990/∞) ===
  [grown_uncapped_dream] task 15/15 (emnist_letters_8_9) epoch 1/8 [settle]  avg_loss 0.5257  last_loss 0.2640  steps 150  arch [128, 88, 30]
  [grown_uncapped_dream] task 15/15 (emnist_letters_8_9) epoch 2/8 [settle]  avg_loss 0.2853  last_loss 0.2240  steps 300  arch [128, 88, 30]
  [grown_uncapped_dream] GROWTH after settle: 4/4 allowed, 0 denied  new arch=[128, 92, 30] params=117138 (trainable 16658)
  [grown_uncapped_dream] task 15/15 (emnist_letters_8_9) epoch 3/8 [post-grow]  avg_loss 0.2358  last_loss 0.1540  steps 150  arch [128, 92, 30]
  [grown_uncapped_dream] task 15/15 (emnist_letters_8_9) epoch 4/8 [post-grow]  avg_loss 0.2109  last_loss 0.1460  steps 300  arch [128, 92, 30]
  [grown_uncapped_dream] task 15/15 (emnist_letters_8_9) epoch 5/8 [post-grow]  avg_loss 0.1981  last_loss 0.2237  steps 450  arch [128, 92, 30]
  [grown_uncapped_dream] task 15/15 (emnist_letters_8_9) epoch 6/8 [post-grow]  avg_loss 0.1886  last_loss 0.1981  steps 600  arch [128, 92, 30]
  [grown_uncapped_dream] task 15/15 (emnist_letters_8_9) epoch 7/8 [post-grow]  avg_loss 0.1789  last_loss 0.1728  steps 750  arch [128, 92, 30]
  [grown_uncapped_dream] task 15/15 (emnist_letters_8_9) epoch 8/8 [post-grow]  avg_loss 0.1719  last_loss 0.2094  steps 900  arch [128, 92, 30]
  [grown_uncapped_dream] post-task DREAM: replay 0.1026→0.1386 on 4p; merges=0 purges=0 latched=0 → arch [128, 92, 30] (117138→117138 params)
[grown_uncapped_dream] After pass 1 task 15: own=0.0000 (domain 0.0000, task 0.9325)  avg=0.5960 (domain 0.6714, task 0.9589)  arch=[128, 92, 30] params=117138 (trainable 16658)  cum_grows=60 cum_denied=0 cum_purges=0 cum_latched=0

[grown_uncapped_dream] <<< PASS 1/1 done — full=0.5960  domain=0.6714  task=0.9589

==============================================================================
bench_chained_15task — Final Report
==============================================================================

[grown_uncapped_dream]
  arch:               (128, 32, 2) → (128, 92, 30)
  params total:       105970 → 117138
  params trainable:   5490 → 16658  (cap-relevant)
  cap_bytes:          2_147_483_648  (= 536_870_912 trainable params)
  cum grows allowed:  60
  cum grows denied:   0
  cum dream purges:   0
  cum dream latched:  0
  final acc full:     0.5960  (30-class full-softmax — headline)
  final acc domain:   0.6714  (10-class restricted to dataset group — realistic deployment)
  final acc task:     0.9589  (2-class restricted to binary task — generous diagnostic)
  avg forgetting:     full -0.5549  domain -0.4800  task 0.0147
  wall-clock:         222.9s
  per-phase (full / domain / task):
     phase1_mnist         0.7638  /  0.7999  /  0.9666
     phase2_fashion       0.6842  /  0.7111  /  0.9777
     phase3_emnist        0.3400  /  0.5033  /  0.9325

Headline (full / domain / task across arms):
  grown_uncapped_dream          full 0.5960  domain 0.6714  task 0.9589  (full-forget -0.5549)


##############################################################################
#   SEED 1  (2/3)
##############################################################################

[grown_uncapped_dream] start — arch (128, 32, 2)  params 105970 (trainable 5490)  growth=True dream=True  cap_bytes=2147483648  K=15  passes=1  epochs/task=8  rehearsal=off  lwf=off  brainstem=off  engrams=off  hippocampus=off  differential=off  manifold=on

[grown_uncapped_dream] >>> PASS 1/1  grows_per_task=4  (developmental)

[grown_uncapped_dream] === Pass 1/1 Task 1/15: mnist_0_1 (active [0, 1])  pre-arch=[128, 32, 2] params=105970 (trainable 5490/∞) ===
  [grown_uncapped_dream] task 1/15 (mnist_0_1) epoch 1/8 [settle]  avg_loss 0.1060  last_loss 0.0069  steps 197  arch [128, 32, 2]
  [grown_uncapped_dream] task 1/15 (mnist_0_1) epoch 2/8 [settle]  avg_loss 0.0109  last_loss 0.0060  steps 394  arch [128, 32, 2]
  [grown_uncapped_dream] GROWTH after settle: 4/4 allowed, 0 denied  new arch=[128, 36, 2] params=106526 (trainable 6046)
  [grown_uncapped_dream] task 1/15 (mnist_0_1) epoch 3/8 [post-grow]  avg_loss 0.0070  last_loss 0.0076  steps 197  arch [128, 36, 2]
  [grown_uncapped_dream] task 1/15 (mnist_0_1) epoch 4/8 [post-grow]  avg_loss 0.0048  last_loss 0.0023  steps 394  arch [128, 36, 2]
  [grown_uncapped_dream] task 1/15 (mnist_0_1) epoch 5/8 [post-grow]  avg_loss 0.0037  last_loss 0.0004  steps 591  arch [128, 36, 2]
  [grown_uncapped_dream] task 1/15 (mnist_0_1) epoch 6/8 [post-grow]  avg_loss 0.0030  last_loss 0.0093  steps 788  arch [128, 36, 2]
  [grown_uncapped_dream] task 1/15 (mnist_0_1) epoch 7/8 [post-grow]  avg_loss 0.0024  last_loss 0.0000  steps 985  arch [128, 36, 2]
  [grown_uncapped_dream] task 1/15 (mnist_0_1) epoch 8/8 [post-grow]  avg_loss 0.0019  last_loss 0.0000  steps 1182  arch [128, 36, 2]
  [grown_uncapped_dream] post-task DREAM: replay 0.0001→0.0000 on 1p; merges=0 purges=0 latched=0 → arch [128, 36, 2] (106526→106526 params)
[grown_uncapped_dream] After pass 1 task 1: own=0.9981 (domain 0.9981, task 0.9981)  avg=0.9981 (domain 0.9981, task 0.9981)  arch=[128, 36, 2] params=106526 (trainable 6046)  cum_grows=4 cum_denied=0 cum_purges=0 cum_latched=0

[grown_uncapped_dream] === Pass 1/1 Task 2/15: mnist_2_3 (active [2, 3])  pre-arch=[128, 36, 4] params=106616 (trainable 6136/∞) ===
  [grown_uncapped_dream] task 2/15 (mnist_2_3) epoch 1/8 [settle]  avg_loss 0.3260  last_loss 0.2748  steps 188  arch [128, 36, 4]
  [grown_uncapped_dream] task 2/15 (mnist_2_3) epoch 2/8 [settle]  avg_loss 0.1946  last_loss 0.2461  steps 376  arch [128, 36, 4]
  [grown_uncapped_dream] GROWTH after settle: 4/4 allowed, 0 denied  new arch=[128, 40, 4] params=107180 (trainable 6700)
  [grown_uncapped_dream] task 2/15 (mnist_2_3) epoch 3/8 [post-grow]  avg_loss 0.1703  last_loss 0.2246  steps 188  arch [128, 40, 4]
  [grown_uncapped_dream] task 2/15 (mnist_2_3) epoch 4/8 [post-grow]  avg_loss 0.1425  last_loss 0.0627  steps 376  arch [128, 40, 4]
  [grown_uncapped_dream] task 2/15 (mnist_2_3) epoch 5/8 [post-grow]  avg_loss 0.1237  last_loss 0.0412  steps 564  arch [128, 40, 4]
  [grown_uncapped_dream] task 2/15 (mnist_2_3) epoch 6/8 [post-grow]  avg_loss 0.1136  last_loss 0.1418  steps 752  arch [128, 40, 4]
  [grown_uncapped_dream] task 2/15 (mnist_2_3) epoch 7/8 [post-grow]  avg_loss 0.1076  last_loss 0.0248  steps 940  arch [128, 40, 4]
  [grown_uncapped_dream] task 2/15 (mnist_2_3) epoch 8/8 [post-grow]  avg_loss 0.1039  last_loss 0.0995  steps 1128  arch [128, 40, 4]
  [grown_uncapped_dream] post-task DREAM: replay 0.0525→0.1483 on 1p; merges=0 purges=0 latched=0 → arch [128, 40, 4] (107180→107180 params)
[grown_uncapped_dream] After pass 1 task 2: own=0.2125 (domain 0.2125, task 0.9643)  avg=0.6053 (domain 0.6053, task 0.9812)  arch=[128, 40, 4] params=107180 (trainable 6700)  cum_grows=8 cum_denied=0 cum_purges=0 cum_latched=0

[grown_uncapped_dream] === Pass 1/1 Task 3/15: mnist_4_5 (active [4, 5])  pre-arch=[128, 40, 6] params=107278 (trainable 6798/∞) ===
  [grown_uncapped_dream] task 3/15 (mnist_4_5) epoch 1/8 [settle]  avg_loss 0.3287  last_loss 0.1861  steps 175  arch [128, 40, 6]
  [grown_uncapped_dream] task 3/15 (mnist_4_5) epoch 2/8 [settle]  avg_loss 0.1570  last_loss 0.1427  steps 350  arch [128, 40, 6]
  [grown_uncapped_dream] GROWTH after settle: 4/4 allowed, 0 denied  new arch=[128, 44, 6] params=107850 (trainable 7370)
  [grown_uncapped_dream] task 3/15 (mnist_4_5) epoch 3/8 [post-grow]  avg_loss 0.1191  last_loss 0.1090  steps 175  arch [128, 44, 6]
  [grown_uncapped_dream] task 3/15 (mnist_4_5) epoch 4/8 [post-grow]  avg_loss 0.0926  last_loss 0.1207  steps 350  arch [128, 44, 6]
  [grown_uncapped_dream] task 3/15 (mnist_4_5) epoch 5/8 [post-grow]  avg_loss 0.0733  last_loss 0.0985  steps 525  arch [128, 44, 6]
  [grown_uncapped_dream] task 3/15 (mnist_4_5) epoch 6/8 [post-grow]  avg_loss 0.0614  last_loss 0.0328  steps 700  arch [128, 44, 6]
  [grown_uncapped_dream] task 3/15 (mnist_4_5) epoch 7/8 [post-grow]  avg_loss 0.0548  last_loss 0.0169  steps 875  arch [128, 44, 6]
  [grown_uncapped_dream] task 3/15 (mnist_4_5) epoch 8/8 [post-grow]  avg_loss 0.0500  last_loss 0.0115  steps 1050  arch [128, 44, 6]
  [grown_uncapped_dream] post-task DREAM: replay 0.0764→0.0210 on 1p; merges=0 purges=0 latched=0 → arch [128, 44, 6] (107850→107850 params)
[grown_uncapped_dream] After pass 1 task 3: own=0.0155 (domain 0.0155, task 0.9909)  avg=0.6283 (domain 0.6283, task 0.9839)  arch=[128, 44, 6] params=107850 (trainable 7370)  cum_grows=12 cum_denied=0 cum_purges=0 cum_latched=0

[grown_uncapped_dream] === Pass 1/1 Task 4/15: mnist_6_7 (active [6, 7])  pre-arch=[128, 44, 8] params=107956 (trainable 7476/∞) ===
  [grown_uncapped_dream] task 4/15 (mnist_6_7) epoch 1/8 [settle]  avg_loss 0.2881  last_loss 0.1204  steps 189  arch [128, 44, 8]
  [grown_uncapped_dream] task 4/15 (mnist_6_7) epoch 2/8 [settle]  avg_loss 0.0969  last_loss 0.0463  steps 378  arch [128, 44, 8]
  [grown_uncapped_dream] GROWTH after settle: 4/4 allowed, 0 denied  new arch=[128, 48, 8] params=108536 (trainable 8056)
  [grown_uncapped_dream] task 4/15 (mnist_6_7) epoch 3/8 [post-grow]  avg_loss 0.0581  last_loss 0.0240  steps 189  arch [128, 48, 8]
  [grown_uncapped_dream] task 4/15 (mnist_6_7) epoch 4/8 [post-grow]  avg_loss 0.0298  last_loss 0.0190  steps 378  arch [128, 48, 8]
  [grown_uncapped_dream] task 4/15 (mnist_6_7) epoch 5/8 [post-grow]  avg_loss 0.0191  last_loss 0.0122  steps 567  arch [128, 48, 8]
  [grown_uncapped_dream] task 4/15 (mnist_6_7) epoch 6/8 [post-grow]  avg_loss 0.0146  last_loss 0.0055  steps 756  arch [128, 48, 8]
  [grown_uncapped_dream] task 4/15 (mnist_6_7) epoch 7/8 [post-grow]  avg_loss 0.0125  last_loss 0.0713  steps 945  arch [128, 48, 8]
  [grown_uncapped_dream] task 4/15 (mnist_6_7) epoch 8/8 [post-grow]  avg_loss 0.0114  last_loss 0.0029  steps 1134  arch [128, 48, 8]
  [grown_uncapped_dream] post-task DREAM: replay 0.0050→0.0001 on 1p; merges=0 purges=0 latched=0 → arch [128, 48, 8] (108536→108536 params)
[grown_uncapped_dream] After pass 1 task 4: own=0.0312 (domain 0.0312, task 0.9950)  avg=0.6688 (domain 0.6688, task 0.9861)  arch=[128, 48, 8] params=108536 (trainable 8056)  cum_grows=16 cum_denied=0 cum_purges=0 cum_latched=0

[grown_uncapped_dream] === Pass 1/1 Task 5/15: mnist_8_9 (active [8, 9])  pre-arch=[128, 48, 10] params=108650 (trainable 8170/∞) ===
  [grown_uncapped_dream] task 5/15 (mnist_8_9) epoch 1/8 [settle]  avg_loss 0.5852  last_loss 0.3321  steps 183  arch [128, 48, 10]
  [grown_uncapped_dream] task 5/15 (mnist_8_9) epoch 2/8 [settle]  avg_loss 0.2365  last_loss 0.1569  steps 366  arch [128, 48, 10]
  [grown_uncapped_dream] GROWTH after settle: 4/4 allowed, 0 denied  new arch=[128, 52, 10] params=109238 (trainable 8758)
  [grown_uncapped_dream] task 5/15 (mnist_8_9) epoch 3/8 [post-grow]  avg_loss 0.1773  last_loss 0.1758  steps 183  arch [128, 52, 10]
  [grown_uncapped_dream] task 5/15 (mnist_8_9) epoch 4/8 [post-grow]  avg_loss 0.1420  last_loss 0.0859  steps 366  arch [128, 52, 10]
  [grown_uncapped_dream] task 5/15 (mnist_8_9) epoch 5/8 [post-grow]  avg_loss 0.1240  last_loss 0.1935  steps 549  arch [128, 52, 10]
  [grown_uncapped_dream] task 5/15 (mnist_8_9) epoch 6/8 [post-grow]  avg_loss 0.1121  last_loss 0.0922  steps 732  arch [128, 52, 10]
  [grown_uncapped_dream] task 5/15 (mnist_8_9) epoch 7/8 [post-grow]  avg_loss 0.1053  last_loss 0.0480  steps 915  arch [128, 52, 10]
  [grown_uncapped_dream] task 5/15 (mnist_8_9) epoch 8/8 [post-grow]  avg_loss 0.1009  last_loss 0.1496  steps 1098  arch [128, 52, 10]
  [grown_uncapped_dream] post-task DREAM: replay 0.0218→0.0015 on 1p; merges=0 purges=0 latched=0 → arch [128, 52, 10] (109238→109238 params)
[grown_uncapped_dream] After pass 1 task 5: own=0.0020 (domain 0.0020, task 0.9612)  avg=0.6734 (domain 0.6734, task 0.9777)  arch=[128, 52, 10] params=109238 (trainable 8758)  cum_grows=20 cum_denied=0 cum_purges=0 cum_latched=0

[grown_uncapped_dream] === Pass 1/1 Task 6/15: fashion_mnist_0_1 (active [10, 11])  pre-arch=[128, 52, 12] params=109360 (trainable 8880/∞) ===
  [grown_uncapped_dream] task 6/15 (fashion_mnist_0_1) epoch 1/8 [settle]  avg_loss 0.3430  last_loss 0.2312  steps 186  arch [128, 52, 12]
  [grown_uncapped_dream] task 6/15 (fashion_mnist_0_1) epoch 2/8 [settle]  avg_loss 0.1878  last_loss 0.1486  steps 372  arch [128, 52, 12]
  [grown_uncapped_dream] GROWTH after settle: 4/4 allowed, 0 denied  new arch=[128, 56, 12] params=109956 (trainable 9476)
  [grown_uncapped_dream] task 6/15 (fashion_mnist_0_1) epoch 3/8 [post-grow]  avg_loss 0.1419  last_loss 0.0816  steps 186  arch [128, 56, 12]
  [grown_uncapped_dream] task 6/15 (fashion_mnist_0_1) epoch 4/8 [post-grow]  avg_loss 0.1002  last_loss 0.0776  steps 372  arch [128, 56, 12]
  [grown_uncapped_dream] task 6/15 (fashion_mnist_0_1) epoch 5/8 [post-grow]  avg_loss 0.0763  last_loss 0.0444  steps 558  arch [128, 56, 12]
  [grown_uncapped_dream] task 6/15 (fashion_mnist_0_1) epoch 6/8 [post-grow]  avg_loss 0.0637  last_loss 0.1634  steps 744  arch [128, 56, 12]
  [grown_uncapped_dream] task 6/15 (fashion_mnist_0_1) epoch 7/8 [post-grow]  avg_loss 0.0572  last_loss 0.0721  steps 930  arch [128, 56, 12]
  [grown_uncapped_dream] task 6/15 (fashion_mnist_0_1) epoch 8/8 [post-grow]  avg_loss 0.0523  last_loss 0.0401  steps 1116  arch [128, 56, 12]
  [grown_uncapped_dream] post-task DREAM: replay 0.0693→0.0971 on 2p; merges=0 purges=0 latched=0 → arch [128, 56, 12] (109956→109956 params)
[grown_uncapped_dream] After pass 1 task 6: own=0.0005 (domain 0.9795, task 0.9795)  avg=0.6490 (domain 0.8122, task 0.9762)  arch=[128, 56, 12] params=109956 (trainable 9476)  cum_grows=24 cum_denied=0 cum_purges=0 cum_latched=0

[grown_uncapped_dream] === Pass 1/1 Task 7/15: fashion_mnist_2_3 (active [12, 13])  pre-arch=[128, 56, 14] params=110086 (trainable 9606/∞) ===
  [grown_uncapped_dream] task 7/15 (fashion_mnist_2_3) epoch 1/8 [settle]  avg_loss 0.3655  last_loss 0.2432  steps 186  arch [128, 56, 14]
  [grown_uncapped_dream] task 7/15 (fashion_mnist_2_3) epoch 2/8 [settle]  avg_loss 0.1653  last_loss 0.1844  steps 372  arch [128, 56, 14]
  [grown_uncapped_dream] GROWTH after settle: 4/4 allowed, 0 denied  new arch=[128, 60, 14] params=110690 (trainable 10210)
  [grown_uncapped_dream] task 7/15 (fashion_mnist_2_3) epoch 3/8 [post-grow]  avg_loss 0.1337  last_loss 0.0721  steps 186  arch [128, 60, 14]
  [grown_uncapped_dream] task 7/15 (fashion_mnist_2_3) epoch 4/8 [post-grow]  avg_loss 0.1142  last_loss 0.3214  steps 372  arch [128, 60, 14]
  [grown_uncapped_dream] task 7/15 (fashion_mnist_2_3) epoch 5/8 [post-grow]  avg_loss 0.1083  last_loss 0.0561  steps 558  arch [128, 60, 14]
  [grown_uncapped_dream] task 7/15 (fashion_mnist_2_3) epoch 6/8 [post-grow]  avg_loss 0.1025  last_loss 0.1982  steps 744  arch [128, 60, 14]
  [grown_uncapped_dream] task 7/15 (fashion_mnist_2_3) epoch 7/8 [post-grow]  avg_loss 0.0972  last_loss 0.1471  steps 930  arch [128, 60, 14]
  [grown_uncapped_dream] task 7/15 (fashion_mnist_2_3) epoch 8/8 [post-grow]  avg_loss 0.0962  last_loss 0.0686  steps 1116  arch [128, 60, 14]
  [grown_uncapped_dream] post-task DREAM: replay 0.1535→0.0847 on 2p; merges=0 purges=0 latched=0 → arch [128, 60, 14] (110690→110690 params)
[grown_uncapped_dream] After pass 1 task 7: own=0.0030 (domain 0.0185, task 0.9650)  avg=0.6957 (domain 0.7057, task 0.9729)  arch=[128, 60, 14] params=110690 (trainable 10210)  cum_grows=28 cum_denied=0 cum_purges=0 cum_latched=0

[grown_uncapped_dream] === Pass 1/1 Task 8/15: fashion_mnist_4_5 (active [14, 15])  pre-arch=[128, 60, 16] params=110828 (trainable 10348/∞) ===
  [grown_uncapped_dream] task 8/15 (fashion_mnist_4_5) epoch 1/8 [settle]  avg_loss 0.3395  last_loss 0.1540  steps 186  arch [128, 60, 16]
  [grown_uncapped_dream] task 8/15 (fashion_mnist_4_5) epoch 2/8 [settle]  avg_loss 0.1207  last_loss 0.1043  steps 372  arch [128, 60, 16]
  [grown_uncapped_dream] GROWTH after settle: 4/4 allowed, 0 denied  new arch=[128, 64, 16] params=111440 (trainable 10960)
  [grown_uncapped_dream] task 8/15 (fashion_mnist_4_5) epoch 3/8 [post-grow]  avg_loss 0.0577  last_loss 0.0728  steps 186  arch [128, 64, 16]
  [grown_uncapped_dream] task 8/15 (fashion_mnist_4_5) epoch 4/8 [post-grow]  avg_loss 0.0246  last_loss 0.0194  steps 372  arch [128, 64, 16]
  [grown_uncapped_dream] task 8/15 (fashion_mnist_4_5) epoch 5/8 [post-grow]  avg_loss 0.0139  last_loss 0.0036  steps 558  arch [128, 64, 16]
  [grown_uncapped_dream] task 8/15 (fashion_mnist_4_5) epoch 6/8 [post-grow]  avg_loss 0.0093  last_loss 0.0055  steps 744  arch [128, 64, 16]
  [grown_uncapped_dream] task 8/15 (fashion_mnist_4_5) epoch 7/8 [post-grow]  avg_loss 0.0074  last_loss 0.0018  steps 930  arch [128, 64, 16]
  [grown_uncapped_dream] task 8/15 (fashion_mnist_4_5) epoch 8/8 [post-grow]  avg_loss 0.0059  last_loss 0.0108  steps 1116  arch [128, 64, 16]
  [grown_uncapped_dream] post-task DREAM: replay 0.1186→0.0930 on 2p; merges=0 purges=0 latched=0 → arch [128, 64, 16] (111440→111440 params)
[grown_uncapped_dream] After pass 1 task 8: own=0.0010 (domain 0.0860, task 0.9975)  avg=0.7034 (domain 0.7234, task 0.9747)  arch=[128, 64, 16] params=111440 (trainable 10960)  cum_grows=32 cum_denied=0 cum_purges=0 cum_latched=0

[grown_uncapped_dream] === Pass 1/1 Task 9/15: fashion_mnist_6_7 (active [16, 17])  pre-arch=[128, 64, 18] params=111586 (trainable 11106/∞) ===
  [grown_uncapped_dream] task 9/15 (fashion_mnist_6_7) epoch 1/8 [settle]  avg_loss 0.6660  last_loss 0.0955  steps 186  arch [128, 64, 18]
  [grown_uncapped_dream] task 9/15 (fashion_mnist_6_7) epoch 2/8 [settle]  avg_loss 0.0756  last_loss 0.0499  steps 372  arch [128, 64, 18]
  [grown_uncapped_dream] GROWTH after settle: 4/4 allowed, 0 denied  new arch=[128, 68, 18] params=112206 (trainable 11726)
  [grown_uncapped_dream] task 9/15 (fashion_mnist_6_7) epoch 3/8 [post-grow]  avg_loss 0.0317  last_loss 0.0409  steps 186  arch [128, 68, 18]
  [grown_uncapped_dream] task 9/15 (fashion_mnist_6_7) epoch 4/8 [post-grow]  avg_loss 0.0130  last_loss 0.0041  steps 372  arch [128, 68, 18]
  [grown_uncapped_dream] task 9/15 (fashion_mnist_6_7) epoch 5/8 [post-grow]  avg_loss 0.0083  last_loss 0.0021  steps 558  arch [128, 68, 18]
  [grown_uncapped_dream] task 9/15 (fashion_mnist_6_7) epoch 6/8 [post-grow]  avg_loss 0.0066  last_loss 0.0381  steps 744  arch [128, 68, 18]
  [grown_uncapped_dream] task 9/15 (fashion_mnist_6_7) epoch 7/8 [post-grow]  avg_loss 0.0052  last_loss 0.0026  steps 930  arch [128, 68, 18]
  [grown_uncapped_dream] task 9/15 (fashion_mnist_6_7) epoch 8/8 [post-grow]  avg_loss 0.0046  last_loss 0.0008  steps 1116  arch [128, 68, 18]
  [grown_uncapped_dream] post-task DREAM: replay 0.0011→0.0198 on 2p; merges=0 purges=0 latched=0 → arch [128, 68, 18] (112206→112206 params)
[grown_uncapped_dream] After pass 1 task 9: own=0.0000 (domain 0.0000, task 0.9980)  avg=0.6698 (domain 0.7004, task 0.9762)  arch=[128, 68, 18] params=112206 (trainable 11726)  cum_grows=36 cum_denied=0 cum_purges=0 cum_latched=0

[grown_uncapped_dream] === Pass 1/1 Task 10/15: fashion_mnist_8_9 (active [18, 19])  pre-arch=[128, 68, 20] params=112360 (trainable 11880/∞) ===
  [grown_uncapped_dream] task 10/15 (fashion_mnist_8_9) epoch 1/8 [settle]  avg_loss 0.3788  last_loss 0.1254  steps 187  arch [128, 68, 20]
  [grown_uncapped_dream] task 10/15 (fashion_mnist_8_9) epoch 2/8 [settle]  avg_loss 0.0904  last_loss 0.0109  steps 374  arch [128, 68, 20]
  [grown_uncapped_dream] GROWTH after settle: 4/4 allowed, 0 denied  new arch=[128, 72, 20] params=112988 (trainable 12508)
  [grown_uncapped_dream] task 10/15 (fashion_mnist_8_9) epoch 3/8 [post-grow]  avg_loss 0.0471  last_loss 0.0070  steps 187  arch [128, 72, 20]
  [grown_uncapped_dream] task 10/15 (fashion_mnist_8_9) epoch 4/8 [post-grow]  avg_loss 0.0278  last_loss 0.0009  steps 374  arch [128, 72, 20]
  [grown_uncapped_dream] task 10/15 (fashion_mnist_8_9) epoch 5/8 [post-grow]  avg_loss 0.0207  last_loss 0.0007  steps 561  arch [128, 72, 20]
  [grown_uncapped_dream] task 10/15 (fashion_mnist_8_9) epoch 6/8 [post-grow]  avg_loss 0.0181  last_loss 0.0476  steps 748  arch [128, 72, 20]
  [grown_uncapped_dream] task 10/15 (fashion_mnist_8_9) epoch 7/8 [post-grow]  avg_loss 0.0155  last_loss 0.0002  steps 935  arch [128, 72, 20]
  [grown_uncapped_dream] task 10/15 (fashion_mnist_8_9) epoch 8/8 [post-grow]  avg_loss 0.0144  last_loss 0.0003  steps 1122  arch [128, 72, 20]
  [grown_uncapped_dream] post-task DREAM: replay 0.0194→0.1257 on 2p; merges=0 purges=0 latched=0 → arch [128, 72, 20] (112988→112988 params)
[grown_uncapped_dream] After pass 1 task 10: own=0.0030 (domain 0.0065, task 0.9955)  avg=0.6590 (domain 0.6718, task 0.9772)  arch=[128, 72, 20] params=112988 (trainable 12508)  cum_grows=40 cum_denied=0 cum_purges=0 cum_latched=0

[grown_uncapped_dream] === Pass 1/1 Task 11/15: emnist_letters_0_1 (active [20, 21])  pre-arch=[128, 72, 22] params=113150 (trainable 12670/∞) ===
  [grown_uncapped_dream] task 11/15 (emnist_letters_0_1) epoch 1/8 [settle]  avg_loss 0.6287  last_loss 0.3475  steps 150  arch [128, 72, 22]
  [grown_uncapped_dream] task 11/15 (emnist_letters_0_1) epoch 2/8 [settle]  avg_loss 0.3063  last_loss 0.1573  steps 300  arch [128, 72, 22]
  [grown_uncapped_dream] GROWTH after settle: 4/4 allowed, 0 denied  new arch=[128, 76, 22] params=113786 (trainable 13306)
  [grown_uncapped_dream] task 11/15 (emnist_letters_0_1) epoch 3/8 [post-grow]  avg_loss 0.2463  last_loss 0.1778  steps 150  arch [128, 76, 22]
  [grown_uncapped_dream] task 11/15 (emnist_letters_0_1) epoch 4/8 [post-grow]  avg_loss 0.2150  last_loss 0.2729  steps 300  arch [128, 76, 22]
  [grown_uncapped_dream] task 11/15 (emnist_letters_0_1) epoch 5/8 [post-grow]  avg_loss 0.1918  last_loss 0.0750  steps 450  arch [128, 76, 22]
  [grown_uncapped_dream] task 11/15 (emnist_letters_0_1) epoch 6/8 [post-grow]  avg_loss 0.1789  last_loss 0.1281  steps 600  arch [128, 76, 22]
  [grown_uncapped_dream] task 11/15 (emnist_letters_0_1) epoch 7/8 [post-grow]  avg_loss 0.1699  last_loss 0.1013  steps 750  arch [128, 76, 22]
  [grown_uncapped_dream] task 11/15 (emnist_letters_0_1) epoch 8/8 [post-grow]  avg_loss 0.1651  last_loss 0.2434  steps 900  arch [128, 76, 22]
  [grown_uncapped_dream] post-task DREAM: replay 0.1195→0.1204 on 3p; merges=0 purges=0 latched=0 → arch [128, 76, 22] (113786→113786 params)
[grown_uncapped_dream] After pass 1 task 11: own=0.0113 (domain 0.9494, task 0.9494)  avg=0.6703 (domain 0.7671, task 0.9751)  arch=[128, 76, 22] params=113786 (trainable 13306)  cum_grows=44 cum_denied=0 cum_purges=0 cum_latched=0

[grown_uncapped_dream] === Pass 1/1 Task 12/15: emnist_letters_2_3 (active [22, 23])  pre-arch=[128, 76, 24] params=113956 (trainable 13476/∞) ===
  [grown_uncapped_dream] task 12/15 (emnist_letters_2_3) epoch 1/8 [settle]  avg_loss 0.7281  last_loss 0.2822  steps 150  arch [128, 76, 24]
  [grown_uncapped_dream] task 12/15 (emnist_letters_2_3) epoch 2/8 [settle]  avg_loss 0.3542  last_loss 0.3367  steps 300  arch [128, 76, 24]
  [grown_uncapped_dream] GROWTH after settle: 4/4 allowed, 0 denied  new arch=[128, 80, 24] params=114600 (trainable 14120)
  [grown_uncapped_dream] task 12/15 (emnist_letters_2_3) epoch 3/8 [post-grow]  avg_loss 0.2267  last_loss 0.2275  steps 150  arch [128, 80, 24]
  [grown_uncapped_dream] task 12/15 (emnist_letters_2_3) epoch 4/8 [post-grow]  avg_loss 0.1525  last_loss 0.1940  steps 300  arch [128, 80, 24]
  [grown_uncapped_dream] task 12/15 (emnist_letters_2_3) epoch 5/8 [post-grow]  avg_loss 0.1195  last_loss 0.3169  steps 450  arch [128, 80, 24]
  [grown_uncapped_dream] task 12/15 (emnist_letters_2_3) epoch 6/8 [post-grow]  avg_loss 0.1032  last_loss 0.1603  steps 600  arch [128, 80, 24]
  [grown_uncapped_dream] task 12/15 (emnist_letters_2_3) epoch 7/8 [post-grow]  avg_loss 0.0925  last_loss 0.0156  steps 750  arch [128, 80, 24]
  [grown_uncapped_dream] task 12/15 (emnist_letters_2_3) epoch 8/8 [post-grow]  avg_loss 0.0864  last_loss 0.1718  steps 900  arch [128, 80, 24]
  [grown_uncapped_dream] post-task DREAM: replay 0.1309→0.1186 on 3p; merges=0 purges=0 latched=0 → arch [128, 80, 24] (114600→114600 params)
[grown_uncapped_dream] After pass 1 task 12: own=0.0000 (domain 0.0037, task 0.9594)  avg=0.6461 (domain 0.7094, task 0.9731)  arch=[128, 80, 24] params=114600 (trainable 14120)  cum_grows=48 cum_denied=0 cum_purges=0 cum_latched=0

[grown_uncapped_dream] === Pass 1/1 Task 13/15: emnist_letters_4_5 (active [24, 25])  pre-arch=[128, 80, 26] params=114778 (trainable 14298/∞) ===
  [grown_uncapped_dream] task 13/15 (emnist_letters_4_5) epoch 1/8 [settle]  avg_loss 0.4163  last_loss 0.2443  steps 150  arch [128, 80, 26]
  [grown_uncapped_dream] task 13/15 (emnist_letters_4_5) epoch 2/8 [settle]  avg_loss 0.2556  last_loss 0.1173  steps 300  arch [128, 80, 26]
  [grown_uncapped_dream] GROWTH after settle: 4/4 allowed, 0 denied  new arch=[128, 84, 26] params=115430 (trainable 14950)
  [grown_uncapped_dream] task 13/15 (emnist_letters_4_5) epoch 3/8 [post-grow]  avg_loss 0.2098  last_loss 0.1050  steps 150  arch [128, 84, 26]
  [grown_uncapped_dream] task 13/15 (emnist_letters_4_5) epoch 4/8 [post-grow]  avg_loss 0.1650  last_loss 0.1456  steps 300  arch [128, 84, 26]
  [grown_uncapped_dream] task 13/15 (emnist_letters_4_5) epoch 5/8 [post-grow]  avg_loss 0.1383  last_loss 0.1265  steps 450  arch [128, 84, 26]
  [grown_uncapped_dream] task 13/15 (emnist_letters_4_5) epoch 6/8 [post-grow]  avg_loss 0.1199  last_loss 0.0217  steps 600  arch [128, 84, 26]
  [grown_uncapped_dream] task 13/15 (emnist_letters_4_5) epoch 7/8 [post-grow]  avg_loss 0.1125  last_loss 0.2221  steps 750  arch [128, 84, 26]
  [grown_uncapped_dream] task 13/15 (emnist_letters_4_5) epoch 8/8 [post-grow]  avg_loss 0.1060  last_loss 0.0226  steps 900  arch [128, 84, 26]
  [grown_uncapped_dream] post-task DREAM: replay 0.0967→0.0665 on 3p; merges=0 purges=0 latched=0 → arch [128, 84, 26] (115430→115430 params)
[grown_uncapped_dream] After pass 1 task 13: own=0.0006 (domain 0.0125, task 0.9569)  avg=0.6104 (domain 0.6963, task 0.9709)  arch=[128, 84, 26] params=115430 (trainable 14950)  cum_grows=52 cum_denied=0 cum_purges=0 cum_latched=0

[grown_uncapped_dream] === Pass 1/1 Task 14/15: emnist_letters_6_7 (active [26, 27])  pre-arch=[128, 84, 28] params=115616 (trainable 15136/∞) ===
  [grown_uncapped_dream] task 14/15 (emnist_letters_6_7) epoch 1/8 [settle]  avg_loss 0.7390  last_loss 0.4621  steps 150  arch [128, 84, 28]
  [grown_uncapped_dream] task 14/15 (emnist_letters_6_7) epoch 2/8 [settle]  avg_loss 0.3324  last_loss 0.2885  steps 300  arch [128, 84, 28]
  [grown_uncapped_dream] GROWTH after settle: 4/4 allowed, 0 denied  new arch=[128, 88, 28] params=116276 (trainable 15796)
  [grown_uncapped_dream] task 14/15 (emnist_letters_6_7) epoch 3/8 [post-grow]  avg_loss 0.2316  last_loss 0.1767  steps 150  arch [128, 88, 28]
  [grown_uncapped_dream] task 14/15 (emnist_letters_6_7) epoch 4/8 [post-grow]  avg_loss 0.1804  last_loss 0.1929  steps 300  arch [128, 88, 28]
  [grown_uncapped_dream] task 14/15 (emnist_letters_6_7) epoch 5/8 [post-grow]  avg_loss 0.1568  last_loss 0.1386  steps 450  arch [128, 88, 28]
  [grown_uncapped_dream] task 14/15 (emnist_letters_6_7) epoch 6/8 [post-grow]  avg_loss 0.1412  last_loss 0.1571  steps 600  arch [128, 88, 28]
  [grown_uncapped_dream] task 14/15 (emnist_letters_6_7) epoch 7/8 [post-grow]  avg_loss 0.1319  last_loss 0.2377  steps 750  arch [128, 88, 28]
  [grown_uncapped_dream] task 14/15 (emnist_letters_6_7) epoch 8/8 [post-grow]  avg_loss 0.1231  last_loss 0.1878  steps 900  arch [128, 88, 28]
  [grown_uncapped_dream] post-task DREAM: replay 0.0701→0.0904 on 4p; merges=0 purges=0 latched=0 → arch [128, 88, 28] (116276→116276 params)
[grown_uncapped_dream] After pass 1 task 14: own=0.0006 (domain 0.0037, task 0.9588)  avg=0.5855 (domain 0.6718, task 0.9677)  arch=[128, 88, 28] params=116276 (trainable 15796)  cum_grows=56 cum_denied=0 cum_purges=0 cum_latched=0

[grown_uncapped_dream] === Pass 1/1 Task 15/15: emnist_letters_8_9 (active [28, 29])  pre-arch=[128, 88, 30] params=116470 (trainable 15990/∞) ===
  [grown_uncapped_dream] task 15/15 (emnist_letters_8_9) epoch 1/8 [settle]  avg_loss 0.8606  last_loss 0.3199  steps 150  arch [128, 88, 30]
  [grown_uncapped_dream] task 15/15 (emnist_letters_8_9) epoch 2/8 [settle]  avg_loss 0.3310  last_loss 0.3572  steps 300  arch [128, 88, 30]
  [grown_uncapped_dream] GROWTH after settle: 4/4 allowed, 0 denied  new arch=[128, 92, 30] params=117138 (trainable 16658)
  [grown_uncapped_dream] task 15/15 (emnist_letters_8_9) epoch 3/8 [post-grow]  avg_loss 0.2580  last_loss 0.1810  steps 150  arch [128, 92, 30]
  [grown_uncapped_dream] task 15/15 (emnist_letters_8_9) epoch 4/8 [post-grow]  avg_loss 0.2221  last_loss 0.2434  steps 300  arch [128, 92, 30]
  [grown_uncapped_dream] task 15/15 (emnist_letters_8_9) epoch 5/8 [post-grow]  avg_loss 0.2058  last_loss 0.1826  steps 450  arch [128, 92, 30]
  [grown_uncapped_dream] task 15/15 (emnist_letters_8_9) epoch 6/8 [post-grow]  avg_loss 0.1972  last_loss 0.1492  steps 600  arch [128, 92, 30]
  [grown_uncapped_dream] task 15/15 (emnist_letters_8_9) epoch 7/8 [post-grow]  avg_loss 0.1920  last_loss 0.1899  steps 750  arch [128, 92, 30]
  [grown_uncapped_dream] task 15/15 (emnist_letters_8_9) epoch 8/8 [post-grow]  avg_loss 0.1867  last_loss 0.1358  steps 900  arch [128, 92, 30]
  [grown_uncapped_dream] post-task DREAM: replay 0.0348→0.0807 on 4p; merges=0 purges=0 latched=0 → arch [128, 92, 30] (117138→117138 params)
[grown_uncapped_dream] After pass 1 task 15: own=0.0000 (domain 0.0106, task 0.9212)  avg=0.6002 (domain 0.6689, task 0.9596)  arch=[128, 92, 30] params=117138 (trainable 16658)  cum_grows=60 cum_denied=0 cum_purges=0 cum_latched=0

[grown_uncapped_dream] <<< PASS 1/1 done — full=0.6002  domain=0.6689  task=0.9596

==============================================================================
bench_chained_15task — Final Report
==============================================================================

[grown_uncapped_dream]
  arch:               (128, 32, 2) → (128, 92, 30)
  params total:       105970 → 117138
  params trainable:   5490 → 16658  (cap-relevant)
  cap_bytes:          2_147_483_648  (= 536_870_912 trainable params)
  cum grows allowed:  60
  cum grows denied:   0
  cum dream purges:   0
  cum dream latched:  0
  final acc full:     0.6002  (30-class full-softmax — headline)
  final acc domain:   0.6689  (10-class restricted to dataset group — realistic deployment)
  final acc task:     0.9596  (2-class restricted to binary task — generous diagnostic)
  avg forgetting:     full -0.5517  domain -0.4788  task 0.0141
  wall-clock:         218.9s
  per-phase (full / domain / task):
     phase1_mnist         0.7583  /  0.7934  /  0.9696
     phase2_fashion       0.6932  /  0.7131  /  0.9810
     phase3_emnist        0.3491  /  0.5003  /  0.9281

Headline (full / domain / task across arms):
  grown_uncapped_dream          full 0.6002  domain 0.6689  task 0.9596  (full-forget -0.5517)


##############################################################################
#   SEED 2  (3/3)
##############################################################################

[grown_uncapped_dream] start — arch (128, 32, 2)  params 105970 (trainable 5490)  growth=True dream=True  cap_bytes=2147483648  K=15  passes=1  epochs/task=8  rehearsal=off  lwf=off  brainstem=off  engrams=off  hippocampus=off  differential=off  manifold=on

[grown_uncapped_dream] >>> PASS 1/1  grows_per_task=4  (developmental)

[grown_uncapped_dream] === Pass 1/1 Task 1/15: mnist_0_1 (active [0, 1])  pre-arch=[128, 32, 2] params=105970 (trainable 5490/∞) ===
  [grown_uncapped_dream] task 1/15 (mnist_0_1) epoch 1/8 [settle]  avg_loss 0.0916  last_loss 0.0018  steps 197  arch [128, 32, 2]
  [grown_uncapped_dream] task 1/15 (mnist_0_1) epoch 2/8 [settle]  avg_loss 0.0122  last_loss 0.0037  steps 394  arch [128, 32, 2]
  [grown_uncapped_dream] GROWTH after settle: 4/4 allowed, 0 denied  new arch=[128, 36, 2] params=106526 (trainable 6046)
  [grown_uncapped_dream] task 1/15 (mnist_0_1) epoch 3/8 [post-grow]  avg_loss 0.0080  last_loss 0.0007  steps 197  arch [128, 36, 2]
  [grown_uncapped_dream] task 1/15 (mnist_0_1) epoch 4/8 [post-grow]  avg_loss 0.0060  last_loss 0.0043  steps 394  arch [128, 36, 2]
  [grown_uncapped_dream] task 1/15 (mnist_0_1) epoch 5/8 [post-grow]  avg_loss 0.0047  last_loss 0.0008  steps 591  arch [128, 36, 2]
  [grown_uncapped_dream] task 1/15 (mnist_0_1) epoch 6/8 [post-grow]  avg_loss 0.0039  last_loss 0.0002  steps 788  arch [128, 36, 2]
  [grown_uncapped_dream] task 1/15 (mnist_0_1) epoch 7/8 [post-grow]  avg_loss 0.0033  last_loss 0.0000  steps 985  arch [128, 36, 2]
  [grown_uncapped_dream] task 1/15 (mnist_0_1) epoch 8/8 [post-grow]  avg_loss 0.0028  last_loss 0.0001  steps 1182  arch [128, 36, 2]
  [grown_uncapped_dream] post-task DREAM: replay 0.0007→0.0003 on 1p; merges=0 purges=0 latched=0 → arch [128, 36, 2] (106526→106526 params)
[grown_uncapped_dream] After pass 1 task 1: own=0.9986 (domain 0.9986, task 0.9986)  avg=0.9986 (domain 0.9986, task 0.9986)  arch=[128, 36, 2] params=106526 (trainable 6046)  cum_grows=4 cum_denied=0 cum_purges=0 cum_latched=0

[grown_uncapped_dream] === Pass 1/1 Task 2/15: mnist_2_3 (active [2, 3])  pre-arch=[128, 36, 4] params=106616 (trainable 6136/∞) ===
  [grown_uncapped_dream] task 2/15 (mnist_2_3) epoch 1/8 [settle]  avg_loss 0.3169  last_loss 0.2321  steps 188  arch [128, 36, 4]
  [grown_uncapped_dream] task 2/15 (mnist_2_3) epoch 2/8 [settle]  avg_loss 0.1985  last_loss 0.1250  steps 376  arch [128, 36, 4]
  [grown_uncapped_dream] GROWTH after settle: 4/4 allowed, 0 denied  new arch=[128, 40, 4] params=107180 (trainable 6700)
  [grown_uncapped_dream] task 2/15 (mnist_2_3) epoch 3/8 [post-grow]  avg_loss 0.1732  last_loss 0.1645  steps 188  arch [128, 40, 4]
  [grown_uncapped_dream] task 2/15 (mnist_2_3) epoch 4/8 [post-grow]  avg_loss 0.1488  last_loss 0.2151  steps 376  arch [128, 40, 4]
  [grown_uncapped_dream] task 2/15 (mnist_2_3) epoch 5/8 [post-grow]  avg_loss 0.1311  last_loss 0.0345  steps 564  arch [128, 40, 4]
  [grown_uncapped_dream] task 2/15 (mnist_2_3) epoch 6/8 [post-grow]  avg_loss 0.1207  last_loss 0.0417  steps 752  arch [128, 40, 4]
  [grown_uncapped_dream] task 2/15 (mnist_2_3) epoch 7/8 [post-grow]  avg_loss 0.1150  last_loss 0.2037  steps 940  arch [128, 40, 4]
  [grown_uncapped_dream] task 2/15 (mnist_2_3) epoch 8/8 [post-grow]  avg_loss 0.1108  last_loss 0.0475  steps 1128  arch [128, 40, 4]
  [grown_uncapped_dream] post-task DREAM: replay 0.1566→0.0889 on 1p; merges=0 purges=0 latched=0 → arch [128, 40, 4] (107180→107180 params)
[grown_uncapped_dream] After pass 1 task 2: own=0.0837 (domain 0.0837, task 0.9677)  avg=0.5409 (domain 0.5409, task 0.9829)  arch=[128, 40, 4] params=107180 (trainable 6700)  cum_grows=8 cum_denied=0 cum_purges=0 cum_latched=0

[grown_uncapped_dream] === Pass 1/1 Task 3/15: mnist_4_5 (active [4, 5])  pre-arch=[128, 40, 6] params=107278 (trainable 6798/∞) ===
  [grown_uncapped_dream] task 3/15 (mnist_4_5) epoch 1/8 [settle]  avg_loss 0.4040  last_loss 0.2193  steps 175  arch [128, 40, 6]
  [grown_uncapped_dream] task 3/15 (mnist_4_5) epoch 2/8 [settle]  avg_loss 0.1763  last_loss 0.1471  steps 350  arch [128, 40, 6]
  [grown_uncapped_dream] GROWTH after settle: 4/4 allowed, 0 denied  new arch=[128, 44, 6] params=107850 (trainable 7370)
  [grown_uncapped_dream] task 3/15 (mnist_4_5) epoch 3/8 [post-grow]  avg_loss 0.1317  last_loss 0.1326  steps 175  arch [128, 44, 6]
  [grown_uncapped_dream] task 3/15 (mnist_4_5) epoch 4/8 [post-grow]  avg_loss 0.0987  last_loss 0.0425  steps 350  arch [128, 44, 6]
  [grown_uncapped_dream] task 3/15 (mnist_4_5) epoch 5/8 [post-grow]  avg_loss 0.0795  last_loss 0.0565  steps 525  arch [128, 44, 6]
  [grown_uncapped_dream] task 3/15 (mnist_4_5) epoch 6/8 [post-grow]  avg_loss 0.0683  last_loss 0.0303  steps 700  arch [128, 44, 6]
  [grown_uncapped_dream] task 3/15 (mnist_4_5) epoch 7/8 [post-grow]  avg_loss 0.0633  last_loss 0.0434  steps 875  arch [128, 44, 6]
  [grown_uncapped_dream] task 3/15 (mnist_4_5) epoch 8/8 [post-grow]  avg_loss 0.0583  last_loss 0.0369  steps 1050  arch [128, 44, 6]
  [grown_uncapped_dream] post-task DREAM: replay 0.0017→0.0146 on 1p; merges=0 purges=0 latched=0 → arch [128, 44, 6] (107850→107850 params)
[grown_uncapped_dream] After pass 1 task 3: own=0.0005 (domain 0.0005, task 0.9856)  avg=0.6146 (domain 0.6146, task 0.9836)  arch=[128, 44, 6] params=107850 (trainable 7370)  cum_grows=12 cum_denied=0 cum_purges=0 cum_latched=0

[grown_uncapped_dream] === Pass 1/1 Task 4/15: mnist_6_7 (active [6, 7])  pre-arch=[128, 44, 8] params=107956 (trainable 7476/∞) ===
  [grown_uncapped_dream] task 4/15 (mnist_6_7) epoch 1/8 [settle]  avg_loss 0.2993  last_loss 0.1058  steps 189  arch [128, 44, 8]
  [grown_uncapped_dream] task 4/15 (mnist_6_7) epoch 2/8 [settle]  avg_loss 0.1027  last_loss 0.0517  steps 378  arch [128, 44, 8]
  [grown_uncapped_dream] GROWTH after settle: 4/4 allowed, 0 denied  new arch=[128, 48, 8] params=108536 (trainable 8056)
  [grown_uncapped_dream] task 4/15 (mnist_6_7) epoch 3/8 [post-grow]  avg_loss 0.0658  last_loss 0.0403  steps 189  arch [128, 48, 8]
  [grown_uncapped_dream] task 4/15 (mnist_6_7) epoch 4/8 [post-grow]  avg_loss 0.0432  last_loss 0.0353  steps 378  arch [128, 48, 8]
  [grown_uncapped_dream] task 4/15 (mnist_6_7) epoch 5/8 [post-grow]  avg_loss 0.0307  last_loss 0.0205  steps 567  arch [128, 48, 8]
  [grown_uncapped_dream] task 4/15 (mnist_6_7) epoch 6/8 [post-grow]  avg_loss 0.0238  last_loss 0.0102  steps 756  arch [128, 48, 8]
  [grown_uncapped_dream] task 4/15 (mnist_6_7) epoch 7/8 [post-grow]  avg_loss 0.0198  last_loss 0.0037  steps 945  arch [128, 48, 8]
  [grown_uncapped_dream] task 4/15 (mnist_6_7) epoch 8/8 [post-grow]  avg_loss 0.0175  last_loss 0.0230  steps 1134  arch [128, 48, 8]
  [grown_uncapped_dream] post-task DREAM: replay 0.0138→0.0725 on 1p; merges=0 purges=0 latched=0 → arch [128, 48, 8] (108536→108536 params)
[grown_uncapped_dream] After pass 1 task 4: own=0.0111 (domain 0.0111, task 0.9894)  avg=0.6539 (domain 0.6539, task 0.9832)  arch=[128, 48, 8] params=108536 (trainable 8056)  cum_grows=16 cum_denied=0 cum_purges=0 cum_latched=0

[grown_uncapped_dream] === Pass 1/1 Task 5/15: mnist_8_9 (active [8, 9])  pre-arch=[128, 48, 10] params=108650 (trainable 8170/∞) ===
  [grown_uncapped_dream] task 5/15 (mnist_8_9) epoch 1/8 [settle]  avg_loss 0.3507  last_loss 0.2160  steps 183  arch [128, 48, 10]
  [grown_uncapped_dream] task 5/15 (mnist_8_9) epoch 2/8 [settle]  avg_loss 0.1994  last_loss 0.1625  steps 366  arch [128, 48, 10]
  [grown_uncapped_dream] GROWTH after settle: 4/4 allowed, 0 denied  new arch=[128, 52, 10] params=109238 (trainable 8758)
  [grown_uncapped_dream] task 5/15 (mnist_8_9) epoch 3/8 [post-grow]  avg_loss 0.1596  last_loss 0.0866  steps 183  arch [128, 52, 10]
  [grown_uncapped_dream] task 5/15 (mnist_8_9) epoch 4/8 [post-grow]  avg_loss 0.1261  last_loss 0.1483  steps 366  arch [128, 52, 10]
  [grown_uncapped_dream] task 5/15 (mnist_8_9) epoch 5/8 [post-grow]  avg_loss 0.1048  last_loss 0.1109  steps 549  arch [128, 52, 10]
  [grown_uncapped_dream] task 5/15 (mnist_8_9) epoch 6/8 [post-grow]  avg_loss 0.0915  last_loss 0.1962  steps 732  arch [128, 52, 10]
  [grown_uncapped_dream] task 5/15 (mnist_8_9) epoch 7/8 [post-grow]  avg_loss 0.0840  last_loss 0.0494  steps 915  arch [128, 52, 10]
  [grown_uncapped_dream] task 5/15 (mnist_8_9) epoch 8/8 [post-grow]  avg_loss 0.0793  last_loss 0.1016  steps 1098  arch [128, 52, 10]
  [grown_uncapped_dream] post-task DREAM: replay 0.2084→0.0430 on 1p; merges=0 purges=0 latched=0 → arch [128, 52, 10] (109238→109238 params)
[grown_uncapped_dream] After pass 1 task 5: own=0.0005 (domain 0.0005, task 0.9697)  avg=0.6735 (domain 0.6735, task 0.9804)  arch=[128, 52, 10] params=109238 (trainable 8758)  cum_grows=20 cum_denied=0 cum_purges=0 cum_latched=0

[grown_uncapped_dream] === Pass 1/1 Task 6/15: fashion_mnist_0_1 (active [10, 11])  pre-arch=[128, 52, 12] params=109360 (trainable 8880/∞) ===
  [grown_uncapped_dream] task 6/15 (fashion_mnist_0_1) epoch 1/8 [settle]  avg_loss 0.2644  last_loss 0.1678  steps 186  arch [128, 52, 12]
  [grown_uncapped_dream] task 6/15 (fashion_mnist_0_1) epoch 2/8 [settle]  avg_loss 0.1364  last_loss 0.1567  steps 372  arch [128, 52, 12]
  [grown_uncapped_dream] GROWTH after settle: 4/4 allowed, 0 denied  new arch=[128, 56, 12] params=109956 (trainable 9476)
  [grown_uncapped_dream] task 6/15 (fashion_mnist_0_1) epoch 3/8 [post-grow]  avg_loss 0.1085  last_loss 0.1012  steps 186  arch [128, 56, 12]
  [grown_uncapped_dream] task 6/15 (fashion_mnist_0_1) epoch 4/8 [post-grow]  avg_loss 0.0840  last_loss 0.0631  steps 372  arch [128, 56, 12]
  [grown_uncapped_dream] task 6/15 (fashion_mnist_0_1) epoch 5/8 [post-grow]  avg_loss 0.0708  last_loss 0.0238  steps 558  arch [128, 56, 12]
  [grown_uncapped_dream] task 6/15 (fashion_mnist_0_1) epoch 6/8 [post-grow]  avg_loss 0.0634  last_loss 0.0587  steps 744  arch [128, 56, 12]
  [grown_uncapped_dream] task 6/15 (fashion_mnist_0_1) epoch 7/8 [post-grow]  avg_loss 0.0583  last_loss 0.0433  steps 930  arch [128, 56, 12]
  [grown_uncapped_dream] task 6/15 (fashion_mnist_0_1) epoch 8/8 [post-grow]  avg_loss 0.0554  last_loss 0.0457  steps 1116  arch [128, 56, 12]
  [grown_uncapped_dream] post-task DREAM: replay 0.0201→0.0837 on 2p; merges=0 purges=0 latched=0 → arch [128, 56, 12] (109956→109956 params)
[grown_uncapped_dream] After pass 1 task 6: own=0.0010 (domain 0.9780, task 0.9780)  avg=0.6531 (domain 0.8160, task 0.9776)  arch=[128, 56, 12] params=109956 (trainable 9476)  cum_grows=24 cum_denied=0 cum_purges=0 cum_latched=0

[grown_uncapped_dream] === Pass 1/1 Task 7/15: fashion_mnist_2_3 (active [12, 13])  pre-arch=[128, 56, 14] params=110086 (trainable 9606/∞) ===
  [grown_uncapped_dream] task 7/15 (fashion_mnist_2_3) epoch 1/8 [settle]  avg_loss 0.3289  last_loss 0.2003  steps 186  arch [128, 56, 14]
  [grown_uncapped_dream] task 7/15 (fashion_mnist_2_3) epoch 2/8 [settle]  avg_loss 0.1740  last_loss 0.1580  steps 372  arch [128, 56, 14]
  [grown_uncapped_dream] GROWTH after settle: 4/4 allowed, 0 denied  new arch=[128, 60, 14] params=110690 (trainable 10210)
  [grown_uncapped_dream] task 7/15 (fashion_mnist_2_3) epoch 3/8 [post-grow]  avg_loss 0.1393  last_loss 0.1752  steps 186  arch [128, 60, 14]
  [grown_uncapped_dream] task 7/15 (fashion_mnist_2_3) epoch 4/8 [post-grow]  avg_loss 0.1187  last_loss 0.0905  steps 372  arch [128, 60, 14]
  [grown_uncapped_dream] task 7/15 (fashion_mnist_2_3) epoch 5/8 [post-grow]  avg_loss 0.1091  last_loss 0.0612  steps 558  arch [128, 60, 14]
  [grown_uncapped_dream] task 7/15 (fashion_mnist_2_3) epoch 6/8 [post-grow]  avg_loss 0.1041  last_loss 0.0528  steps 744  arch [128, 60, 14]
  [grown_uncapped_dream] task 7/15 (fashion_mnist_2_3) epoch 7/8 [post-grow]  avg_loss 0.1003  last_loss 0.0803  steps 930  arch [128, 60, 14]
  [grown_uncapped_dream] task 7/15 (fashion_mnist_2_3) epoch 8/8 [post-grow]  avg_loss 0.0977  last_loss 0.0370  steps 1116  arch [128, 60, 14]
  [grown_uncapped_dream] post-task DREAM: replay 0.1331→0.0566 on 2p; merges=0 purges=0 latched=0 → arch [128, 60, 14] (110690→110690 params)
[grown_uncapped_dream] After pass 1 task 7: own=0.0000 (domain 0.0025, task 0.9625)  avg=0.6987 (domain 0.7080, task 0.9740)  arch=[128, 60, 14] params=110690 (trainable 10210)  cum_grows=28 cum_denied=0 cum_purges=0 cum_latched=0

[grown_uncapped_dream] === Pass 1/1 Task 8/15: fashion_mnist_4_5 (active [14, 15])  pre-arch=[128, 60, 16] params=110828 (trainable 10348/∞) ===
  [grown_uncapped_dream] task 8/15 (fashion_mnist_4_5) epoch 1/8 [settle]  avg_loss 0.6549  last_loss 0.1767  steps 186  arch [128, 60, 16]
  [grown_uncapped_dream] task 8/15 (fashion_mnist_4_5) epoch 2/8 [settle]  avg_loss 0.1257  last_loss 0.1180  steps 372  arch [128, 60, 16]
  [grown_uncapped_dream] GROWTH after settle: 4/4 allowed, 0 denied  new arch=[128, 64, 16] params=111440 (trainable 10960)
  [grown_uncapped_dream] task 8/15 (fashion_mnist_4_5) epoch 3/8 [post-grow]  avg_loss 0.0579  last_loss 0.0254  steps 186  arch [128, 64, 16]
  [grown_uncapped_dream] task 8/15 (fashion_mnist_4_5) epoch 4/8 [post-grow]  avg_loss 0.0260  last_loss 0.0100  steps 372  arch [128, 64, 16]
  [grown_uncapped_dream] task 8/15 (fashion_mnist_4_5) epoch 5/8 [post-grow]  avg_loss 0.0149  last_loss 0.0170  steps 558  arch [128, 64, 16]
  [grown_uncapped_dream] task 8/15 (fashion_mnist_4_5) epoch 6/8 [post-grow]  avg_loss 0.0106  last_loss 0.0053  steps 744  arch [128, 64, 16]
  [grown_uncapped_dream] task 8/15 (fashion_mnist_4_5) epoch 7/8 [post-grow]  avg_loss 0.0086  last_loss 0.0018  steps 930  arch [128, 64, 16]
  [grown_uncapped_dream] task 8/15 (fashion_mnist_4_5) epoch 8/8 [post-grow]  avg_loss 0.0071  last_loss 0.0028  steps 1116  arch [128, 64, 16]
  [grown_uncapped_dream] post-task DREAM: replay 0.1051→0.0956 on 2p; merges=0 purges=0 latched=0 → arch [128, 64, 16] (111440→111440 params)
[grown_uncapped_dream] After pass 1 task 8: own=0.0175 (domain 0.3065, task 0.9990)  avg=0.7076 (domain 0.7496, task 0.9773)  arch=[128, 64, 16] params=111440 (trainable 10960)  cum_grows=32 cum_denied=0 cum_purges=0 cum_latched=0

[grown_uncapped_dream] === Pass 1/1 Task 9/15: fashion_mnist_6_7 (active [16, 17])  pre-arch=[128, 64, 18] params=111586 (trainable 11106/∞) ===
  [grown_uncapped_dream] task 9/15 (fashion_mnist_6_7) epoch 1/8 [settle]  avg_loss 0.2885  last_loss 0.0863  steps 186  arch [128, 64, 18]
  [grown_uncapped_dream] task 9/15 (fashion_mnist_6_7) epoch 2/8 [settle]  avg_loss 0.0565  last_loss 0.0703  steps 372  arch [128, 64, 18]
  [grown_uncapped_dream] GROWTH after settle: 4/4 allowed, 0 denied  new arch=[128, 68, 18] params=112206 (trainable 11726)
  [grown_uncapped_dream] task 9/15 (fashion_mnist_6_7) epoch 3/8 [post-grow]  avg_loss 0.0218  last_loss 0.0116  steps 186  arch [128, 68, 18]
  [grown_uncapped_dream] task 9/15 (fashion_mnist_6_7) epoch 4/8 [post-grow]  avg_loss 0.0090  last_loss 0.0025  steps 372  arch [128, 68, 18]
  [grown_uncapped_dream] task 9/15 (fashion_mnist_6_7) epoch 5/8 [post-grow]  avg_loss 0.0057  last_loss 0.0056  steps 558  arch [128, 68, 18]
  [grown_uncapped_dream] task 9/15 (fashion_mnist_6_7) epoch 6/8 [post-grow]  avg_loss 0.0045  last_loss 0.0018  steps 744  arch [128, 68, 18]
  [grown_uncapped_dream] task 9/15 (fashion_mnist_6_7) epoch 7/8 [post-grow]  avg_loss 0.0037  last_loss 0.0221  steps 930  arch [128, 68, 18]
  [grown_uncapped_dream] task 9/15 (fashion_mnist_6_7) epoch 8/8 [post-grow]  avg_loss 0.0032  last_loss 0.0004  steps 1116  arch [128, 68, 18]
  [grown_uncapped_dream] post-task DREAM: replay 0.0018→0.0048 on 2p; merges=0 purges=0 latched=0 → arch [128, 68, 18] (112206→112206 params)
[grown_uncapped_dream] After pass 1 task 9: own=0.0000 (domain 0.0000, task 0.9990)  avg=0.6845 (domain 0.7058, task 0.9773)  arch=[128, 68, 18] params=112206 (trainable 11726)  cum_grows=36 cum_denied=0 cum_purges=0 cum_latched=0

[grown_uncapped_dream] === Pass 1/1 Task 10/15: fashion_mnist_8_9 (active [18, 19])  pre-arch=[128, 68, 20] params=112360 (trainable 11880/∞) ===
  [grown_uncapped_dream] task 10/15 (fashion_mnist_8_9) epoch 1/8 [settle]  avg_loss 0.1961  last_loss 0.1176  steps 187  arch [128, 68, 20]
  [grown_uncapped_dream] task 10/15 (fashion_mnist_8_9) epoch 2/8 [settle]  avg_loss 0.0811  last_loss 0.1427  steps 374  arch [128, 68, 20]
  [grown_uncapped_dream] GROWTH after settle: 4/4 allowed, 0 denied  new arch=[128, 72, 20] params=112988 (trainable 12508)
  [grown_uncapped_dream] task 10/15 (fashion_mnist_8_9) epoch 3/8 [post-grow]  avg_loss 0.0501  last_loss 0.0285  steps 187  arch [128, 72, 20]
  [grown_uncapped_dream] task 10/15 (fashion_mnist_8_9) epoch 4/8 [post-grow]  avg_loss 0.0293  last_loss 0.0836  steps 374  arch [128, 72, 20]
  [grown_uncapped_dream] task 10/15 (fashion_mnist_8_9) epoch 5/8 [post-grow]  avg_loss 0.0209  last_loss 0.0253  steps 561  arch [128, 72, 20]
  [grown_uncapped_dream] task 10/15 (fashion_mnist_8_9) epoch 6/8 [post-grow]  avg_loss 0.0168  last_loss 0.0011  steps 748  arch [128, 72, 20]
  [grown_uncapped_dream] task 10/15 (fashion_mnist_8_9) epoch 7/8 [post-grow]  avg_loss 0.0142  last_loss 0.0087  steps 935  arch [128, 72, 20]
  [grown_uncapped_dream] task 10/15 (fashion_mnist_8_9) epoch 8/8 [post-grow]  avg_loss 0.0130  last_loss 0.0009  steps 1122  arch [128, 72, 20]
  [grown_uncapped_dream] post-task DREAM: replay 0.1073→0.2262 on 2p; merges=0 purges=0 latched=0 → arch [128, 72, 20] (112988→112988 params)
[grown_uncapped_dream] After pass 1 task 10: own=0.0000 (domain 0.0020, task 0.9940)  avg=0.6488 (domain 0.6580, task 0.9772)  arch=[128, 72, 20] params=112988 (trainable 12508)  cum_grows=40 cum_denied=0 cum_purges=0 cum_latched=0

[grown_uncapped_dream] === Pass 1/1 Task 11/15: emnist_letters_0_1 (active [20, 21])  pre-arch=[128, 72, 22] params=113150 (trainable 12670/∞) ===
  [grown_uncapped_dream] task 11/15 (emnist_letters_0_1) epoch 1/8 [settle]  avg_loss 0.5203  last_loss 0.2999  steps 150  arch [128, 72, 22]
  [grown_uncapped_dream] task 11/15 (emnist_letters_0_1) epoch 2/8 [settle]  avg_loss 0.3061  last_loss 0.2860  steps 300  arch [128, 72, 22]
  [grown_uncapped_dream] GROWTH after settle: 4/4 allowed, 0 denied  new arch=[128, 76, 22] params=113786 (trainable 13306)
  [grown_uncapped_dream] task 11/15 (emnist_letters_0_1) epoch 3/8 [post-grow]  avg_loss 0.2506  last_loss 0.1705  steps 150  arch [128, 76, 22]
  [grown_uncapped_dream] task 11/15 (emnist_letters_0_1) epoch 4/8 [post-grow]  avg_loss 0.2172  last_loss 0.1486  steps 300  arch [128, 76, 22]
  [grown_uncapped_dream] task 11/15 (emnist_letters_0_1) epoch 5/8 [post-grow]  avg_loss 0.1961  last_loss 0.1447  steps 450  arch [128, 76, 22]
  [grown_uncapped_dream] task 11/15 (emnist_letters_0_1) epoch 6/8 [post-grow]  avg_loss 0.1816  last_loss 0.0718  steps 600  arch [128, 76, 22]
  [grown_uncapped_dream] task 11/15 (emnist_letters_0_1) epoch 7/8 [post-grow]  avg_loss 0.1724  last_loss 0.2350  steps 750  arch [128, 76, 22]
  [grown_uncapped_dream] task 11/15 (emnist_letters_0_1) epoch 8/8 [post-grow]  avg_loss 0.1665  last_loss 0.3047  steps 900  arch [128, 76, 22]
  [grown_uncapped_dream] post-task DREAM: replay 0.1704→0.1401 on 3p; merges=0 purges=0 latched=0 → arch [128, 76, 22] (113786→113786 params)
[grown_uncapped_dream] After pass 1 task 11: own=0.0063 (domain 0.9413, task 0.9413)  avg=0.6654 (domain 0.7638, task 0.9743)  arch=[128, 76, 22] params=113786 (trainable 13306)  cum_grows=44 cum_denied=0 cum_purges=0 cum_latched=0

[grown_uncapped_dream] === Pass 1/1 Task 12/15: emnist_letters_2_3 (active [22, 23])  pre-arch=[128, 76, 24] params=113956 (trainable 13476/∞) ===
  [grown_uncapped_dream] task 12/15 (emnist_letters_2_3) epoch 1/8 [settle]  avg_loss 0.4715  last_loss 0.2443  steps 150  arch [128, 76, 24]
  [grown_uncapped_dream] task 12/15 (emnist_letters_2_3) epoch 2/8 [settle]  avg_loss 0.2483  last_loss 0.3242  steps 300  arch [128, 76, 24]
  [grown_uncapped_dream] GROWTH after settle: 4/4 allowed, 0 denied  new arch=[128, 80, 24] params=114600 (trainable 14120)
  [grown_uncapped_dream] task 12/15 (emnist_letters_2_3) epoch 3/8 [post-grow]  avg_loss 0.1789  last_loss 0.0606  steps 150  arch [128, 80, 24]
  [grown_uncapped_dream] task 12/15 (emnist_letters_2_3) epoch 4/8 [post-grow]  avg_loss 0.1433  last_loss 0.0502  steps 300  arch [128, 80, 24]
  [grown_uncapped_dream] task 12/15 (emnist_letters_2_3) epoch 5/8 [post-grow]  avg_loss 0.1218  last_loss 0.0381  steps 450  arch [128, 80, 24]
  [grown_uncapped_dream] task 12/15 (emnist_letters_2_3) epoch 6/8 [post-grow]  avg_loss 0.1088  last_loss 0.1007  steps 600  arch [128, 80, 24]
  [grown_uncapped_dream] task 12/15 (emnist_letters_2_3) epoch 7/8 [post-grow]  avg_loss 0.0992  last_loss 0.1623  steps 750  arch [128, 80, 24]
  [grown_uncapped_dream] task 12/15 (emnist_letters_2_3) epoch 8/8 [post-grow]  avg_loss 0.0910  last_loss 0.0850  steps 900  arch [128, 80, 24]
  [grown_uncapped_dream] post-task DREAM: replay 0.0915→0.0423 on 3p; merges=0 purges=0 latched=0 → arch [128, 80, 24] (114600→114600 params)
[grown_uncapped_dream] After pass 1 task 12: own=0.0006 (domain 0.0606, task 0.9531)  avg=0.6384 (domain 0.7084, task 0.9714)  arch=[128, 80, 24] params=114600 (trainable 14120)  cum_grows=48 cum_denied=0 cum_purges=0 cum_latched=0

[grown_uncapped_dream] === Pass 1/1 Task 13/15: emnist_letters_4_5 (active [24, 25])  pre-arch=[128, 80, 26] params=114778 (trainable 14298/∞) ===
  [grown_uncapped_dream] task 13/15 (emnist_letters_4_5) epoch 1/8 [settle]  avg_loss 0.4921  last_loss 0.3175  steps 150  arch [128, 80, 26]
  [grown_uncapped_dream] task 13/15 (emnist_letters_4_5) epoch 2/8 [settle]  avg_loss 0.2826  last_loss 0.1879  steps 300  arch [128, 80, 26]
  [grown_uncapped_dream] GROWTH after settle: 4/4 allowed, 0 denied  new arch=[128, 84, 26] params=115430 (trainable 14950)
  [grown_uncapped_dream] task 13/15 (emnist_letters_4_5) epoch 3/8 [post-grow]  avg_loss 0.2201  last_loss 0.1611  steps 150  arch [128, 84, 26]
  [grown_uncapped_dream] task 13/15 (emnist_letters_4_5) epoch 4/8 [post-grow]  avg_loss 0.1769  last_loss 0.1900  steps 300  arch [128, 84, 26]
  [grown_uncapped_dream] task 13/15 (emnist_letters_4_5) epoch 5/8 [post-grow]  avg_loss 0.1500  last_loss 0.1492  steps 450  arch [128, 84, 26]
  [grown_uncapped_dream] task 13/15 (emnist_letters_4_5) epoch 6/8 [post-grow]  avg_loss 0.1344  last_loss 0.1032  steps 600  arch [128, 84, 26]
  [grown_uncapped_dream] task 13/15 (emnist_letters_4_5) epoch 7/8 [post-grow]  avg_loss 0.1235  last_loss 0.1026  steps 750  arch [128, 84, 26]
  [grown_uncapped_dream] task 13/15 (emnist_letters_4_5) epoch 8/8 [post-grow]  avg_loss 0.1171  last_loss 0.0508  steps 900  arch [128, 84, 26]
  [grown_uncapped_dream] post-task DREAM: replay 0.1344→0.1033 on 3p; merges=0 purges=0 latched=0 → arch [128, 84, 26] (115430→115430 params)
[grown_uncapped_dream] After pass 1 task 13: own=0.0000 (domain 0.0562, task 0.9656)  avg=0.6309 (domain 0.6996, task 0.9674)  arch=[128, 84, 26] params=115430 (trainable 14950)  cum_grows=52 cum_denied=0 cum_purges=0 cum_latched=0

[grown_uncapped_dream] === Pass 1/1 Task 14/15: emnist_letters_6_7 (active [26, 27])  pre-arch=[128, 84, 28] params=115616 (trainable 15136/∞) ===
  [grown_uncapped_dream] task 14/15 (emnist_letters_6_7) epoch 1/8 [settle]  avg_loss 0.5127  last_loss 0.2644  steps 150  arch [128, 84, 28]
  [grown_uncapped_dream] task 14/15 (emnist_letters_6_7) epoch 2/8 [settle]  avg_loss 0.2816  last_loss 0.2480  steps 300  arch [128, 84, 28]
  [grown_uncapped_dream] GROWTH after settle: 4/4 allowed, 0 denied  new arch=[128, 88, 28] params=116276 (trainable 15796)
  [grown_uncapped_dream] task 14/15 (emnist_letters_6_7) epoch 3/8 [post-grow]  avg_loss 0.2112  last_loss 0.2145  steps 150  arch [128, 88, 28]
  [grown_uncapped_dream] task 14/15 (emnist_letters_6_7) epoch 4/8 [post-grow]  avg_loss 0.1699  last_loss 0.1180  steps 300  arch [128, 88, 28]
  [grown_uncapped_dream] task 14/15 (emnist_letters_6_7) epoch 5/8 [post-grow]  avg_loss 0.1470  last_loss 0.1062  steps 450  arch [128, 88, 28]
  [grown_uncapped_dream] task 14/15 (emnist_letters_6_7) epoch 6/8 [post-grow]  avg_loss 0.1320  last_loss 0.2820  steps 600  arch [128, 88, 28]
  [grown_uncapped_dream] task 14/15 (emnist_letters_6_7) epoch 7/8 [post-grow]  avg_loss 0.1188  last_loss 0.1094  steps 750  arch [128, 88, 28]
  [grown_uncapped_dream] task 14/15 (emnist_letters_6_7) epoch 8/8 [post-grow]  avg_loss 0.1115  last_loss 0.0917  steps 900  arch [128, 88, 28]
  [grown_uncapped_dream] post-task DREAM: replay 0.1706→0.0928 on 4p; merges=0 purges=0 latched=0 → arch [128, 88, 28] (116276→116276 params)
[grown_uncapped_dream] After pass 1 task 14: own=0.0012 (domain 0.0200, task 0.9581)  avg=0.6197 (domain 0.6836, task 0.9656)  arch=[128, 88, 28] params=116276 (trainable 15796)  cum_grows=56 cum_denied=0 cum_purges=0 cum_latched=0

[grown_uncapped_dream] === Pass 1/1 Task 15/15: emnist_letters_8_9 (active [28, 29])  pre-arch=[128, 88, 30] params=116470 (trainable 15990/∞) ===
  [grown_uncapped_dream] task 15/15 (emnist_letters_8_9) epoch 1/8 [settle]  avg_loss 0.4443  last_loss 0.3119  steps 150  arch [128, 88, 30]
  [grown_uncapped_dream] task 15/15 (emnist_letters_8_9) epoch 2/8 [settle]  avg_loss 0.2963  last_loss 0.2265  steps 300  arch [128, 88, 30]
  [grown_uncapped_dream] GROWTH after settle: 4/4 allowed, 0 denied  new arch=[128, 92, 30] params=117138 (trainable 16658)
  [grown_uncapped_dream] task 15/15 (emnist_letters_8_9) epoch 3/8 [post-grow]  avg_loss 0.2554  last_loss 0.5007  steps 150  arch [128, 92, 30]
  [grown_uncapped_dream] task 15/15 (emnist_letters_8_9) epoch 4/8 [post-grow]  avg_loss 0.2272  last_loss 0.1304  steps 300  arch [128, 92, 30]
  [grown_uncapped_dream] task 15/15 (emnist_letters_8_9) epoch 5/8 [post-grow]  avg_loss 0.2119  last_loss 0.1176  steps 450  arch [128, 92, 30]
  [grown_uncapped_dream] task 15/15 (emnist_letters_8_9) epoch 6/8 [post-grow]  avg_loss 0.2008  last_loss 0.3954  steps 600  arch [128, 92, 30]
  [grown_uncapped_dream] task 15/15 (emnist_letters_8_9) epoch 7/8 [post-grow]  avg_loss 0.1959  last_loss 0.1168  steps 750  arch [128, 92, 30]
  [grown_uncapped_dream] task 15/15 (emnist_letters_8_9) epoch 8/8 [post-grow]  avg_loss 0.1913  last_loss 0.0518  steps 900  arch [128, 92, 30]
  [grown_uncapped_dream] post-task DREAM: replay 0.1096→0.0875 on 4p; merges=0 purges=0 latched=0 → arch [128, 92, 30] (117138→117138 params)
[grown_uncapped_dream] After pass 1 task 15: own=0.0000 (domain 0.0012, task 0.9269)  avg=0.6035 (domain 0.6680, task 0.9603)  arch=[128, 92, 30] params=117138 (trainable 16658)  cum_grows=60 cum_denied=0 cum_purges=0 cum_latched=0

[grown_uncapped_dream] <<< PASS 1/1 done — full=0.6035  domain=0.6680  task=0.9603

==============================================================================
bench_chained_15task — Final Report
==============================================================================

[grown_uncapped_dream]
  arch:               (128, 32, 2) → (128, 92, 30)
  params total:       105970 → 117138
  params trainable:   5490 → 16658  (cap-relevant)
  cap_bytes:          2_147_483_648  (= 536_870_912 trainable params)
  cum grows allowed:  60
  cum grows denied:   0
  cum dream purges:   0
  cum dream latched:  0
  final acc full:     0.6035  (30-class full-softmax — headline)
  final acc domain:   0.6680  (10-class restricted to dataset group — realistic deployment)
  final acc task:     0.9603  (2-class restricted to binary task — generous diagnostic)
  avg forgetting:     full -0.5665  domain -0.4684  task 0.0132
  wall-clock:         221.6s
  per-phase (full / domain / task):
     phase1_mnist         0.7488  /  0.7808  /  0.9633
     phase2_fashion       0.6967  /  0.7120  /  0.9819
     phase3_emnist        0.3650  /  0.5111  /  0.9356

Headline (full / domain / task across arms):
  grown_uncapped_dream          full 0.6035  domain 0.6680  task 0.9603  (full-forget -0.5665)


==============================================================================
bench_chained_15task — Multi-seed Report (n=3 seeds)
==============================================================================
Seeds: [0, 1, 2]

[grown_uncapped_dream]  (3 seeds)
  final acc full   : 0.5999 ± 0.0038  (n=3)
  final acc domain : 0.6694 ± 0.0018  (n=3)
  final acc task   : 0.9596 ± 0.0007  (n=3)
  forgetting full   : -0.5577 ± 0.0078
  forgetting domain : -0.4757 ± 0.0064
  forgetting task   : +0.0140 ± 0.0008
  per-phase full:
     phase1_mnist           0.7570 ± 0.0076
     phase2_fashion         0.6914 ± 0.0064
     phase3_emnist          0.3514 ± 0.0127
  per-phase domain:
     phase1_mnist           0.7914 ± 0.0097
     phase2_fashion         0.7121 ± 0.0010
     phase3_emnist          0.5049 ± 0.0056
  per-phase task:
     phase1_mnist           0.9665 ± 0.0031
     phase2_fashion         0.9802 ± 0.0022
     phase3_emnist          0.9321 ± 0.0038
  cum grows allowed : 60.00 ± 0.00
  cum grows denied  : 0.00 ± 0.00
  cum dream purges  : 0.00 ± 0.00
  final trainable    : 16658 ± 0

Headline (mean ± std across seeds):
  arm                           full                domain              task              
  grown_uncapped_dream          0.5999±0.0038       0.6694±0.0018       0.9596±0.0007     

Paired σ-differences (arm_a − arm_b across seeds):
  comparison                                        metric        mean Δ      std Δ       σ    n

  log: /home/marcrockhat/trioron-project/outputs/bench_chained_15task_n3_MANIFOLD_REPLAY_all_axes_plastic_multiseed.csv

[all_axes_plastic] returned rc=0
